image_id,official_test_index,label,class_name,model,predicted_label,predicted_class,confidence
stl10/test/00632,632,3,cat,ResNet-50 + linear head,3,cat,0.92678684
stl10/test/00131,131,9,truck,ResNet-50 + linear head,9,truck,0.9606986
stl10/test/07081,7081,7,monkey,ResNet-50 + linear head,7,monkey,0.9503828
stl10/test/01836,1836,9,truck,ResNet-50 + linear head,9,truck,0.8797406
stl10/test/06437,6437,0,airplane,ResNet-50 + linear head,0,airplane,0.8546643
stl10/test/06609,6609,0,airplane,ResNet-50 + linear head,0,airplane,0.95698017
stl10/test/03467,3467,7,monkey,ResNet-50 + linear head,7,monkey,0.91374046
stl10/test/01401,1401,3,cat,ResNet-50 + linear head,3,cat,0.99348867
stl10/test/01839,1839,2,car,ResNet-50 + linear head,2,car,0.9763266
stl10/test/04168,4168,3,cat,ResNet-50 + linear head,3,cat,0.9444432
stl10/test/00035,35,2,car,ResNet-50 + linear head,2,car,0.939758
stl10/test/04177,4177,8,ship,ResNet-50 + linear head,8,ship,0.9881344
stl10/test/07270,7270,7,monkey,ResNet-50 + linear head,7,monkey,0.96532446
stl10/test/02265,2265,5,dog,ResNet-50 + linear head,5,dog,0.78847104
stl10/test/03288,3288,7,monkey,ResNet-50 + linear head,7,monkey,0.82364607
stl10/test/05451,5451,8,ship,ResNet-50 + linear head,8,ship,0.93843913
stl10/test/04023,4023,3,cat,ResNet-50 + linear head,3,cat,0.8988149
stl10/test/00261,261,1,bird,ResNet-50 + linear head,1,bird,0.47387537
stl10/test/04570,4570,5,dog,ResNet-50 + linear head,5,dog,0.78372455
stl10/test/04966,4966,5,dog,ResNet-50 + linear head,5,dog,0.99402606
stl10/test/07955,7955,1,bird,ResNet-50 + linear head,1,bird,0.9936731
stl10/test/06288,6288,4,deer,ResNet-50 + linear head,4,deer,0.96443105
stl10/test/07810,7810,8,ship,ResNet-50 + linear head,8,ship,0.9407147
stl10/test/01927,1927,7,monkey,ResNet-50 + linear head,7,monkey,0.96558404
stl10/test/01871,1871,1,bird,ResNet-50 + linear head,1,bird,0.5469503
stl10/test/06922,6922,5,dog,ResNet-50 + linear head,5,dog,0.9950059
stl10/test/03512,3512,4,deer,ResNet-50 + linear head,4,deer,0.9604873
stl10/test/04754,4754,6,horse,ResNet-50 + linear head,6,horse,0.93882996
stl10/test/00714,714,2,car,ResNet-50 + linear head,2,car,0.9723379
stl10/test/02191,2191,8,ship,ResNet-50 + linear head,8,ship,0.91194916
stl10/test/04615,4615,0,airplane,ResNet-50 + linear head,0,airplane,0.86692023
stl10/test/04662,4662,8,ship,ResNet-50 + linear head,8,ship,0.92484504
stl10/test/05915,5915,9,truck,ResNet-50 + linear head,9,truck,0.94632554
stl10/test/00766,766,4,deer,ResNet-50 + linear head,6,horse,0.9117982
stl10/test/05218,5218,2,car,ResNet-50 + linear head,2,car,0.9115708
stl10/test/02340,2340,8,ship,ResNet-50 + linear head,8,ship,0.91354173
stl10/test/01954,1954,8,ship,ResNet-50 + linear head,8,ship,0.8097873
stl10/test/07875,7875,8,ship,ResNet-50 + linear head,8,ship,0.95145243
stl10/test/03418,3418,6,horse,ResNet-50 + linear head,6,horse,0.90558994
stl10/test/05572,5572,9,truck,ResNet-50 + linear head,9,truck,0.93489313
stl10/test/05977,5977,7,monkey,ResNet-50 + linear head,7,monkey,0.8792293
stl10/test/05123,5123,1,bird,ResNet-50 + linear head,1,bird,0.98133343
stl10/test/05851,5851,9,truck,ResNet-50 + linear head,9,truck,0.95108473
stl10/test/04094,4094,9,truck,ResNet-50 + linear head,9,truck,0.9895159
stl10/test/04254,4254,6,horse,ResNet-50 + linear head,6,horse,0.919094
stl10/test/02501,2501,7,monkey,ResNet-50 + linear head,7,monkey,0.9642465
stl10/test/06938,6938,1,bird,ResNet-50 + linear head,1,bird,0.9924529
stl10/test/00171,171,4,deer,ResNet-50 + linear head,4,deer,0.9659958
stl10/test/04215,4215,3,cat,ResNet-50 + linear head,3,cat,0.72980464
stl10/test/05705,5705,8,ship,ResNet-50 + linear head,8,ship,0.89987075
stl10/test/03458,3458,4,deer,ResNet-50 + linear head,4,deer,0.918411
stl10/test/01220,1220,7,monkey,ResNet-50 + linear head,7,monkey,0.85270315
stl10/test/00962,962,8,ship,ResNet-50 + linear head,8,ship,0.986555
stl10/test/02950,2950,5,dog,ResNet-50 + linear head,5,dog,0.91442573
stl10/test/02623,2623,5,dog,ResNet-50 + linear head,5,dog,0.9381903
stl10/test/04539,4539,0,airplane,ResNet-50 + linear head,0,airplane,0.97619605
stl10/test/01553,1553,0,airplane,ResNet-50 + linear head,0,airplane,0.84168446
stl10/test/04740,4740,4,deer,ResNet-50 + linear head,4,deer,0.802355
stl10/test/06844,6844,0,airplane,ResNet-50 + linear head,0,airplane,0.9313577
stl10/test/02668,2668,7,monkey,ResNet-50 + linear head,7,monkey,0.9171903
stl10/test/03153,3153,7,monkey,ResNet-50 + linear head,7,monkey,0.8539715
stl10/test/05135,5135,4,deer,ResNet-50 + linear head,4,deer,0.930855
stl10/test/02291,2291,3,cat,ResNet-50 + linear head,3,cat,0.88235915
stl10/test/00116,116,1,bird,ResNet-50 + linear head,1,bird,0.9272757
stl10/test/07797,7797,3,cat,ResNet-50 + linear head,3,cat,0.8673744
stl10/test/04609,4609,3,cat,ResNet-50 + linear head,3,cat,0.91560495
stl10/test/00081,81,0,airplane,ResNet-50 + linear head,0,airplane,0.99116725
stl10/test/05580,5580,6,horse,ResNet-50 + linear head,6,horse,0.9963954
stl10/test/03024,3024,2,car,ResNet-50 + linear head,2,car,0.94774866
stl10/test/02766,2766,5,dog,ResNet-50 + linear head,5,dog,0.9741846
stl10/test/05000,5000,8,ship,ResNet-50 + linear head,8,ship,0.8546449
stl10/test/02610,2610,6,horse,ResNet-50 + linear head,6,horse,0.90681684
stl10/test/02024,2024,0,airplane,ResNet-50 + linear head,0,airplane,0.9466633
stl10/test/06097,6097,4,deer,ResNet-50 + linear head,4,deer,0.80950874
stl10/test/00964,964,6,horse,ResNet-50 + linear head,6,horse,0.98954624
stl10/test/07634,7634,0,airplane,ResNet-50 + linear head,0,airplane,0.945517
stl10/test/06434,6434,8,ship,ResNet-50 + linear head,8,ship,0.9355593
stl10/test/05183,5183,2,car,ResNet-50 + linear head,2,car,0.8491867
stl10/test/06986,6986,0,airplane,ResNet-50 + linear head,0,airplane,0.8841787
stl10/test/00645,645,5,dog,ResNet-50 + linear head,5,dog,0.9855064
stl10/test/03347,3347,0,airplane,ResNet-50 + linear head,0,airplane,0.98344016
stl10/test/05677,5677,2,car,ResNet-50 + linear head,2,car,0.97111815
stl10/test/03412,3412,8,ship,ResNet-50 + linear head,8,ship,0.9502834
stl10/test/03937,3937,1,bird,ResNet-50 + linear head,1,bird,0.87687105
stl10/test/00873,873,6,horse,ResNet-50 + linear head,6,horse,0.80621135
stl10/test/02167,2167,9,truck,ResNet-50 + linear head,9,truck,0.86319387
stl10/test/06490,6490,3,cat,ResNet-50 + linear head,3,cat,0.7393311
stl10/test/00738,738,3,cat,ResNet-50 + linear head,3,cat,0.7532172
stl10/test/06616,6616,2,car,ResNet-50 + linear head,2,car,0.9612084
stl10/test/04093,4093,6,horse,ResNet-50 + linear head,6,horse,0.9716652
stl10/test/05788,5788,9,truck,ResNet-50 + linear head,9,truck,0.949641
stl10/test/07818,7818,8,ship,ResNet-50 + linear head,8,ship,0.93552953
stl10/test/00304,304,1,bird,ResNet-50 + linear head,1,bird,0.9921036
stl10/test/02082,2082,2,car,ResNet-50 + linear head,2,car,0.9446733
stl10/test/02746,2746,7,monkey,ResNet-50 + linear head,7,monkey,0.9497582
stl10/test/07944,7944,4,deer,ResNet-50 + linear head,4,deer,0.6888846
stl10/test/06689,6689,8,ship,ResNet-50 + linear head,8,ship,0.89315975
stl10/test/02414,2414,9,truck,ResNet-50 + linear head,9,truck,0.8232825
stl10/test/03779,3779,6,horse,ResNet-50 + linear head,6,horse,0.98038405
stl10/test/02095,2095,1,bird,ResNet-50 + linear head,1,bird,0.94707584
stl10/test/07262,7262,0,airplane,ResNet-50 + linear head,0,airplane,0.97435886
stl10/test/05694,5694,8,ship,ResNet-50 + linear head,8,ship,0.82438326
stl10/test/07413,7413,5,dog,ResNet-50 + linear head,5,dog,0.47917908
stl10/test/06805,6805,1,bird,ResNet-50 + linear head,1,bird,0.7499036
stl10/test/03446,3446,7,monkey,ResNet-50 + linear head,7,monkey,0.9454736
stl10/test/02807,2807,5,dog,ResNet-50 + linear head,4,deer,0.42661202
stl10/test/07940,7940,4,deer,ResNet-50 + linear head,4,deer,0.9122551
stl10/test/04172,4172,7,monkey,ResNet-50 + linear head,7,monkey,0.93180406
stl10/test/07744,7744,3,cat,ResNet-50 + linear head,3,cat,0.71645486
stl10/test/01586,1586,2,car,ResNet-50 + linear head,2,car,0.9864956
stl10/test/07999,7999,8,ship,ResNet-50 + linear head,8,ship,0.94372123
stl10/test/06349,6349,1,bird,ResNet-50 + linear head,1,bird,0.99247783
stl10/test/06594,6594,1,bird,ResNet-50 + linear head,1,bird,0.9569063
stl10/test/02109,2109,8,ship,ResNet-50 + linear head,8,ship,0.93039614
stl10/test/03079,3079,1,bird,ResNet-50 + linear head,1,bird,0.9760107
stl10/test/02070,2070,1,bird,ResNet-50 + linear head,1,bird,0.96511924
stl10/test/00319,319,5,dog,ResNet-50 + linear head,5,dog,0.969813
stl10/test/02888,2888,0,airplane,ResNet-50 + linear head,0,airplane,0.79465675
stl10/test/06224,6224,5,dog,ResNet-50 + linear head,5,dog,0.7640994
stl10/test/03353,3353,5,dog,ResNet-50 + linear head,3,cat,0.85988545
stl10/test/06244,6244,2,car,ResNet-50 + linear head,2,car,0.96955085
stl10/test/04704,4704,7,monkey,ResNet-50 + linear head,7,monkey,0.97566843
stl10/test/02427,2427,5,dog,ResNet-50 + linear head,5,dog,0.831052
stl10/test/07995,7995,9,truck,ResNet-50 + linear head,9,truck,0.8922801
stl10/test/01124,1124,4,deer,ResNet-50 + linear head,4,deer,0.8605684
stl10/test/06733,6733,1,bird,ResNet-50 + linear head,1,bird,0.66123927
stl10/test/02062,2062,9,truck,ResNet-50 + linear head,9,truck,0.9409607
stl10/test/00805,805,9,truck,ResNet-50 + linear head,9,truck,0.9776213
stl10/test/02028,2028,3,cat,ResNet-50 + linear head,3,cat,0.99675494
stl10/test/02392,2392,2,car,ResNet-50 + linear head,2,car,0.97165525
stl10/test/03292,3292,6,horse,ResNet-50 + linear head,6,horse,0.97127926
stl10/test/01440,1440,7,monkey,ResNet-50 + linear head,7,monkey,0.9385873
stl10/test/01115,1115,1,bird,ResNet-50 + linear head,1,bird,0.9894266
stl10/test/04242,4242,8,ship,ResNet-50 + linear head,8,ship,0.9016236
stl10/test/02230,2230,8,ship,ResNet-50 + linear head,8,ship,0.9417344
stl10/test/03163,3163,2,car,ResNet-50 + linear head,2,car,0.9901934
stl10/test/00545,545,6,horse,ResNet-50 + linear head,6,horse,0.55945325
stl10/test/03863,3863,5,dog,ResNet-50 + linear head,5,dog,0.80427444
stl10/test/04748,4748,7,monkey,ResNet-50 + linear head,7,monkey,0.7677834
stl10/test/02399,2399,4,deer,ResNet-50 + linear head,4,deer,0.7960028
stl10/test/04341,4341,6,horse,ResNet-50 + linear head,6,horse,0.9818357
stl10/test/03078,3078,4,deer,ResNet-50 + linear head,4,deer,0.94973487
stl10/test/03763,3763,4,deer,ResNet-50 + linear head,4,deer,0.86618525
stl10/test/02958,2958,6,horse,ResNet-50 + linear head,6,horse,0.9462624
stl10/test/06381,6381,6,horse,ResNet-50 + linear head,6,horse,0.76525235
stl10/test/01640,1640,8,ship,ResNet-50 + linear head,8,ship,0.8828444
stl10/test/01783,1783,8,ship,ResNet-50 + linear head,8,ship,0.9757799
stl10/test/03914,3914,3,cat,ResNet-50 + linear head,3,cat,0.958821
stl10/test/01534,1534,6,horse,ResNet-50 + linear head,6,horse,0.9645756
stl10/test/00685,685,5,dog,ResNet-50 + linear head,5,dog,0.97229195
stl10/test/04617,4617,0,airplane,ResNet-50 + linear head,0,airplane,0.9641636
stl10/test/05508,5508,9,truck,ResNet-50 + linear head,9,truck,0.97785974
stl10/test/01022,1022,9,truck,ResNet-50 + linear head,9,truck,0.9935999
stl10/test/01230,1230,1,bird,ResNet-50 + linear head,1,bird,0.7063752
stl10/test/07475,7475,4,deer,ResNet-50 + linear head,4,deer,0.8212006
stl10/test/05756,5756,2,car,ResNet-50 + linear head,2,car,0.99691856
stl10/test/03122,3122,4,deer,ResNet-50 + linear head,4,deer,0.892308
stl10/test/07202,7202,1,bird,ResNet-50 + linear head,1,bird,0.752395
stl10/test/04723,4723,9,truck,ResNet-50 + linear head,9,truck,0.95061153
stl10/test/01552,1552,5,dog,ResNet-50 + linear head,5,dog,0.8448897
stl10/test/00603,603,9,truck,ResNet-50 + linear head,9,truck,0.7567386
stl10/test/02861,2861,3,cat,ResNet-50 + linear head,3,cat,0.96585834
stl10/test/06426,6426,2,car,ResNet-50 + linear head,2,car,0.99284995
stl10/test/07864,7864,4,deer,ResNet-50 + linear head,4,deer,0.8484698
stl10/test/05729,5729,6,horse,ResNet-50 + linear head,6,horse,0.9725841
stl10/test/07474,7474,5,dog,ResNet-50 + linear head,5,dog,0.941909
stl10/test/04298,4298,1,bird,ResNet-50 + linear head,1,bird,0.98998266
stl10/test/01175,1175,0,airplane,ResNet-50 + linear head,0,airplane,0.9652893
stl10/test/03454,3454,2,car,ResNet-50 + linear head,2,car,0.9582253
stl10/test/02754,2754,3,cat,ResNet-50 + linear head,3,cat,0.82678926
stl10/test/00855,855,4,deer,ResNet-50 + linear head,4,deer,0.7991806
stl10/test/02854,2854,7,monkey,ResNet-50 + linear head,7,monkey,0.9494185
stl10/test/05092,5092,1,bird,ResNet-50 + linear head,1,bird,0.98653907
stl10/test/05590,5590,9,truck,ResNet-50 + linear head,9,truck,0.94075114
stl10/test/04463,4463,3,cat,ResNet-50 + linear head,3,cat,0.97538304
stl10/test/05318,5318,2,car,ResNet-50 + linear head,2,car,0.9924946
stl10/test/03515,3515,6,horse,ResNet-50 + linear head,6,horse,0.7478347
stl10/test/04642,4642,4,deer,ResNet-50 + linear head,4,deer,0.94204783
stl10/test/00852,852,9,truck,ResNet-50 + linear head,9,truck,0.96216536
stl10/test/01247,1247,8,ship,ResNet-50 + linear head,8,ship,0.97023374
stl10/test/07084,7084,2,car,ResNet-50 + linear head,2,car,0.99197465
stl10/test/05301,5301,9,truck,ResNet-50 + linear head,9,truck,0.96984035
stl10/test/05082,5082,6,horse,ResNet-50 + linear head,6,horse,0.80052257
stl10/test/05077,5077,4,deer,ResNet-50 + linear head,4,deer,0.93003005
stl10/test/01563,1563,3,cat,ResNet-50 + linear head,3,cat,0.63981146
stl10/test/00029,29,7,monkey,ResNet-50 + linear head,7,monkey,0.98865664
stl10/test/03867,3867,7,monkey,ResNet-50 + linear head,7,monkey,0.95443213
stl10/test/04620,4620,6,horse,ResNet-50 + linear head,6,horse,0.9979533
stl10/test/04065,4065,2,car,ResNet-50 + linear head,2,car,0.98174864
stl10/test/01095,1095,5,dog,ResNet-50 + linear head,5,dog,0.8633482
stl10/test/04229,4229,3,cat,ResNet-50 + linear head,3,cat,0.91809124
stl10/test/03562,3562,3,cat,ResNet-50 + linear head,3,cat,0.90964305
stl10/test/02342,2342,8,ship,ResNet-50 + linear head,8,ship,0.9761035
stl10/test/01667,1667,6,horse,ResNet-50 + linear head,6,horse,0.9395532
stl10/test/07033,7033,1,bird,ResNet-50 + linear head,1,bird,0.9819865
stl10/test/01771,1771,7,monkey,ResNet-50 + linear head,7,monkey,0.58862275
stl10/test/03157,3157,8,ship,ResNet-50 + linear head,8,ship,0.9751031
stl10/test/03851,3851,3,cat,ResNet-50 + linear head,3,cat,0.96693325
stl10/test/01287,1287,7,monkey,ResNet-50 + linear head,7,monkey,0.89115113
stl10/test/07320,7320,0,airplane,ResNet-50 + linear head,0,airplane,0.9809396
stl10/test/07600,7600,6,horse,ResNet-50 + linear head,6,horse,0.994562
stl10/test/03852,3852,5,dog,ResNet-50 + linear head,5,dog,0.83669275
stl10/test/00269,269,7,monkey,ResNet-50 + linear head,7,monkey,0.96198475
stl10/test/01703,1703,7,monkey,ResNet-50 + linear head,7,monkey,0.7463852
stl10/test/07776,7776,5,dog,ResNet-50 + linear head,5,dog,0.9034464
stl10/test/03891,3891,4,deer,ResNet-50 + linear head,4,deer,0.9335223
stl10/test/07009,7009,0,airplane,ResNet-50 + linear head,0,airplane,0.920774
stl10/test/04893,4893,0,airplane,ResNet-50 + linear head,0,airplane,0.9417613
stl10/test/02351,2351,9,truck,ResNet-50 + linear head,9,truck,0.9374598
stl10/test/03550,3550,1,bird,ResNet-50 + linear head,1,bird,0.8444599
stl10/test/05719,5719,7,monkey,ResNet-50 + linear head,7,monkey,0.86414945
stl10/test/01884,1884,7,monkey,ResNet-50 + linear head,7,monkey,0.9373224
stl10/test/02898,2898,4,deer,ResNet-50 + linear head,4,deer,0.9282332
stl10/test/04640,4640,1,bird,ResNet-50 + linear head,1,bird,0.7296945
stl10/test/07610,7610,4,deer,ResNet-50 + linear head,4,deer,0.8811353
stl10/test/01833,1833,8,ship,ResNet-50 + linear head,8,ship,0.799357
stl10/test/06455,6455,0,airplane,ResNet-50 + linear head,0,airplane,0.9038
stl10/test/03893,3893,9,truck,ResNet-50 + linear head,9,truck,0.963479
stl10/test/04731,4731,6,horse,ResNet-50 + linear head,6,horse,0.9138225
stl10/test/00929,929,6,horse,ResNet-50 + linear head,6,horse,0.8628645
stl10/test/03962,3962,6,horse,ResNet-50 + linear head,6,horse,0.95990425
stl10/test/03778,3778,3,cat,ResNet-50 + linear head,3,cat,0.6188876
stl10/test/01429,1429,4,deer,ResNet-50 + linear head,4,deer,0.84270126
stl10/test/00049,49,2,car,ResNet-50 + linear head,2,car,0.9271984
stl10/test/00276,276,9,truck,ResNet-50 + linear head,9,truck,0.97772175
stl10/test/06076,6076,1,bird,ResNet-50 + linear head,1,bird,0.9757815
stl10/test/01389,1389,0,airplane,ResNet-50 + linear head,0,airplane,0.9163086
stl10/test/03362,3362,2,car,ResNet-50 + linear head,2,car,0.9400453
stl10/test/00317,317,2,car,ResNet-50 + linear head,2,car,0.9629938
stl10/test/04675,4675,0,airplane,ResNet-50 + linear head,0,airplane,0.92827964
stl10/test/05924,5924,5,dog,ResNet-50 + linear head,5,dog,0.9180618
stl10/test/00198,198,1,bird,ResNet-50 + linear head,1,bird,0.9625743
stl10/test/07779,7779,6,horse,ResNet-50 + linear head,6,horse,0.98822206
stl10/test/04054,4054,4,deer,ResNet-50 + linear head,4,deer,0.94324064
stl10/test/05556,5556,4,deer,ResNet-50 + linear head,4,deer,0.8766826
stl10/test/02687,2687,1,bird,ResNet-50 + linear head,1,bird,0.99828136
stl10/test/01202,1202,2,car,ResNet-50 + linear head,2,car,0.9049044
stl10/test/00097,97,5,dog,ResNet-50 + linear head,5,dog,0.7063443
stl10/test/06033,6033,4,deer,ResNet-50 + linear head,4,deer,0.92079943
stl10/test/01711,1711,7,monkey,ResNet-50 + linear head,7,monkey,0.93449175
stl10/test/01430,1430,9,truck,ResNet-50 + linear head,9,truck,0.9378344
stl10/test/00739,739,8,ship,ResNet-50 + linear head,8,ship,0.94008356
stl10/test/03491,3491,1,bird,ResNet-50 + linear head,1,bird,0.9765331
stl10/test/01568,1568,1,bird,ResNet-50 + linear head,1,bird,0.75925153
stl10/test/01211,1211,4,deer,ResNet-50 + linear head,4,deer,0.7710027
stl10/test/04913,4913,2,car,ResNet-50 + linear head,2,car,0.9682617
stl10/test/02502,2502,2,car,ResNet-50 + linear head,2,car,0.91909856
stl10/test/02539,2539,3,cat,ResNet-50 + linear head,3,cat,0.991623
stl10/test/00979,979,3,cat,ResNet-50 + linear head,3,cat,0.9980106
stl10/test/06354,6354,2,car,ResNet-50 + linear head,2,car,0.99210817
stl10/test/04735,4735,2,car,ResNet-50 + linear head,2,car,0.90317774
stl10/test/05912,5912,0,airplane,ResNet-50 + linear head,0,airplane,0.9946861
stl10/test/03844,3844,6,horse,ResNet-50 + linear head,6,horse,0.970518
stl10/test/01263,1263,3,cat,ResNet-50 + linear head,3,cat,0.87363505
stl10/test/03404,3404,7,monkey,ResNet-50 + linear head,7,monkey,0.8870536
stl10/test/03905,3905,8,ship,ResNet-50 + linear head,8,ship,0.80699366
stl10/test/01596,1596,0,airplane,ResNet-50 + linear head,0,airplane,0.8115033
stl10/test/03083,3083,0,airplane,ResNet-50 + linear head,0,airplane,0.91585237
stl10/test/02003,2003,6,horse,ResNet-50 + linear head,6,horse,0.9870756
stl10/test/05030,5030,2,car,ResNet-50 + linear head,2,car,0.9379895
stl10/test/00095,95,1,bird,ResNet-50 + linear head,1,bird,0.9882067
stl10/test/02757,2757,4,deer,ResNet-50 + linear head,4,deer,0.8868133
stl10/test/03413,3413,1,bird,ResNet-50 + linear head,1,bird,0.9961134
stl10/test/05488,5488,1,bird,ResNet-50 + linear head,7,monkey,0.86614114
stl10/test/04827,4827,6,horse,ResNet-50 + linear head,6,horse,0.9937051
stl10/test/01877,1877,5,dog,ResNet-50 + linear head,5,dog,0.8483023
stl10/test/02157,2157,1,bird,ResNet-50 + linear head,1,bird,0.99831057
stl10/test/04821,4821,3,cat,ResNet-50 + linear head,3,cat,0.95461524
stl10/test/04953,4953,5,dog,ResNet-50 + linear head,5,dog,0.8884232
stl10/test/05525,5525,8,ship,ResNet-50 + linear head,8,ship,0.94078696
stl10/test/05381,5381,5,dog,ResNet-50 + linear head,5,dog,0.77163935
stl10/test/00672,672,3,cat,ResNet-50 + linear head,3,cat,0.9901008
stl10/test/00323,323,7,monkey,ResNet-50 + linear head,7,monkey,0.96267706
stl10/test/05436,5436,7,monkey,ResNet-50 + linear head,7,monkey,0.7712419
stl10/test/05450,5450,7,monkey,ResNet-50 + linear head,7,monkey,0.9084247
stl10/test/06358,6358,5,dog,ResNet-50 + linear head,5,dog,0.8356598
stl10/test/00372,372,3,cat,ResNet-50 + linear head,3,cat,0.9959805
stl10/test/00378,378,5,dog,ResNet-50 + linear head,5,dog,0.9180766
stl10/test/07706,7706,5,dog,ResNet-50 + linear head,5,dog,0.90889055
stl10/test/02178,2178,1,bird,ResNet-50 + linear head,1,bird,0.999668
stl10/test/05237,5237,2,car,ResNet-50 + linear head,2,car,0.8661451
stl10/test/05478,5478,0,airplane,ResNet-50 + linear head,0,airplane,0.7898863
stl10/test/05452,5452,9,truck,ResNet-50 + linear head,9,truck,0.95492834
stl10/test/05623,5623,4,deer,ResNet-50 + linear head,4,deer,0.68689466
stl10/test/06772,6772,7,monkey,ResNet-50 + linear head,7,monkey,0.88011235
stl10/test/01111,1111,4,deer,ResNet-50 + linear head,4,deer,0.7790626
stl10/test/05528,5528,3,cat,ResNet-50 + linear head,5,dog,0.7596444
stl10/test/03777,3777,6,horse,ResNet-50 + linear head,6,horse,0.92044026
stl10/test/02458,2458,5,dog,ResNet-50 + linear head,5,dog,0.9513134
stl10/test/04921,4921,2,car,ResNet-50 + linear head,2,car,0.98756194
stl10/test/03015,3015,8,ship,ResNet-50 + linear head,8,ship,0.9837198
stl10/test/07476,7476,8,ship,ResNet-50 + linear head,8,ship,0.95899016
stl10/test/01520,1520,2,car,ResNet-50 + linear head,2,car,0.95438784
stl10/test/06713,6713,6,horse,ResNet-50 + linear head,6,horse,0.8150232
stl10/test/01852,1852,1,bird,ResNet-50 + linear head,1,bird,0.99793303
stl10/test/02268,2268,5,dog,ResNet-50 + linear head,5,dog,0.91962713
stl10/test/00151,151,8,ship,ResNet-50 + linear head,8,ship,0.84969354
stl10/test/00890,890,6,horse,ResNet-50 + linear head,6,horse,0.9165795
stl10/test/00825,825,1,bird,ResNet-50 + linear head,1,bird,0.94494003
stl10/test/02536,2536,3,cat,ResNet-50 + linear head,3,cat,0.9734282
stl10/test/00470,470,2,car,ResNet-50 + linear head,2,car,0.92586416
stl10/test/05256,5256,1,bird,ResNet-50 + linear head,1,bird,0.9632744
stl10/test/02011,2011,9,truck,ResNet-50 + linear head,9,truck,0.9490811
stl10/test/07150,7150,0,airplane,ResNet-50 + linear head,0,airplane,0.9022304
stl10/test/00449,449,6,horse,ResNet-50 + linear head,6,horse,0.9804119
stl10/test/02704,2704,4,deer,ResNet-50 + linear head,4,deer,0.8684469
stl10/test/03437,3437,0,airplane,ResNet-50 + linear head,0,airplane,0.98910344
stl10/test/03375,3375,3,cat,ResNet-50 + linear head,3,cat,0.7303563
stl10/test/04552,4552,8,ship,ResNet-50 + linear head,8,ship,0.84305227
stl10/test/00920,920,6,horse,ResNet-50 + linear head,6,horse,0.91896516
stl10/test/02242,2242,0,airplane,ResNet-50 + linear head,0,airplane,0.98485667
stl10/test/02745,2745,8,ship,ResNet-50 + linear head,8,ship,0.9768132
stl10/test/01032,1032,7,monkey,ResNet-50 + linear head,7,monkey,0.943282
stl10/test/00365,365,3,cat,ResNet-50 + linear head,3,cat,0.83454025
stl10/test/04850,4850,5,dog,ResNet-50 + linear head,5,dog,0.99294007
stl10/test/04819,4819,0,airplane,ResNet-50 + linear head,0,airplane,0.99316365
stl10/test/07338,7338,6,horse,ResNet-50 + linear head,6,horse,0.9979388
stl10/test/07372,7372,0,airplane,ResNet-50 + linear head,0,airplane,0.81853443
stl10/test/01090,1090,1,bird,ResNet-50 + linear head,1,bird,0.93236476
stl10/test/05062,5062,4,deer,ResNet-50 + linear head,4,deer,0.96892136
stl10/test/00981,981,2,car,ResNet-50 + linear head,2,car,0.94537324
stl10/test/05857,5857,6,horse,ResNet-50 + linear head,4,deer,0.5510581
stl10/test/01986,1986,1,bird,ResNet-50 + linear head,1,bird,0.7915315
stl10/test/05560,5560,1,bird,ResNet-50 + linear head,1,bird,0.38108352
stl10/test/01814,1814,2,car,ResNet-50 + linear head,2,car,0.90739745
stl10/test/00194,194,8,ship,ResNet-50 + linear head,8,ship,0.96237475
stl10/test/01993,1993,1,bird,ResNet-50 + linear head,1,bird,0.9982809
stl10/test/05333,5333,2,car,ResNet-50 + linear head,2,car,0.9526597
stl10/test/04311,4311,8,ship,ResNet-50 + linear head,8,ship,0.9672769
stl10/test/07425,7425,2,car,ResNet-50 + linear head,2,car,0.99422824
stl10/test/03889,3889,5,dog,ResNet-50 + linear head,5,dog,0.95089173
stl10/test/04308,4308,7,monkey,ResNet-50 + linear head,7,monkey,0.96308464
stl10/test/01960,1960,4,deer,ResNet-50 + linear head,4,deer,0.54402274
stl10/test/04399,4399,0,airplane,ResNet-50 + linear head,0,airplane,0.9599641
stl10/test/03191,3191,6,horse,ResNet-50 + linear head,6,horse,0.79077214
stl10/test/01626,1626,5,dog,ResNet-50 + linear head,5,dog,0.9471437
stl10/test/00176,176,3,cat,ResNet-50 + linear head,3,cat,0.9887475
stl10/test/07726,7726,6,horse,ResNet-50 + linear head,6,horse,0.9929067
stl10/test/02334,2334,5,dog,ResNet-50 + linear head,5,dog,0.97296655
stl10/test/01648,1648,0,airplane,ResNet-50 + linear head,0,airplane,0.8534285
stl10/test/06084,6084,7,monkey,ResNet-50 + linear head,7,monkey,0.86989826
stl10/test/03455,3455,0,airplane,ResNet-50 + linear head,0,airplane,0.91813284
stl10/test/01468,1468,9,truck,ResNet-50 + linear head,9,truck,0.9310372
stl10/test/01296,1296,7,monkey,ResNet-50 + linear head,7,monkey,0.94263923
stl10/test/05213,5213,4,deer,ResNet-50 + linear head,4,deer,0.8952326
stl10/test/07047,7047,9,truck,ResNet-50 + linear head,9,truck,0.9424462
stl10/test/05360,5360,9,truck,ResNet-50 + linear head,9,truck,0.9812687
stl10/test/05824,5824,2,car,ResNet-50 + linear head,2,car,0.98468924
stl10/test/07460,7460,8,ship,ResNet-50 + linear head,8,ship,0.80815536
stl10/test/04791,4791,7,monkey,ResNet-50 + linear head,7,monkey,0.9280623
stl10/test/06692,6692,2,car,ResNet-50 + linear head,2,car,0.91551167
stl10/test/06931,6931,9,truck,ResNet-50 + linear head,9,truck,0.8529482
stl10/test/00667,667,8,ship,ResNet-50 + linear head,8,ship,0.965054
stl10/test/07781,7781,6,horse,ResNet-50 + linear head,6,horse,0.9662053
stl10/test/07793,7793,3,cat,ResNet-50 + linear head,5,dog,0.8276801
stl10/test/01411,1411,9,truck,ResNet-50 + linear head,9,truck,0.9392276
stl10/test/01473,1473,7,monkey,ResNet-50 + linear head,7,monkey,0.85056275
stl10/test/07130,7130,5,dog,ResNet-50 + linear head,5,dog,0.8258491
stl10/test/01956,1956,7,monkey,ResNet-50 + linear head,3,cat,0.7271767
stl10/test/06716,6716,5,dog,ResNet-50 + linear head,5,dog,0.7780271
stl10/test/04106,4106,5,dog,ResNet-50 + linear head,5,dog,0.84773463
stl10/test/03494,3494,6,horse,ResNet-50 + linear head,6,horse,0.9994742
stl10/test/00691,691,4,deer,ResNet-50 + linear head,4,deer,0.95794606
stl10/test/05220,5220,1,bird,ResNet-50 + linear head,3,cat,0.43902
stl10/test/04908,4908,3,cat,ResNet-50 + linear head,3,cat,0.94551224
stl10/test/07029,7029,1,bird,ResNet-50 + linear head,1,bird,0.81255513
stl10/test/04130,4130,0,airplane,ResNet-50 + linear head,0,airplane,0.9856582
stl10/test/07938,7938,9,truck,ResNet-50 + linear head,9,truck,0.9852476
stl10/test/05101,5101,5,dog,ResNet-50 + linear head,5,dog,0.9368333
stl10/test/01515,1515,9,truck,ResNet-50 + linear head,9,truck,0.9544513
stl10/test/03287,3287,4,deer,ResNet-50 + linear head,4,deer,0.98581845
stl10/test/00716,716,8,ship,ResNet-50 + linear head,8,ship,0.7056206
stl10/test/04236,4236,7,monkey,ResNet-50 + linear head,7,monkey,0.8882977
stl10/test/05408,5408,6,horse,ResNet-50 + linear head,6,horse,0.6388762
stl10/test/05496,5496,5,dog,ResNet-50 + linear head,5,dog,0.95588124
stl10/test/03365,3365,4,deer,ResNet-50 + linear head,4,deer,0.8050142
stl10/test/04323,4323,3,cat,ResNet-50 + linear head,3,cat,0.9723388
stl10/test/05467,5467,4,deer,ResNet-50 + linear head,4,deer,0.7865682
stl10/test/01644,1644,5,dog,ResNet-50 + linear head,5,dog,0.90700656
stl10/test/03948,3948,8,ship,ResNet-50 + linear head,8,ship,0.9440949
stl10/test/06726,6726,7,monkey,ResNet-50 + linear head,7,monkey,0.9320825
stl10/test/05395,5395,2,car,ResNet-50 + linear head,2,car,0.99554646
stl10/test/01579,1579,7,monkey,ResNet-50 + linear head,7,monkey,0.92519164
stl10/test/05918,5918,0,airplane,ResNet-50 + linear head,0,airplane,0.97822875
stl10/test/07041,7041,5,dog,ResNet-50 + linear head,5,dog,0.92149097
stl10/test/00506,506,4,deer,ResNet-50 + linear head,4,deer,0.7751536
stl10/test/04011,4011,6,horse,ResNet-50 + linear head,6,horse,0.99911803
stl10/test/05981,5981,9,truck,ResNet-50 + linear head,9,truck,0.96462494
stl10/test/00409,409,2,car,ResNet-50 + linear head,2,car,0.9955148
stl10/test/06954,6954,1,bird,ResNet-50 + linear head,1,bird,0.9789974
stl10/test/07555,7555,6,horse,ResNet-50 + linear head,6,horse,0.9776529
stl10/test/03965,3965,0,airplane,ResNet-50 + linear head,0,airplane,0.8207265
stl10/test/07266,7266,9,truck,ResNet-50 + linear head,9,truck,0.8927103
stl10/test/04785,4785,0,airplane,ResNet-50 + linear head,0,airplane,0.7020643
stl10/test/06028,6028,2,car,ResNet-50 + linear head,2,car,0.97786474
stl10/test/06503,6503,2,car,ResNet-50 + linear head,2,car,0.96038294
stl10/test/06414,6414,5,dog,ResNet-50 + linear head,5,dog,0.83964294
stl10/test/05382,5382,6,horse,ResNet-50 + linear head,6,horse,0.89074206
stl10/test/06836,6836,1,bird,ResNet-50 + linear head,1,bird,0.6710339
stl10/test/06508,6508,4,deer,ResNet-50 + linear head,4,deer,0.95296
stl10/test/03994,3994,4,deer,ResNet-50 + linear head,4,deer,0.946668
stl10/test/03942,3942,9,truck,ResNet-50 + linear head,9,truck,0.89120823
stl10/test/03542,3542,7,monkey,ResNet-50 + linear head,7,monkey,0.94511145
stl10/test/06952,6952,3,cat,ResNet-50 + linear head,3,cat,0.99693286
stl10/test/04290,4290,5,dog,ResNet-50 + linear head,5,dog,0.39641115
stl10/test/07446,7446,8,ship,ResNet-50 + linear head,8,ship,0.9581867
stl10/test/06169,6169,1,bird,ResNet-50 + linear head,1,bird,0.8416897
stl10/test/01109,1109,1,bird,ResNet-50 + linear head,1,bird,0.9989931
stl10/test/03179,3179,4,deer,ResNet-50 + linear head,4,deer,0.92588675
stl10/test/07835,7835,7,monkey,ResNet-50 + linear head,7,monkey,0.95560193
stl10/test/07390,7390,1,bird,ResNet-50 + linear head,1,bird,0.8218366
stl10/test/00568,568,5,dog,ResNet-50 + linear head,5,dog,0.81910044
stl10/test/04629,4629,4,deer,ResNet-50 + linear head,4,deer,0.96922773
stl10/test/07138,7138,8,ship,ResNet-50 + linear head,8,ship,0.9280461
stl10/test/05284,5284,9,truck,ResNet-50 + linear head,9,truck,0.95499843
stl10/test/00003,3,0,airplane,ResNet-50 + linear head,0,airplane,0.7678812
stl10/test/02690,2690,1,bird,ResNet-50 + linear head,1,bird,0.9355451
stl10/test/05858,5858,6,horse,ResNet-50 + linear head,6,horse,0.72297037
stl10/test/01266,1266,4,deer,ResNet-50 + linear head,4,deer,0.85478336
stl10/test/03034,3034,4,deer,ResNet-50 + linear head,4,deer,0.97582906
stl10/test/02655,2655,9,truck,ResNet-50 + linear head,9,truck,0.9729471
stl10/test/06190,6190,7,monkey,ResNet-50 + linear head,7,monkey,0.9318846
stl10/test/04170,4170,8,ship,ResNet-50 + linear head,8,ship,0.8995892
stl10/test/07380,7380,9,truck,ResNet-50 + linear head,9,truck,0.9394292
stl10/test/07752,7752,9,truck,ResNet-50 + linear head,9,truck,0.87071687
stl10/test/03996,3996,9,truck,ResNet-50 + linear head,9,truck,0.8211915
stl10/test/01204,1204,3,cat,ResNet-50 + linear head,3,cat,0.9890878
stl10/test/01654,1654,9,truck,ResNet-50 + linear head,9,truck,0.9177488
stl10/test/04746,4746,6,horse,ResNet-50 + linear head,6,horse,0.7933712
stl10/test/04590,4590,3,cat,ResNet-50 + linear head,3,cat,0.9158572
stl10/test/00562,562,0,airplane,ResNet-50 + linear head,0,airplane,0.99658525
stl10/test/07108,7108,6,horse,ResNet-50 + linear head,6,horse,0.8801821
stl10/test/05999,5999,0,airplane,ResNet-50 + linear head,0,airplane,0.9837177
stl10/test/01403,1403,2,car,ResNet-50 + linear head,2,car,0.98997295
stl10/test/04403,4403,7,monkey,ResNet-50 + linear head,7,monkey,0.944883
stl10/test/06332,6332,2,car,ResNet-50 + linear head,2,car,0.9413385
stl10/test/06264,6264,2,car,ResNet-50 + linear head,2,car,0.9866042
stl10/test/00303,303,9,truck,ResNet-50 + linear head,9,truck,0.94258606
stl10/test/00791,791,3,cat,ResNet-50 + linear head,3,cat,0.8485614
stl10/test/03067,3067,2,car,ResNet-50 + linear head,2,car,0.91223496
stl10/test/00484,484,0,airplane,ResNet-50 + linear head,0,airplane,0.7272284
stl10/test/01370,1370,3,cat,ResNet-50 + linear head,3,cat,0.95908266
stl10/test/04069,4069,8,ship,ResNet-50 + linear head,8,ship,0.47826552
stl10/test/07373,7373,0,airplane,ResNet-50 + linear head,0,airplane,0.76836586
stl10/test/04330,4330,3,cat,ResNet-50 + linear head,3,cat,0.7456641
stl10/test/05701,5701,5,dog,ResNet-50 + linear head,5,dog,0.84097743
stl10/test/07465,7465,0,airplane,ResNet-50 + linear head,0,airplane,0.9349547
stl10/test/01531,1531,3,cat,ResNet-50 + linear head,3,cat,0.54108
stl10/test/04676,4676,8,ship,ResNet-50 + linear head,8,ship,0.98756146
stl10/test/04531,4531,3,cat,ResNet-50 + linear head,3,cat,0.8569519
stl10/test/00706,706,8,ship,ResNet-50 + linear head,8,ship,0.96424806
stl10/test/02844,2844,8,ship,ResNet-50 + linear head,8,ship,0.93185383
stl10/test/03755,3755,2,car,ResNet-50 + linear head,2,car,0.9863382
stl10/test/05848,5848,7,monkey,ResNet-50 + linear head,7,monkey,0.87767446
stl10/test/02114,2114,9,truck,ResNet-50 + linear head,9,truck,0.83736086
stl10/test/03876,3876,0,airplane,ResNet-50 + linear head,0,airplane,0.9248086
stl10/test/00677,677,3,cat,ResNet-50 + linear head,3,cat,0.81576383
stl10/test/02116,2116,1,bird,ResNet-50 + linear head,3,cat,0.9846764
stl10/test/04661,4661,7,monkey,ResNet-50 + linear head,7,monkey,0.93585664
stl10/test/02676,2676,6,horse,ResNet-50 + linear head,6,horse,0.9802274
stl10/test/03025,3025,0,airplane,ResNet-50 + linear head,0,airplane,0.9005006
stl10/test/04449,4449,9,truck,ResNet-50 + linear head,9,truck,0.95237005
stl10/test/00977,977,6,horse,ResNet-50 + linear head,6,horse,0.97458524
stl10/test/04990,4990,8,ship,ResNet-50 + linear head,8,ship,0.94356513
stl10/test/07309,7309,0,airplane,ResNet-50 + linear head,0,airplane,0.9187091
stl10/test/01048,1048,7,monkey,ResNet-50 + linear head,7,monkey,0.89218557
stl10/test/03276,3276,3,cat,ResNet-50 + linear head,3,cat,0.68147343
stl10/test/05512,5512,2,car,ResNet-50 + linear head,9,truck,0.97334486
stl10/test/07692,7692,4,deer,ResNet-50 + linear head,4,deer,0.93669003
stl10/test/01436,1436,1,bird,ResNet-50 + linear head,1,bird,0.9647075
stl10/test/07544,7544,9,truck,ResNet-50 + linear head,9,truck,0.87046295
stl10/test/03383,3383,3,cat,ResNet-50 + linear head,3,cat,0.88718945
stl10/test/01977,1977,0,airplane,ResNet-50 + linear head,0,airplane,0.8875452
stl10/test/02750,2750,0,airplane,ResNet-50 + linear head,0,airplane,0.959568
stl10/test/07996,7996,6,horse,ResNet-50 + linear head,6,horse,0.998168
stl10/test/06989,6989,5,dog,ResNet-50 + linear head,5,dog,0.8156821
stl10/test/01431,1431,3,cat,ResNet-50 + linear head,3,cat,0.96978444
stl10/test/07416,7416,3,cat,ResNet-50 + linear head,5,dog,0.7428724
stl10/test/04547,4547,5,dog,ResNet-50 + linear head,5,dog,0.8604106
stl10/test/00042,42,0,airplane,ResNet-50 + linear head,0,airplane,0.5438074
stl10/test/05117,5117,0,airplane,ResNet-50 + linear head,0,airplane,0.93909323
stl10/test/04411,4411,6,horse,ResNet-50 + linear head,6,horse,0.976108
stl10/test/05789,5789,4,deer,ResNet-50 + linear head,4,deer,0.7995749
stl10/test/00483,483,2,car,ResNet-50 + linear head,2,car,0.9078324
stl10/test/06650,6650,7,monkey,ResNet-50 + linear head,7,monkey,0.98222786
stl10/test/04881,4881,3,cat,ResNet-50 + linear head,3,cat,0.86453915
stl10/test/00391,391,3,cat,ResNet-50 + linear head,3,cat,0.97815555
stl10/test/00370,370,7,monkey,ResNet-50 + linear head,7,monkey,0.78399783
stl10/test/00419,419,9,truck,ResNet-50 + linear head,9,truck,0.93413264
stl10/test/03318,3318,9,truck,ResNet-50 + linear head,9,truck,0.941468
stl10/test/04355,4355,8,ship,ResNet-50 + linear head,8,ship,0.76948714
stl10/test/05402,5402,4,deer,ResNet-50 + linear head,4,deer,0.8281271
stl10/test/05332,5332,5,dog,ResNet-50 + linear head,5,dog,0.8379045
stl10/test/00239,239,9,truck,ResNet-50 + linear head,9,truck,0.98369205
stl10/test/06271,6271,2,car,ResNet-50 + linear head,2,car,0.9095566
stl10/test/01129,1129,8,ship,ResNet-50 + linear head,8,ship,0.9658006
stl10/test/02391,2391,5,dog,ResNet-50 + linear head,5,dog,0.52250195
stl10/test/00191,191,9,truck,ResNet-50 + linear head,9,truck,0.5892849
stl10/test/05447,5447,9,truck,ResNet-50 + linear head,9,truck,0.97475785
stl10/test/06528,6528,4,deer,ResNet-50 + linear head,4,deer,0.8679785
stl10/test/00632,632,3,cat,ViT-B/16 + linear head,3,cat,0.9995382
stl10/test/00131,131,9,truck,ViT-B/16 + linear head,9,truck,0.99470514
stl10/test/07081,7081,7,monkey,ViT-B/16 + linear head,7,monkey,0.9892085
stl10/test/01836,1836,9,truck,ViT-B/16 + linear head,9,truck,0.87324965
stl10/test/06437,6437,0,airplane,ViT-B/16 + linear head,0,airplane,0.9923815
stl10/test/06609,6609,0,airplane,ViT-B/16 + linear head,0,airplane,0.99834824
stl10/test/03467,3467,7,monkey,ViT-B/16 + linear head,7,monkey,0.985343
stl10/test/01401,1401,3,cat,ViT-B/16 + linear head,3,cat,0.9990895
stl10/test/01839,1839,2,car,ViT-B/16 + linear head,2,car,0.9954986
stl10/test/04168,4168,3,cat,ViT-B/16 + linear head,3,cat,0.99152255
stl10/test/00035,35,2,car,ViT-B/16 + linear head,2,car,0.9971437
stl10/test/04177,4177,8,ship,ViT-B/16 + linear head,8,ship,0.99965143
stl10/test/07270,7270,7,monkey,ViT-B/16 + linear head,7,monkey,0.9665932
stl10/test/02265,2265,5,dog,ViT-B/16 + linear head,5,dog,0.995587
stl10/test/03288,3288,7,monkey,ViT-B/16 + linear head,7,monkey,0.99547184
stl10/test/05451,5451,8,ship,ViT-B/16 + linear head,8,ship,0.99126124
stl10/test/04023,4023,3,cat,ViT-B/16 + linear head,3,cat,0.9598074
stl10/test/00261,261,1,bird,ViT-B/16 + linear head,1,bird,0.27319628
stl10/test/04570,4570,5,dog,ViT-B/16 + linear head,5,dog,0.9754758
stl10/test/04966,4966,5,dog,ViT-B/16 + linear head,5,dog,0.90771466
stl10/test/07955,7955,1,bird,ViT-B/16 + linear head,1,bird,0.99997306
stl10/test/06288,6288,4,deer,ViT-B/16 + linear head,4,deer,0.9988984
stl10/test/07810,7810,8,ship,ViT-B/16 + linear head,8,ship,0.99914825
stl10/test/01927,1927,7,monkey,ViT-B/16 + linear head,7,monkey,0.9984522
stl10/test/01871,1871,1,bird,ViT-B/16 + linear head,1,bird,0.89284253
stl10/test/06922,6922,5,dog,ViT-B/16 + linear head,5,dog,0.9995328
stl10/test/03512,3512,4,deer,ViT-B/16 + linear head,4,deer,0.9978404
stl10/test/04754,4754,6,horse,ViT-B/16 + linear head,6,horse,0.99929154
stl10/test/00714,714,2,car,ViT-B/16 + linear head,2,car,0.7747955
stl10/test/02191,2191,8,ship,ViT-B/16 + linear head,8,ship,0.986405
stl10/test/04615,4615,0,airplane,ViT-B/16 + linear head,0,airplane,0.9995091
stl10/test/04662,4662,8,ship,ViT-B/16 + linear head,8,ship,0.9993819
stl10/test/05915,5915,9,truck,ViT-B/16 + linear head,9,truck,0.9488827
stl10/test/00766,766,4,deer,ViT-B/16 + linear head,6,horse,0.94930416
stl10/test/05218,5218,2,car,ViT-B/16 + linear head,2,car,0.9982084
stl10/test/02340,2340,8,ship,ViT-B/16 + linear head,8,ship,0.99951136
stl10/test/01954,1954,8,ship,ViT-B/16 + linear head,8,ship,0.9842338
stl10/test/07875,7875,8,ship,ViT-B/16 + linear head,8,ship,0.9995382
stl10/test/03418,3418,6,horse,ViT-B/16 + linear head,6,horse,0.9916835
stl10/test/05572,5572,9,truck,ViT-B/16 + linear head,9,truck,0.9894302
stl10/test/05977,5977,7,monkey,ViT-B/16 + linear head,7,monkey,0.9909566
stl10/test/05123,5123,1,bird,ViT-B/16 + linear head,1,bird,0.99620026
stl10/test/05851,5851,9,truck,ViT-B/16 + linear head,9,truck,0.99509406
stl10/test/04094,4094,9,truck,ViT-B/16 + linear head,9,truck,0.9975303
stl10/test/04254,4254,6,horse,ViT-B/16 + linear head,6,horse,0.9894377
stl10/test/02501,2501,7,monkey,ViT-B/16 + linear head,7,monkey,0.9862705
stl10/test/06938,6938,1,bird,ViT-B/16 + linear head,1,bird,0.9994407
stl10/test/00171,171,4,deer,ViT-B/16 + linear head,4,deer,0.98887724
stl10/test/04215,4215,3,cat,ViT-B/16 + linear head,3,cat,0.99427104
stl10/test/05705,5705,8,ship,ViT-B/16 + linear head,8,ship,0.9922112
stl10/test/03458,3458,4,deer,ViT-B/16 + linear head,4,deer,0.99686927
stl10/test/01220,1220,7,monkey,ViT-B/16 + linear head,7,monkey,0.9982222
stl10/test/00962,962,8,ship,ViT-B/16 + linear head,8,ship,0.999681
stl10/test/02950,2950,5,dog,ViT-B/16 + linear head,5,dog,0.99010533
stl10/test/02623,2623,5,dog,ViT-B/16 + linear head,5,dog,0.9675148
stl10/test/04539,4539,0,airplane,ViT-B/16 + linear head,0,airplane,0.9990945
stl10/test/01553,1553,0,airplane,ViT-B/16 + linear head,0,airplane,0.9933822
stl10/test/04740,4740,4,deer,ViT-B/16 + linear head,4,deer,0.9454193
stl10/test/06844,6844,0,airplane,ViT-B/16 + linear head,0,airplane,0.9992293
stl10/test/02668,2668,7,monkey,ViT-B/16 + linear head,7,monkey,0.9976326
stl10/test/03153,3153,7,monkey,ViT-B/16 + linear head,7,monkey,0.99538827
stl10/test/05135,5135,4,deer,ViT-B/16 + linear head,4,deer,0.5565918
stl10/test/02291,2291,3,cat,ViT-B/16 + linear head,3,cat,0.89121044
stl10/test/00116,116,1,bird,ViT-B/16 + linear head,1,bird,0.99982053
stl10/test/07797,7797,3,cat,ViT-B/16 + linear head,3,cat,0.9973544
stl10/test/04609,4609,3,cat,ViT-B/16 + linear head,3,cat,0.99645376
stl10/test/00081,81,0,airplane,ViT-B/16 + linear head,0,airplane,0.9944471
stl10/test/05580,5580,6,horse,ViT-B/16 + linear head,5,dog,0.6492258
stl10/test/03024,3024,2,car,ViT-B/16 + linear head,2,car,0.99932504
stl10/test/02766,2766,5,dog,ViT-B/16 + linear head,5,dog,0.98950535
stl10/test/05000,5000,8,ship,ViT-B/16 + linear head,8,ship,0.9983512
stl10/test/02610,2610,6,horse,ViT-B/16 + linear head,6,horse,0.9975706
stl10/test/02024,2024,0,airplane,ViT-B/16 + linear head,0,airplane,0.99330705
stl10/test/06097,6097,4,deer,ViT-B/16 + linear head,4,deer,0.99044645
stl10/test/00964,964,6,horse,ViT-B/16 + linear head,6,horse,0.9948067
stl10/test/07634,7634,0,airplane,ViT-B/16 + linear head,0,airplane,0.998406
stl10/test/06434,6434,8,ship,ViT-B/16 + linear head,8,ship,0.999866
stl10/test/05183,5183,2,car,ViT-B/16 + linear head,2,car,0.99804485
stl10/test/06986,6986,0,airplane,ViT-B/16 + linear head,0,airplane,0.98877317
stl10/test/00645,645,5,dog,ViT-B/16 + linear head,5,dog,0.9965197
stl10/test/03347,3347,0,airplane,ViT-B/16 + linear head,0,airplane,0.9997329
stl10/test/05677,5677,2,car,ViT-B/16 + linear head,2,car,0.9990908
stl10/test/03412,3412,8,ship,ViT-B/16 + linear head,8,ship,0.9974559
stl10/test/03937,3937,1,bird,ViT-B/16 + linear head,1,bird,0.98983955
stl10/test/00873,873,6,horse,ViT-B/16 + linear head,6,horse,0.99966514
stl10/test/02167,2167,9,truck,ViT-B/16 + linear head,9,truck,0.99880517
stl10/test/06490,6490,3,cat,ViT-B/16 + linear head,3,cat,0.97986263
stl10/test/00738,738,3,cat,ViT-B/16 + linear head,3,cat,0.8289079
stl10/test/06616,6616,2,car,ViT-B/16 + linear head,2,car,0.9987913
stl10/test/04093,4093,6,horse,ViT-B/16 + linear head,6,horse,0.99465996
stl10/test/05788,5788,9,truck,ViT-B/16 + linear head,9,truck,0.99995506
stl10/test/07818,7818,8,ship,ViT-B/16 + linear head,8,ship,0.9925538
stl10/test/00304,304,1,bird,ViT-B/16 + linear head,1,bird,0.6565271
stl10/test/02082,2082,2,car,ViT-B/16 + linear head,2,car,0.99543035
stl10/test/02746,2746,7,monkey,ViT-B/16 + linear head,7,monkey,0.999469
stl10/test/07944,7944,4,deer,ViT-B/16 + linear head,4,deer,0.9016353
stl10/test/06689,6689,8,ship,ViT-B/16 + linear head,8,ship,0.8744864
stl10/test/02414,2414,9,truck,ViT-B/16 + linear head,9,truck,0.9731958
stl10/test/03779,3779,6,horse,ViT-B/16 + linear head,6,horse,0.99630797
stl10/test/02095,2095,1,bird,ViT-B/16 + linear head,1,bird,0.98674667
stl10/test/07262,7262,0,airplane,ViT-B/16 + linear head,0,airplane,0.999522
stl10/test/05694,5694,8,ship,ViT-B/16 + linear head,8,ship,0.9908438
stl10/test/07413,7413,5,dog,ViT-B/16 + linear head,5,dog,0.89986163
stl10/test/06805,6805,1,bird,ViT-B/16 + linear head,1,bird,0.63031197
stl10/test/03446,3446,7,monkey,ViT-B/16 + linear head,7,monkey,0.9979234
stl10/test/02807,2807,5,dog,ViT-B/16 + linear head,4,deer,0.392955
stl10/test/07940,7940,4,deer,ViT-B/16 + linear head,4,deer,0.9993826
stl10/test/04172,4172,7,monkey,ViT-B/16 + linear head,7,monkey,0.9979487
stl10/test/07744,7744,3,cat,ViT-B/16 + linear head,3,cat,0.85329026
stl10/test/01586,1586,2,car,ViT-B/16 + linear head,2,car,0.9994823
stl10/test/07999,7999,8,ship,ViT-B/16 + linear head,8,ship,0.9930686
stl10/test/06349,6349,1,bird,ViT-B/16 + linear head,1,bird,0.9995597
stl10/test/06594,6594,1,bird,ViT-B/16 + linear head,1,bird,0.9124733
stl10/test/02109,2109,8,ship,ViT-B/16 + linear head,8,ship,0.9984086
stl10/test/03079,3079,1,bird,ViT-B/16 + linear head,1,bird,0.99615794
stl10/test/02070,2070,1,bird,ViT-B/16 + linear head,1,bird,0.9947096
stl10/test/00319,319,5,dog,ViT-B/16 + linear head,5,dog,0.989944
stl10/test/02888,2888,0,airplane,ViT-B/16 + linear head,0,airplane,0.99177307
stl10/test/06224,6224,5,dog,ViT-B/16 + linear head,5,dog,0.9023553
stl10/test/03353,3353,5,dog,ViT-B/16 + linear head,5,dog,0.82696426
stl10/test/06244,6244,2,car,ViT-B/16 + linear head,2,car,0.9994469
stl10/test/04704,4704,7,monkey,ViT-B/16 + linear head,7,monkey,0.998933
stl10/test/02427,2427,5,dog,ViT-B/16 + linear head,5,dog,0.98297447
stl10/test/07995,7995,9,truck,ViT-B/16 + linear head,9,truck,0.53104687
stl10/test/01124,1124,4,deer,ViT-B/16 + linear head,4,deer,0.99765956
stl10/test/06733,6733,1,bird,ViT-B/16 + linear head,1,bird,0.97946155
stl10/test/02062,2062,9,truck,ViT-B/16 + linear head,9,truck,0.9971872
stl10/test/00805,805,9,truck,ViT-B/16 + linear head,9,truck,0.9930286
stl10/test/02028,2028,3,cat,ViT-B/16 + linear head,3,cat,0.9994185
stl10/test/02392,2392,2,car,ViT-B/16 + linear head,2,car,0.9994017
stl10/test/03292,3292,6,horse,ViT-B/16 + linear head,6,horse,0.96895176
stl10/test/01440,1440,7,monkey,ViT-B/16 + linear head,7,monkey,0.99853826
stl10/test/01115,1115,1,bird,ViT-B/16 + linear head,1,bird,0.783815
stl10/test/04242,4242,8,ship,ViT-B/16 + linear head,8,ship,0.9914498
stl10/test/02230,2230,8,ship,ViT-B/16 + linear head,8,ship,0.9967603
stl10/test/03163,3163,2,car,ViT-B/16 + linear head,2,car,0.9996393
stl10/test/00545,545,6,horse,ViT-B/16 + linear head,6,horse,0.9768584
stl10/test/03863,3863,5,dog,ViT-B/16 + linear head,5,dog,0.9737978
stl10/test/04748,4748,7,monkey,ViT-B/16 + linear head,7,monkey,0.9929341
stl10/test/02399,2399,4,deer,ViT-B/16 + linear head,4,deer,0.98207605
stl10/test/04341,4341,6,horse,ViT-B/16 + linear head,6,horse,0.99832386
stl10/test/03078,3078,4,deer,ViT-B/16 + linear head,4,deer,0.9759629
stl10/test/03763,3763,4,deer,ViT-B/16 + linear head,4,deer,0.99307406
stl10/test/02958,2958,6,horse,ViT-B/16 + linear head,6,horse,0.9906645
stl10/test/06381,6381,6,horse,ViT-B/16 + linear head,6,horse,0.9933389
stl10/test/01640,1640,8,ship,ViT-B/16 + linear head,8,ship,0.99920577
stl10/test/01783,1783,8,ship,ViT-B/16 + linear head,8,ship,0.9984939
stl10/test/03914,3914,3,cat,ViT-B/16 + linear head,3,cat,0.9999515
stl10/test/01534,1534,6,horse,ViT-B/16 + linear head,6,horse,0.99781203
stl10/test/00685,685,5,dog,ViT-B/16 + linear head,5,dog,0.99393153
stl10/test/04617,4617,0,airplane,ViT-B/16 + linear head,0,airplane,0.99964285
stl10/test/05508,5508,9,truck,ViT-B/16 + linear head,9,truck,0.9965251
stl10/test/01022,1022,9,truck,ViT-B/16 + linear head,9,truck,0.6074004
stl10/test/01230,1230,1,bird,ViT-B/16 + linear head,1,bird,0.53972566
stl10/test/07475,7475,4,deer,ViT-B/16 + linear head,4,deer,0.9936993
stl10/test/05756,5756,2,car,ViT-B/16 + linear head,2,car,0.999387
stl10/test/03122,3122,4,deer,ViT-B/16 + linear head,4,deer,0.99679273
stl10/test/07202,7202,1,bird,ViT-B/16 + linear head,1,bird,0.9469597
stl10/test/04723,4723,9,truck,ViT-B/16 + linear head,9,truck,0.99589515
stl10/test/01552,1552,5,dog,ViT-B/16 + linear head,5,dog,0.9973797
stl10/test/00603,603,9,truck,ViT-B/16 + linear head,9,truck,0.99901676
stl10/test/02861,2861,3,cat,ViT-B/16 + linear head,3,cat,0.99788386
stl10/test/06426,6426,2,car,ViT-B/16 + linear head,2,car,0.99970967
stl10/test/07864,7864,4,deer,ViT-B/16 + linear head,4,deer,0.9734794
stl10/test/05729,5729,6,horse,ViT-B/16 + linear head,6,horse,0.99578166
stl10/test/07474,7474,5,dog,ViT-B/16 + linear head,5,dog,0.96401304
stl10/test/04298,4298,1,bird,ViT-B/16 + linear head,1,bird,0.99993
stl10/test/01175,1175,0,airplane,ViT-B/16 + linear head,0,airplane,0.9992506
stl10/test/03454,3454,2,car,ViT-B/16 + linear head,2,car,0.9995401
stl10/test/02754,2754,3,cat,ViT-B/16 + linear head,3,cat,0.9977842
stl10/test/00855,855,4,deer,ViT-B/16 + linear head,4,deer,0.9972356
stl10/test/02854,2854,7,monkey,ViT-B/16 + linear head,7,monkey,0.99736905
stl10/test/05092,5092,1,bird,ViT-B/16 + linear head,1,bird,0.9995616
stl10/test/05590,5590,9,truck,ViT-B/16 + linear head,9,truck,0.98981726
stl10/test/04463,4463,3,cat,ViT-B/16 + linear head,3,cat,0.99963415
stl10/test/05318,5318,2,car,ViT-B/16 + linear head,2,car,0.99478734
stl10/test/03515,3515,6,horse,ViT-B/16 + linear head,4,deer,0.84559625
stl10/test/04642,4642,4,deer,ViT-B/16 + linear head,4,deer,0.9974341
stl10/test/00852,852,9,truck,ViT-B/16 + linear head,9,truck,0.9988213
stl10/test/01247,1247,8,ship,ViT-B/16 + linear head,8,ship,0.9829707
stl10/test/07084,7084,2,car,ViT-B/16 + linear head,2,car,0.9998431
stl10/test/05301,5301,9,truck,ViT-B/16 + linear head,9,truck,0.9308809
stl10/test/05082,5082,6,horse,ViT-B/16 + linear head,6,horse,0.9766492
stl10/test/05077,5077,4,deer,ViT-B/16 + linear head,4,deer,0.98422503
stl10/test/01563,1563,3,cat,ViT-B/16 + linear head,3,cat,0.99319816
stl10/test/00029,29,7,monkey,ViT-B/16 + linear head,7,monkey,0.99793077
stl10/test/03867,3867,7,monkey,ViT-B/16 + linear head,7,monkey,0.9123175
stl10/test/04620,4620,6,horse,ViT-B/16 + linear head,6,horse,0.9994692
stl10/test/04065,4065,2,car,ViT-B/16 + linear head,2,car,0.999361
stl10/test/01095,1095,5,dog,ViT-B/16 + linear head,5,dog,0.9859439
stl10/test/04229,4229,3,cat,ViT-B/16 + linear head,3,cat,0.9998435
stl10/test/03562,3562,3,cat,ViT-B/16 + linear head,3,cat,0.9894056
stl10/test/02342,2342,8,ship,ViT-B/16 + linear head,8,ship,0.99821424
stl10/test/01667,1667,6,horse,ViT-B/16 + linear head,6,horse,0.99651897
stl10/test/07033,7033,1,bird,ViT-B/16 + linear head,1,bird,0.9987839
stl10/test/01771,1771,7,monkey,ViT-B/16 + linear head,7,monkey,0.8724341
stl10/test/03157,3157,8,ship,ViT-B/16 + linear head,8,ship,0.9991691
stl10/test/03851,3851,3,cat,ViT-B/16 + linear head,3,cat,0.9416524
stl10/test/01287,1287,7,monkey,ViT-B/16 + linear head,7,monkey,0.99713445
stl10/test/07320,7320,0,airplane,ViT-B/16 + linear head,0,airplane,0.9986077
stl10/test/07600,7600,6,horse,ViT-B/16 + linear head,6,horse,0.99960357
stl10/test/03852,3852,5,dog,ViT-B/16 + linear head,5,dog,0.85565335
stl10/test/00269,269,7,monkey,ViT-B/16 + linear head,7,monkey,0.9968791
stl10/test/01703,1703,7,monkey,ViT-B/16 + linear head,7,monkey,0.99867755
stl10/test/07776,7776,5,dog,ViT-B/16 + linear head,5,dog,0.9472793
stl10/test/03891,3891,4,deer,ViT-B/16 + linear head,4,deer,0.9919229
stl10/test/07009,7009,0,airplane,ViT-B/16 + linear head,0,airplane,0.9962942
stl10/test/04893,4893,0,airplane,ViT-B/16 + linear head,0,airplane,0.99714655
stl10/test/02351,2351,9,truck,ViT-B/16 + linear head,9,truck,0.996784
stl10/test/03550,3550,1,bird,ViT-B/16 + linear head,1,bird,0.988535
stl10/test/05719,5719,7,monkey,ViT-B/16 + linear head,7,monkey,0.9900428
stl10/test/01884,1884,7,monkey,ViT-B/16 + linear head,7,monkey,0.9919321
stl10/test/02898,2898,4,deer,ViT-B/16 + linear head,4,deer,0.9960615
stl10/test/04640,4640,1,bird,ViT-B/16 + linear head,1,bird,0.9857641
stl10/test/07610,7610,4,deer,ViT-B/16 + linear head,4,deer,0.9982267
stl10/test/01833,1833,8,ship,ViT-B/16 + linear head,8,ship,0.99112695
stl10/test/06455,6455,0,airplane,ViT-B/16 + linear head,0,airplane,0.9995716
stl10/test/03893,3893,9,truck,ViT-B/16 + linear head,9,truck,0.9904917
stl10/test/04731,4731,6,horse,ViT-B/16 + linear head,6,horse,0.98686254
stl10/test/00929,929,6,horse,ViT-B/16 + linear head,6,horse,0.9904551
stl10/test/03962,3962,6,horse,ViT-B/16 + linear head,6,horse,0.99934524
stl10/test/03778,3778,3,cat,ViT-B/16 + linear head,3,cat,0.7101592
stl10/test/01429,1429,4,deer,ViT-B/16 + linear head,4,deer,0.9966664
stl10/test/00049,49,2,car,ViT-B/16 + linear head,2,car,0.9927497
stl10/test/00276,276,9,truck,ViT-B/16 + linear head,9,truck,0.9848096
stl10/test/06076,6076,1,bird,ViT-B/16 + linear head,1,bird,0.99938595
stl10/test/01389,1389,0,airplane,ViT-B/16 + linear head,0,airplane,0.9992188
stl10/test/03362,3362,2,car,ViT-B/16 + linear head,2,car,0.99947554
stl10/test/00317,317,2,car,ViT-B/16 + linear head,2,car,0.9953435
stl10/test/04675,4675,0,airplane,ViT-B/16 + linear head,0,airplane,0.9917768
stl10/test/05924,5924,5,dog,ViT-B/16 + linear head,5,dog,0.98870474
stl10/test/00198,198,1,bird,ViT-B/16 + linear head,1,bird,0.99896324
stl10/test/07779,7779,6,horse,ViT-B/16 + linear head,6,horse,0.9987047
stl10/test/04054,4054,4,deer,ViT-B/16 + linear head,4,deer,0.9271857
stl10/test/05556,5556,4,deer,ViT-B/16 + linear head,4,deer,0.8960537
stl10/test/02687,2687,1,bird,ViT-B/16 + linear head,1,bird,0.9999157
stl10/test/01202,1202,2,car,ViT-B/16 + linear head,2,car,0.9937835
stl10/test/00097,97,5,dog,ViT-B/16 + linear head,5,dog,0.97234994
stl10/test/06033,6033,4,deer,ViT-B/16 + linear head,4,deer,0.9997286
stl10/test/01711,1711,7,monkey,ViT-B/16 + linear head,7,monkey,0.9344375
stl10/test/01430,1430,9,truck,ViT-B/16 + linear head,9,truck,0.9945352
stl10/test/00739,739,8,ship,ViT-B/16 + linear head,8,ship,0.99560946
stl10/test/03491,3491,1,bird,ViT-B/16 + linear head,1,bird,0.9997118
stl10/test/01568,1568,1,bird,ViT-B/16 + linear head,1,bird,0.94976366
stl10/test/01211,1211,4,deer,ViT-B/16 + linear head,4,deer,0.9925241
stl10/test/04913,4913,2,car,ViT-B/16 + linear head,2,car,0.9995059
stl10/test/02502,2502,2,car,ViT-B/16 + linear head,2,car,0.99742657
stl10/test/02539,2539,3,cat,ViT-B/16 + linear head,3,cat,0.99861836
stl10/test/00979,979,3,cat,ViT-B/16 + linear head,3,cat,0.98354536
stl10/test/06354,6354,2,car,ViT-B/16 + linear head,2,car,0.98909676
stl10/test/04735,4735,2,car,ViT-B/16 + linear head,2,car,0.9962096
stl10/test/05912,5912,0,airplane,ViT-B/16 + linear head,0,airplane,0.9961966
stl10/test/03844,3844,6,horse,ViT-B/16 + linear head,6,horse,0.9994985
stl10/test/01263,1263,3,cat,ViT-B/16 + linear head,3,cat,0.9918932
stl10/test/03404,3404,7,monkey,ViT-B/16 + linear head,7,monkey,0.99325436
stl10/test/03905,3905,8,ship,ViT-B/16 + linear head,8,ship,0.9979024
stl10/test/01596,1596,0,airplane,ViT-B/16 + linear head,0,airplane,0.9368889
stl10/test/03083,3083,0,airplane,ViT-B/16 + linear head,0,airplane,0.98873436
stl10/test/02003,2003,6,horse,ViT-B/16 + linear head,6,horse,0.99729496
stl10/test/05030,5030,2,car,ViT-B/16 + linear head,2,car,0.9992532
stl10/test/00095,95,1,bird,ViT-B/16 + linear head,1,bird,0.999281
stl10/test/02757,2757,4,deer,ViT-B/16 + linear head,4,deer,0.9952277
stl10/test/03413,3413,1,bird,ViT-B/16 + linear head,1,bird,0.9999546
stl10/test/05488,5488,1,bird,ViT-B/16 + linear head,1,bird,0.25401083
stl10/test/04827,4827,6,horse,ViT-B/16 + linear head,6,horse,0.9996724
stl10/test/01877,1877,5,dog,ViT-B/16 + linear head,5,dog,0.9652848
stl10/test/02157,2157,1,bird,ViT-B/16 + linear head,1,bird,0.9993425
stl10/test/04821,4821,3,cat,ViT-B/16 + linear head,3,cat,0.9963999
stl10/test/04953,4953,5,dog,ViT-B/16 + linear head,5,dog,0.87043065
stl10/test/05525,5525,8,ship,ViT-B/16 + linear head,8,ship,0.9952468
stl10/test/05381,5381,5,dog,ViT-B/16 + linear head,5,dog,0.99499136
stl10/test/00672,672,3,cat,ViT-B/16 + linear head,3,cat,0.9999541
stl10/test/00323,323,7,monkey,ViT-B/16 + linear head,7,monkey,0.99916077
stl10/test/05436,5436,7,monkey,ViT-B/16 + linear head,7,monkey,0.9958579
stl10/test/05450,5450,7,monkey,ViT-B/16 + linear head,7,monkey,0.99720335
stl10/test/06358,6358,5,dog,ViT-B/16 + linear head,5,dog,0.9640337
stl10/test/00372,372,3,cat,ViT-B/16 + linear head,3,cat,0.9984956
stl10/test/00378,378,5,dog,ViT-B/16 + linear head,5,dog,0.97517985
stl10/test/07706,7706,5,dog,ViT-B/16 + linear head,5,dog,0.74822354
stl10/test/02178,2178,1,bird,ViT-B/16 + linear head,1,bird,0.9993249
stl10/test/05237,5237,2,car,ViT-B/16 + linear head,2,car,0.94874424
stl10/test/05478,5478,0,airplane,ViT-B/16 + linear head,0,airplane,0.8196895
stl10/test/05452,5452,9,truck,ViT-B/16 + linear head,9,truck,0.9963881
stl10/test/05623,5623,4,deer,ViT-B/16 + linear head,4,deer,0.99617946
stl10/test/06772,6772,7,monkey,ViT-B/16 + linear head,7,monkey,0.9903115
stl10/test/01111,1111,4,deer,ViT-B/16 + linear head,4,deer,0.9794399
stl10/test/05528,5528,3,cat,ViT-B/16 + linear head,3,cat,0.99591917
stl10/test/03777,3777,6,horse,ViT-B/16 + linear head,6,horse,0.9978563
stl10/test/02458,2458,5,dog,ViT-B/16 + linear head,5,dog,0.98779416
stl10/test/04921,4921,2,car,ViT-B/16 + linear head,2,car,0.99959594
stl10/test/03015,3015,8,ship,ViT-B/16 + linear head,8,ship,0.99941075
stl10/test/07476,7476,8,ship,ViT-B/16 + linear head,0,airplane,0.5152135
stl10/test/01520,1520,2,car,ViT-B/16 + linear head,2,car,0.99937445
stl10/test/06713,6713,6,horse,ViT-B/16 + linear head,6,horse,0.9869452
stl10/test/01852,1852,1,bird,ViT-B/16 + linear head,1,bird,0.9998832
stl10/test/02268,2268,5,dog,ViT-B/16 + linear head,5,dog,0.97176266
stl10/test/00151,151,8,ship,ViT-B/16 + linear head,8,ship,0.9974191
stl10/test/00890,890,6,horse,ViT-B/16 + linear head,6,horse,0.9905732
stl10/test/00825,825,1,bird,ViT-B/16 + linear head,1,bird,0.99507105
stl10/test/02536,2536,3,cat,ViT-B/16 + linear head,3,cat,0.99988186
stl10/test/00470,470,2,car,ViT-B/16 + linear head,2,car,0.9971897
stl10/test/05256,5256,1,bird,ViT-B/16 + linear head,1,bird,0.9994085
stl10/test/02011,2011,9,truck,ViT-B/16 + linear head,9,truck,0.9802239
stl10/test/07150,7150,0,airplane,ViT-B/16 + linear head,0,airplane,0.9977609
stl10/test/00449,449,6,horse,ViT-B/16 + linear head,6,horse,0.99811804
stl10/test/02704,2704,4,deer,ViT-B/16 + linear head,4,deer,0.9978528
stl10/test/03437,3437,0,airplane,ViT-B/16 + linear head,0,airplane,0.97781336
stl10/test/03375,3375,3,cat,ViT-B/16 + linear head,3,cat,0.9796479
stl10/test/04552,4552,8,ship,ViT-B/16 + linear head,8,ship,0.99691087
stl10/test/00920,920,6,horse,ViT-B/16 + linear head,6,horse,0.9960692
stl10/test/02242,2242,0,airplane,ViT-B/16 + linear head,0,airplane,0.9980128
stl10/test/02745,2745,8,ship,ViT-B/16 + linear head,8,ship,0.99912256
stl10/test/01032,1032,7,monkey,ViT-B/16 + linear head,7,monkey,0.9864608
stl10/test/00365,365,3,cat,ViT-B/16 + linear head,3,cat,0.9916367
stl10/test/04850,4850,5,dog,ViT-B/16 + linear head,5,dog,0.9992699
stl10/test/04819,4819,0,airplane,ViT-B/16 + linear head,0,airplane,0.99958175
stl10/test/07338,7338,6,horse,ViT-B/16 + linear head,6,horse,0.99942976
stl10/test/07372,7372,0,airplane,ViT-B/16 + linear head,0,airplane,0.9841219
stl10/test/01090,1090,1,bird,ViT-B/16 + linear head,1,bird,0.99387616
stl10/test/05062,5062,4,deer,ViT-B/16 + linear head,4,deer,0.99758625
stl10/test/00981,981,2,car,ViT-B/16 + linear head,2,car,0.9986903
stl10/test/05857,5857,6,horse,ViT-B/16 + linear head,4,deer,0.7739487
stl10/test/01986,1986,1,bird,ViT-B/16 + linear head,1,bird,0.97766966
stl10/test/05560,5560,1,bird,ViT-B/16 + linear head,1,bird,0.7747615
stl10/test/01814,1814,2,car,ViT-B/16 + linear head,2,car,0.9666944
stl10/test/00194,194,8,ship,ViT-B/16 + linear head,8,ship,0.99967575
stl10/test/01993,1993,1,bird,ViT-B/16 + linear head,1,bird,0.99994457
stl10/test/05333,5333,2,car,ViT-B/16 + linear head,2,car,0.9956118
stl10/test/04311,4311,8,ship,ViT-B/16 + linear head,8,ship,0.99858826
stl10/test/07425,7425,2,car,ViT-B/16 + linear head,2,car,0.9999194
stl10/test/03889,3889,5,dog,ViT-B/16 + linear head,5,dog,0.6171231
stl10/test/04308,4308,7,monkey,ViT-B/16 + linear head,7,monkey,0.9998858
stl10/test/01960,1960,4,deer,ViT-B/16 + linear head,5,dog,0.5393578
stl10/test/04399,4399,0,airplane,ViT-B/16 + linear head,0,airplane,0.98289454
stl10/test/03191,3191,6,horse,ViT-B/16 + linear head,6,horse,0.98875564
stl10/test/01626,1626,5,dog,ViT-B/16 + linear head,5,dog,0.94389814
stl10/test/00176,176,3,cat,ViT-B/16 + linear head,3,cat,0.99853075
stl10/test/07726,7726,6,horse,ViT-B/16 + linear head,6,horse,0.9967173
stl10/test/02334,2334,5,dog,ViT-B/16 + linear head,5,dog,0.9694445
stl10/test/01648,1648,0,airplane,ViT-B/16 + linear head,0,airplane,0.9950346
stl10/test/06084,6084,7,monkey,ViT-B/16 + linear head,7,monkey,0.9969928
stl10/test/03455,3455,0,airplane,ViT-B/16 + linear head,0,airplane,0.9897934
stl10/test/01468,1468,9,truck,ViT-B/16 + linear head,9,truck,0.9858029
stl10/test/01296,1296,7,monkey,ViT-B/16 + linear head,7,monkey,0.9992429
stl10/test/05213,5213,4,deer,ViT-B/16 + linear head,4,deer,0.99033165
stl10/test/07047,7047,9,truck,ViT-B/16 + linear head,9,truck,0.99639326
stl10/test/05360,5360,9,truck,ViT-B/16 + linear head,9,truck,0.99707544
stl10/test/05824,5824,2,car,ViT-B/16 + linear head,2,car,0.99470806
stl10/test/07460,7460,8,ship,ViT-B/16 + linear head,8,ship,0.92418975
stl10/test/04791,4791,7,monkey,ViT-B/16 + linear head,7,monkey,0.9961052
stl10/test/06692,6692,2,car,ViT-B/16 + linear head,2,car,0.9988261
stl10/test/06931,6931,9,truck,ViT-B/16 + linear head,9,truck,0.9904974
stl10/test/00667,667,8,ship,ViT-B/16 + linear head,8,ship,0.9980813
stl10/test/07781,7781,6,horse,ViT-B/16 + linear head,6,horse,0.9969965
stl10/test/07793,7793,3,cat,ViT-B/16 + linear head,3,cat,0.5419823
stl10/test/01411,1411,9,truck,ViT-B/16 + linear head,9,truck,0.995059
stl10/test/01473,1473,7,monkey,ViT-B/16 + linear head,7,monkey,0.9932469
stl10/test/07130,7130,5,dog,ViT-B/16 + linear head,5,dog,0.9476412
stl10/test/01956,1956,7,monkey,ViT-B/16 + linear head,7,monkey,0.9617734
stl10/test/06716,6716,5,dog,ViT-B/16 + linear head,6,horse,0.18729804
stl10/test/04106,4106,5,dog,ViT-B/16 + linear head,5,dog,0.8954914
stl10/test/03494,3494,6,horse,ViT-B/16 + linear head,6,horse,0.9997435
stl10/test/00691,691,4,deer,ViT-B/16 + linear head,4,deer,0.9998479
stl10/test/05220,5220,1,bird,ViT-B/16 + linear head,1,bird,0.56909347
stl10/test/04908,4908,3,cat,ViT-B/16 + linear head,3,cat,0.99905294
stl10/test/07029,7029,1,bird,ViT-B/16 + linear head,1,bird,0.9808446
stl10/test/04130,4130,0,airplane,ViT-B/16 + linear head,0,airplane,0.99968195
stl10/test/07938,7938,9,truck,ViT-B/16 + linear head,9,truck,0.9898836
stl10/test/05101,5101,5,dog,ViT-B/16 + linear head,2,car,0.49614808
stl10/test/01515,1515,9,truck,ViT-B/16 + linear head,9,truck,0.9967608
stl10/test/03287,3287,4,deer,ViT-B/16 + linear head,4,deer,0.99676466
stl10/test/00716,716,8,ship,ViT-B/16 + linear head,8,ship,0.98331696
stl10/test/04236,4236,7,monkey,ViT-B/16 + linear head,7,monkey,0.99573576
stl10/test/05408,5408,6,horse,ViT-B/16 + linear head,6,horse,0.9662732
stl10/test/05496,5496,5,dog,ViT-B/16 + linear head,5,dog,0.99105185
stl10/test/03365,3365,4,deer,ViT-B/16 + linear head,4,deer,0.9907561
stl10/test/04323,4323,3,cat,ViT-B/16 + linear head,3,cat,0.9831929
stl10/test/05467,5467,4,deer,ViT-B/16 + linear head,4,deer,0.9376826
stl10/test/01644,1644,5,dog,ViT-B/16 + linear head,5,dog,0.9764821
stl10/test/03948,3948,8,ship,ViT-B/16 + linear head,8,ship,0.9958353
stl10/test/06726,6726,7,monkey,ViT-B/16 + linear head,7,monkey,0.9953733
stl10/test/05395,5395,2,car,ViT-B/16 + linear head,2,car,0.9996964
stl10/test/01579,1579,7,monkey,ViT-B/16 + linear head,7,monkey,0.98959863
stl10/test/05918,5918,0,airplane,ViT-B/16 + linear head,0,airplane,0.9998553
stl10/test/07041,7041,5,dog,ViT-B/16 + linear head,5,dog,0.85267776
stl10/test/00506,506,4,deer,ViT-B/16 + linear head,4,deer,0.96866375
stl10/test/04011,4011,6,horse,ViT-B/16 + linear head,6,horse,0.9990085
stl10/test/05981,5981,9,truck,ViT-B/16 + linear head,9,truck,0.9972351
stl10/test/00409,409,2,car,ViT-B/16 + linear head,2,car,0.99929655
stl10/test/06954,6954,1,bird,ViT-B/16 + linear head,1,bird,0.95884216
stl10/test/07555,7555,6,horse,ViT-B/16 + linear head,6,horse,0.9890781
stl10/test/03965,3965,0,airplane,ViT-B/16 + linear head,0,airplane,0.9965239
stl10/test/07266,7266,9,truck,ViT-B/16 + linear head,9,truck,0.96745825
stl10/test/04785,4785,0,airplane,ViT-B/16 + linear head,0,airplane,0.9807606
stl10/test/06028,6028,2,car,ViT-B/16 + linear head,2,car,0.9988226
stl10/test/06503,6503,2,car,ViT-B/16 + linear head,2,car,0.99688053
stl10/test/06414,6414,5,dog,ViT-B/16 + linear head,5,dog,0.8722341
stl10/test/05382,5382,6,horse,ViT-B/16 + linear head,6,horse,0.9930877
stl10/test/06836,6836,1,bird,ViT-B/16 + linear head,1,bird,0.979448
stl10/test/06508,6508,4,deer,ViT-B/16 + linear head,4,deer,0.9980386
stl10/test/03994,3994,4,deer,ViT-B/16 + linear head,4,deer,0.9981353
stl10/test/03942,3942,9,truck,ViT-B/16 + linear head,9,truck,0.9828461
stl10/test/03542,3542,7,monkey,ViT-B/16 + linear head,7,monkey,0.9947456
stl10/test/06952,6952,3,cat,ViT-B/16 + linear head,3,cat,0.9959377
stl10/test/04290,4290,5,dog,ViT-B/16 + linear head,1,bird,0.64870495
stl10/test/07446,7446,8,ship,ViT-B/16 + linear head,8,ship,0.99558866
stl10/test/06169,6169,1,bird,ViT-B/16 + linear head,1,bird,0.5656509
stl10/test/01109,1109,1,bird,ViT-B/16 + linear head,1,bird,0.736681
stl10/test/03179,3179,4,deer,ViT-B/16 + linear head,4,deer,0.9989127
stl10/test/07835,7835,7,monkey,ViT-B/16 + linear head,7,monkey,0.98680437
stl10/test/07390,7390,1,bird,ViT-B/16 + linear head,1,bird,0.9531818
stl10/test/00568,568,5,dog,ViT-B/16 + linear head,5,dog,0.98452026
stl10/test/04629,4629,4,deer,ViT-B/16 + linear head,4,deer,0.9996043
stl10/test/07138,7138,8,ship,ViT-B/16 + linear head,8,ship,0.9926484
stl10/test/05284,5284,9,truck,ViT-B/16 + linear head,9,truck,0.99564916
stl10/test/00003,3,0,airplane,ViT-B/16 + linear head,0,airplane,0.95269626
stl10/test/02690,2690,1,bird,ViT-B/16 + linear head,1,bird,0.99863905
stl10/test/05858,5858,6,horse,ViT-B/16 + linear head,6,horse,0.9988661
stl10/test/01266,1266,4,deer,ViT-B/16 + linear head,4,deer,0.9910802
stl10/test/03034,3034,4,deer,ViT-B/16 + linear head,4,deer,0.9953033
stl10/test/02655,2655,9,truck,ViT-B/16 + linear head,9,truck,0.984786
stl10/test/06190,6190,7,monkey,ViT-B/16 + linear head,7,monkey,0.99769837
stl10/test/04170,4170,8,ship,ViT-B/16 + linear head,8,ship,0.9988581
stl10/test/07380,7380,9,truck,ViT-B/16 + linear head,9,truck,0.99524045
stl10/test/07752,7752,9,truck,ViT-B/16 + linear head,9,truck,0.9933549
stl10/test/03996,3996,9,truck,ViT-B/16 + linear head,9,truck,0.9918698
stl10/test/01204,1204,3,cat,ViT-B/16 + linear head,3,cat,0.99993086
stl10/test/01654,1654,9,truck,ViT-B/16 + linear head,9,truck,0.98535454
stl10/test/04746,4746,6,horse,ViT-B/16 + linear head,6,horse,0.9897323
stl10/test/04590,4590,3,cat,ViT-B/16 + linear head,3,cat,0.99653995
stl10/test/00562,562,0,airplane,ViT-B/16 + linear head,0,airplane,0.99204016
stl10/test/07108,7108,6,horse,ViT-B/16 + linear head,6,horse,0.9904751
stl10/test/05999,5999,0,airplane,ViT-B/16 + linear head,0,airplane,0.99957746
stl10/test/01403,1403,2,car,ViT-B/16 + linear head,2,car,0.999193
stl10/test/04403,4403,7,monkey,ViT-B/16 + linear head,7,monkey,0.9993248
stl10/test/06332,6332,2,car,ViT-B/16 + linear head,2,car,0.9974209
stl10/test/06264,6264,2,car,ViT-B/16 + linear head,2,car,0.99992085
stl10/test/00303,303,9,truck,ViT-B/16 + linear head,9,truck,0.99509025
stl10/test/00791,791,3,cat,ViT-B/16 + linear head,3,cat,0.99696714
stl10/test/03067,3067,2,car,ViT-B/16 + linear head,2,car,0.9992501
stl10/test/00484,484,0,airplane,ViT-B/16 + linear head,0,airplane,0.99310076
stl10/test/01370,1370,3,cat,ViT-B/16 + linear head,3,cat,0.9992981
stl10/test/04069,4069,8,ship,ViT-B/16 + linear head,8,ship,0.5950259
stl10/test/07373,7373,0,airplane,ViT-B/16 + linear head,0,airplane,0.99527377
stl10/test/04330,4330,3,cat,ViT-B/16 + linear head,3,cat,0.9960641
stl10/test/05701,5701,5,dog,ViT-B/16 + linear head,5,dog,0.99246913
stl10/test/07465,7465,0,airplane,ViT-B/16 + linear head,0,airplane,0.9971455
stl10/test/01531,1531,3,cat,ViT-B/16 + linear head,3,cat,0.99774075
stl10/test/04676,4676,8,ship,ViT-B/16 + linear head,8,ship,0.9997621
stl10/test/04531,4531,3,cat,ViT-B/16 + linear head,3,cat,0.9978331
stl10/test/00706,706,8,ship,ViT-B/16 + linear head,8,ship,0.9995146
stl10/test/02844,2844,8,ship,ViT-B/16 + linear head,8,ship,0.99898964
stl10/test/03755,3755,2,car,ViT-B/16 + linear head,2,car,0.9994537
stl10/test/05848,5848,7,monkey,ViT-B/16 + linear head,7,monkey,0.99686795
stl10/test/02114,2114,9,truck,ViT-B/16 + linear head,9,truck,0.9710616
stl10/test/03876,3876,0,airplane,ViT-B/16 + linear head,0,airplane,0.9981945
stl10/test/00677,677,3,cat,ViT-B/16 + linear head,3,cat,0.995382
stl10/test/02116,2116,1,bird,ViT-B/16 + linear head,3,cat,0.99324507
stl10/test/04661,4661,7,monkey,ViT-B/16 + linear head,7,monkey,0.9629971
stl10/test/02676,2676,6,horse,ViT-B/16 + linear head,6,horse,0.44665086
stl10/test/03025,3025,0,airplane,ViT-B/16 + linear head,0,airplane,0.9976966
stl10/test/04449,4449,9,truck,ViT-B/16 + linear head,9,truck,0.9854424
stl10/test/00977,977,6,horse,ViT-B/16 + linear head,6,horse,0.99589795
stl10/test/04990,4990,8,ship,ViT-B/16 + linear head,8,ship,0.98698145
stl10/test/07309,7309,0,airplane,ViT-B/16 + linear head,0,airplane,0.99745136
stl10/test/01048,1048,7,monkey,ViT-B/16 + linear head,7,monkey,0.9802127
stl10/test/03276,3276,3,cat,ViT-B/16 + linear head,3,cat,0.9521121
stl10/test/05512,5512,2,car,ViT-B/16 + linear head,9,truck,0.41172716
stl10/test/07692,7692,4,deer,ViT-B/16 + linear head,4,deer,0.99149066
stl10/test/01436,1436,1,bird,ViT-B/16 + linear head,1,bird,0.9991009
stl10/test/07544,7544,9,truck,ViT-B/16 + linear head,9,truck,0.9859137
stl10/test/03383,3383,3,cat,ViT-B/16 + linear head,3,cat,0.99561983
stl10/test/01977,1977,0,airplane,ViT-B/16 + linear head,0,airplane,0.9911362
stl10/test/02750,2750,0,airplane,ViT-B/16 + linear head,0,airplane,0.98695976
stl10/test/07996,7996,6,horse,ViT-B/16 + linear head,6,horse,0.98819214
stl10/test/06989,6989,5,dog,ViT-B/16 + linear head,5,dog,0.976703
stl10/test/01431,1431,3,cat,ViT-B/16 + linear head,3,cat,0.99018645
stl10/test/07416,7416,3,cat,ViT-B/16 + linear head,3,cat,0.9767169
stl10/test/04547,4547,5,dog,ViT-B/16 + linear head,5,dog,0.9214247
stl10/test/00042,42,0,airplane,ViT-B/16 + linear head,0,airplane,0.9988871
stl10/test/05117,5117,0,airplane,ViT-B/16 + linear head,0,airplane,0.99868864
stl10/test/04411,4411,6,horse,ViT-B/16 + linear head,6,horse,0.99216
stl10/test/05789,5789,4,deer,ViT-B/16 + linear head,4,deer,0.99566084
stl10/test/00483,483,2,car,ViT-B/16 + linear head,2,car,0.9771236
stl10/test/06650,6650,7,monkey,ViT-B/16 + linear head,7,monkey,0.99940944
stl10/test/04881,4881,3,cat,ViT-B/16 + linear head,3,cat,0.9998319
stl10/test/00391,391,3,cat,ViT-B/16 + linear head,3,cat,0.9997992
stl10/test/00370,370,7,monkey,ViT-B/16 + linear head,7,monkey,0.9985123
stl10/test/00419,419,9,truck,ViT-B/16 + linear head,9,truck,0.96643895
stl10/test/03318,3318,9,truck,ViT-B/16 + linear head,9,truck,0.99300414
stl10/test/04355,4355,8,ship,ViT-B/16 + linear head,0,airplane,0.5249949
stl10/test/05402,5402,4,deer,ViT-B/16 + linear head,4,deer,0.99758565
stl10/test/05332,5332,5,dog,ViT-B/16 + linear head,5,dog,0.67446077
stl10/test/00239,239,9,truck,ViT-B/16 + linear head,9,truck,0.9987123
stl10/test/06271,6271,2,car,ViT-B/16 + linear head,2,car,0.9904799
stl10/test/01129,1129,8,ship,ViT-B/16 + linear head,8,ship,0.99827886
stl10/test/02391,2391,5,dog,ViT-B/16 + linear head,5,dog,0.60246134
stl10/test/00191,191,9,truck,ViT-B/16 + linear head,9,truck,0.9345799
stl10/test/05447,5447,9,truck,ViT-B/16 + linear head,9,truck,0.99968886
stl10/test/06528,6528,4,deer,ViT-B/16 + linear head,4,deer,0.9990557
stl10/test/00632,632,3,cat,CLIP ViT-B/32 + linear head,3,cat,0.14866206
stl10/test/00131,131,9,truck,CLIP ViT-B/32 + linear head,9,truck,0.14501673
stl10/test/07081,7081,7,monkey,CLIP ViT-B/32 + linear head,7,monkey,0.1425638
stl10/test/01836,1836,9,truck,CLIP ViT-B/32 + linear head,9,truck,0.13916802
stl10/test/06437,6437,0,airplane,CLIP ViT-B/32 + linear head,0,airplane,0.14998132
stl10/test/06609,6609,0,airplane,CLIP ViT-B/32 + linear head,0,airplane,0.14759462
stl10/test/03467,3467,7,monkey,CLIP ViT-B/32 + linear head,7,monkey,0.13261609
stl10/test/01401,1401,3,cat,CLIP ViT-B/32 + linear head,3,cat,0.14365146
stl10/test/01839,1839,2,car,CLIP ViT-B/32 + linear head,2,car,0.1416325
stl10/test/04168,4168,3,cat,CLIP ViT-B/32 + linear head,3,cat,0.12987266
stl10/test/00035,35,2,car,CLIP ViT-B/32 + linear head,2,car,0.12937695
stl10/test/04177,4177,8,ship,CLIP ViT-B/32 + linear head,8,ship,0.1573773
stl10/test/07270,7270,7,monkey,CLIP ViT-B/32 + linear head,7,monkey,0.13152497
stl10/test/02265,2265,5,dog,CLIP ViT-B/32 + linear head,5,dog,0.14388424
stl10/test/03288,3288,7,monkey,CLIP ViT-B/32 + linear head,7,monkey,0.15245654
stl10/test/05451,5451,8,ship,CLIP ViT-B/32 + linear head,8,ship,0.15802372
stl10/test/04023,4023,3,cat,CLIP ViT-B/32 + linear head,3,cat,0.12790434
stl10/test/00261,261,1,bird,CLIP ViT-B/32 + linear head,1,bird,0.13193415
stl10/test/04570,4570,5,dog,CLIP ViT-B/32 + linear head,5,dog,0.13656089
stl10/test/04966,4966,5,dog,CLIP ViT-B/32 + linear head,5,dog,0.13193616
stl10/test/07955,7955,1,bird,CLIP ViT-B/32 + linear head,1,bird,0.15002573
stl10/test/06288,6288,4,deer,CLIP ViT-B/32 + linear head,4,deer,0.14836633
stl10/test/07810,7810,8,ship,CLIP ViT-B/32 + linear head,8,ship,0.1516719
stl10/test/01927,1927,7,monkey,CLIP ViT-B/32 + linear head,7,monkey,0.14784099
stl10/test/01871,1871,1,bird,CLIP ViT-B/32 + linear head,1,bird,0.12398698
stl10/test/06922,6922,5,dog,CLIP ViT-B/32 + linear head,5,dog,0.14050317
stl10/test/03512,3512,4,deer,CLIP ViT-B/32 + linear head,4,deer,0.1476512
stl10/test/04754,4754,6,horse,CLIP ViT-B/32 + linear head,6,horse,0.14262934
stl10/test/00714,714,2,car,CLIP ViT-B/32 + linear head,9,truck,0.1118712
stl10/test/02191,2191,8,ship,CLIP ViT-B/32 + linear head,8,ship,0.15959837
stl10/test/04615,4615,0,airplane,CLIP ViT-B/32 + linear head,0,airplane,0.15370566
stl10/test/04662,4662,8,ship,CLIP ViT-B/32 + linear head,8,ship,0.16464157
stl10/test/05915,5915,9,truck,CLIP ViT-B/32 + linear head,9,truck,0.13668486
stl10/test/00766,766,4,deer,CLIP ViT-B/32 + linear head,6,horse,0.12910247
stl10/test/05218,5218,2,car,CLIP ViT-B/32 + linear head,2,car,0.14664507
stl10/test/02340,2340,8,ship,CLIP ViT-B/32 + linear head,8,ship,0.16337349
stl10/test/01954,1954,8,ship,CLIP ViT-B/32 + linear head,8,ship,0.14080772
stl10/test/07875,7875,8,ship,CLIP ViT-B/32 + linear head,8,ship,0.14776735
stl10/test/03418,3418,6,horse,CLIP ViT-B/32 + linear head,6,horse,0.14800069
stl10/test/05572,5572,9,truck,CLIP ViT-B/32 + linear head,9,truck,0.1272082
stl10/test/05977,5977,7,monkey,CLIP ViT-B/32 + linear head,7,monkey,0.15451708
stl10/test/05123,5123,1,bird,CLIP ViT-B/32 + linear head,1,bird,0.13252202
stl10/test/05851,5851,9,truck,CLIP ViT-B/32 + linear head,9,truck,0.14354067
stl10/test/04094,4094,9,truck,CLIP ViT-B/32 + linear head,9,truck,0.14010285
stl10/test/04254,4254,6,horse,CLIP ViT-B/32 + linear head,6,horse,0.14264384
stl10/test/02501,2501,7,monkey,CLIP ViT-B/32 + linear head,7,monkey,0.14404196
stl10/test/06938,6938,1,bird,CLIP ViT-B/32 + linear head,1,bird,0.15472426
stl10/test/00171,171,4,deer,CLIP ViT-B/32 + linear head,4,deer,0.14256313
stl10/test/04215,4215,3,cat,CLIP ViT-B/32 + linear head,3,cat,0.13303126
stl10/test/05705,5705,8,ship,CLIP ViT-B/32 + linear head,8,ship,0.16288109
stl10/test/03458,3458,4,deer,CLIP ViT-B/32 + linear head,4,deer,0.15595901
stl10/test/01220,1220,7,monkey,CLIP ViT-B/32 + linear head,7,monkey,0.14940576
stl10/test/00962,962,8,ship,CLIP ViT-B/32 + linear head,8,ship,0.16070934
stl10/test/02950,2950,5,dog,CLIP ViT-B/32 + linear head,5,dog,0.13946982
stl10/test/02623,2623,5,dog,CLIP ViT-B/32 + linear head,5,dog,0.13681644
stl10/test/04539,4539,0,airplane,CLIP ViT-B/32 + linear head,0,airplane,0.14931118
stl10/test/01553,1553,0,airplane,CLIP ViT-B/32 + linear head,0,airplane,0.14777654
stl10/test/04740,4740,4,deer,CLIP ViT-B/32 + linear head,4,deer,0.1449387
stl10/test/06844,6844,0,airplane,CLIP ViT-B/32 + linear head,0,airplane,0.15215029
stl10/test/02668,2668,7,monkey,CLIP ViT-B/32 + linear head,7,monkey,0.14243066
stl10/test/03153,3153,7,monkey,CLIP ViT-B/32 + linear head,7,monkey,0.13929726
stl10/test/05135,5135,4,deer,CLIP ViT-B/32 + linear head,4,deer,0.14793675
stl10/test/02291,2291,3,cat,CLIP ViT-B/32 + linear head,3,cat,0.14097026
stl10/test/00116,116,1,bird,CLIP ViT-B/32 + linear head,1,bird,0.13594863
stl10/test/07797,7797,3,cat,CLIP ViT-B/32 + linear head,3,cat,0.14091033
stl10/test/04609,4609,3,cat,CLIP ViT-B/32 + linear head,3,cat,0.12094594
stl10/test/00081,81,0,airplane,CLIP ViT-B/32 + linear head,0,airplane,0.13509591
stl10/test/05580,5580,6,horse,CLIP ViT-B/32 + linear head,6,horse,0.1438197
stl10/test/03024,3024,2,car,CLIP ViT-B/32 + linear head,2,car,0.14125107
stl10/test/02766,2766,5,dog,CLIP ViT-B/32 + linear head,5,dog,0.14161642
stl10/test/05000,5000,8,ship,CLIP ViT-B/32 + linear head,8,ship,0.14585483
stl10/test/02610,2610,6,horse,CLIP ViT-B/32 + linear head,6,horse,0.13024755
stl10/test/02024,2024,0,airplane,CLIP ViT-B/32 + linear head,0,airplane,0.14680031
stl10/test/06097,6097,4,deer,CLIP ViT-B/32 + linear head,4,deer,0.15330525
stl10/test/00964,964,6,horse,CLIP ViT-B/32 + linear head,6,horse,0.1370247
stl10/test/07634,7634,0,airplane,CLIP ViT-B/32 + linear head,0,airplane,0.16018684
stl10/test/06434,6434,8,ship,CLIP ViT-B/32 + linear head,8,ship,0.15851015
stl10/test/05183,5183,2,car,CLIP ViT-B/32 + linear head,2,car,0.13888814
stl10/test/06986,6986,0,airplane,CLIP ViT-B/32 + linear head,0,airplane,0.15102316
stl10/test/00645,645,5,dog,CLIP ViT-B/32 + linear head,5,dog,0.14269455
stl10/test/03347,3347,0,airplane,CLIP ViT-B/32 + linear head,0,airplane,0.15261455
stl10/test/05677,5677,2,car,CLIP ViT-B/32 + linear head,2,car,0.13977292
stl10/test/03412,3412,8,ship,CLIP ViT-B/32 + linear head,8,ship,0.16142234
stl10/test/03937,3937,1,bird,CLIP ViT-B/32 + linear head,1,bird,0.15057607
stl10/test/00873,873,6,horse,CLIP ViT-B/32 + linear head,4,deer,0.12712169
stl10/test/02167,2167,9,truck,CLIP ViT-B/32 + linear head,9,truck,0.14012818
stl10/test/06490,6490,3,cat,CLIP ViT-B/32 + linear head,3,cat,0.13190371
stl10/test/00738,738,3,cat,CLIP ViT-B/32 + linear head,3,cat,0.13186342
stl10/test/06616,6616,2,car,CLIP ViT-B/32 + linear head,2,car,0.1314002
stl10/test/04093,4093,6,horse,CLIP ViT-B/32 + linear head,6,horse,0.1409189
stl10/test/05788,5788,9,truck,CLIP ViT-B/32 + linear head,9,truck,0.1292404
stl10/test/07818,7818,8,ship,CLIP ViT-B/32 + linear head,8,ship,0.15482977
stl10/test/00304,304,1,bird,CLIP ViT-B/32 + linear head,1,bird,0.12990981
stl10/test/02082,2082,2,car,CLIP ViT-B/32 + linear head,2,car,0.12543364
stl10/test/02746,2746,7,monkey,CLIP ViT-B/32 + linear head,7,monkey,0.14760199
stl10/test/07944,7944,4,deer,CLIP ViT-B/32 + linear head,4,deer,0.13746499
stl10/test/06689,6689,8,ship,CLIP ViT-B/32 + linear head,8,ship,0.15340905
stl10/test/02414,2414,9,truck,CLIP ViT-B/32 + linear head,9,truck,0.12853414
stl10/test/03779,3779,6,horse,CLIP ViT-B/32 + linear head,6,horse,0.14376062
stl10/test/02095,2095,1,bird,CLIP ViT-B/32 + linear head,1,bird,0.13807853
stl10/test/07262,7262,0,airplane,CLIP ViT-B/32 + linear head,0,airplane,0.1549209
stl10/test/05694,5694,8,ship,CLIP ViT-B/32 + linear head,8,ship,0.1536924
stl10/test/07413,7413,5,dog,CLIP ViT-B/32 + linear head,3,cat,0.12269117
stl10/test/06805,6805,1,bird,CLIP ViT-B/32 + linear head,1,bird,0.13277559
stl10/test/03446,3446,7,monkey,CLIP ViT-B/32 + linear head,7,monkey,0.15149617
stl10/test/02807,2807,5,dog,CLIP ViT-B/32 + linear head,4,deer,0.11167644
stl10/test/07940,7940,4,deer,CLIP ViT-B/32 + linear head,4,deer,0.14417876
stl10/test/04172,4172,7,monkey,CLIP ViT-B/32 + linear head,7,monkey,0.13623902
stl10/test/07744,7744,3,cat,CLIP ViT-B/32 + linear head,3,cat,0.1345657
stl10/test/01586,1586,2,car,CLIP ViT-B/32 + linear head,2,car,0.14660034
stl10/test/07999,7999,8,ship,CLIP ViT-B/32 + linear head,8,ship,0.1462307
stl10/test/06349,6349,1,bird,CLIP ViT-B/32 + linear head,1,bird,0.14653517
stl10/test/06594,6594,1,bird,CLIP ViT-B/32 + linear head,1,bird,0.13579126
stl10/test/02109,2109,8,ship,CLIP ViT-B/32 + linear head,8,ship,0.16297878
stl10/test/03079,3079,1,bird,CLIP ViT-B/32 + linear head,1,bird,0.1510808
stl10/test/02070,2070,1,bird,CLIP ViT-B/32 + linear head,1,bird,0.14021479
stl10/test/00319,319,5,dog,CLIP ViT-B/32 + linear head,5,dog,0.13817643
stl10/test/02888,2888,0,airplane,CLIP ViT-B/32 + linear head,0,airplane,0.15032136
stl10/test/06224,6224,5,dog,CLIP ViT-B/32 + linear head,5,dog,0.1291618
stl10/test/03353,3353,5,dog,CLIP ViT-B/32 + linear head,5,dog,0.121123
stl10/test/06244,6244,2,car,CLIP ViT-B/32 + linear head,2,car,0.13747224
stl10/test/04704,4704,7,monkey,CLIP ViT-B/32 + linear head,7,monkey,0.15292746
stl10/test/02427,2427,5,dog,CLIP ViT-B/32 + linear head,5,dog,0.14267012
stl10/test/07995,7995,9,truck,CLIP ViT-B/32 + linear head,9,truck,0.1422511
stl10/test/01124,1124,4,deer,CLIP ViT-B/32 + linear head,4,deer,0.14561325
stl10/test/06733,6733,1,bird,CLIP ViT-B/32 + linear head,1,bird,0.122939765
stl10/test/02062,2062,9,truck,CLIP ViT-B/32 + linear head,9,truck,0.14810352
stl10/test/00805,805,9,truck,CLIP ViT-B/32 + linear head,9,truck,0.12371025
stl10/test/02028,2028,3,cat,CLIP ViT-B/32 + linear head,3,cat,0.14348169
stl10/test/02392,2392,2,car,CLIP ViT-B/32 + linear head,2,car,0.14162067
stl10/test/03292,3292,6,horse,CLIP ViT-B/32 + linear head,6,horse,0.12573643
stl10/test/01440,1440,7,monkey,CLIP ViT-B/32 + linear head,7,monkey,0.14513434
stl10/test/01115,1115,1,bird,CLIP ViT-B/32 + linear head,1,bird,0.14860874
stl10/test/04242,4242,8,ship,CLIP ViT-B/32 + linear head,8,ship,0.16578034
stl10/test/02230,2230,8,ship,CLIP ViT-B/32 + linear head,8,ship,0.1633046
stl10/test/03163,3163,2,car,CLIP ViT-B/32 + linear head,2,car,0.14356786
stl10/test/00545,545,6,horse,CLIP ViT-B/32 + linear head,6,horse,0.12903543
stl10/test/03863,3863,5,dog,CLIP ViT-B/32 + linear head,5,dog,0.13493977
stl10/test/04748,4748,7,monkey,CLIP ViT-B/32 + linear head,7,monkey,0.15436025
stl10/test/02399,2399,4,deer,CLIP ViT-B/32 + linear head,4,deer,0.14306408
stl10/test/04341,4341,6,horse,CLIP ViT-B/32 + linear head,6,horse,0.1468186
stl10/test/03078,3078,4,deer,CLIP ViT-B/32 + linear head,4,deer,0.15009634
stl10/test/03763,3763,4,deer,CLIP ViT-B/32 + linear head,4,deer,0.15754972
stl10/test/02958,2958,6,horse,CLIP ViT-B/32 + linear head,6,horse,0.14458957
stl10/test/06381,6381,6,horse,CLIP ViT-B/32 + linear head,6,horse,0.14944148
stl10/test/01640,1640,8,ship,CLIP ViT-B/32 + linear head,8,ship,0.1635653
stl10/test/01783,1783,8,ship,CLIP ViT-B/32 + linear head,8,ship,0.15995309
stl10/test/03914,3914,3,cat,CLIP ViT-B/32 + linear head,3,cat,0.14542034
stl10/test/01534,1534,6,horse,CLIP ViT-B/32 + linear head,6,horse,0.12261969
stl10/test/00685,685,5,dog,CLIP ViT-B/32 + linear head,5,dog,0.14093697
stl10/test/04617,4617,0,airplane,CLIP ViT-B/32 + linear head,0,airplane,0.15291908
stl10/test/05508,5508,9,truck,CLIP ViT-B/32 + linear head,9,truck,0.14168039
stl10/test/01022,1022,9,truck,CLIP ViT-B/32 + linear head,9,truck,0.120542385
stl10/test/01230,1230,1,bird,CLIP ViT-B/32 + linear head,7,monkey,0.13433407
stl10/test/07475,7475,4,deer,CLIP ViT-B/32 + linear head,4,deer,0.15558256
stl10/test/05756,5756,2,car,CLIP ViT-B/32 + linear head,2,car,0.14399596
stl10/test/03122,3122,4,deer,CLIP ViT-B/32 + linear head,4,deer,0.13424273
stl10/test/07202,7202,1,bird,CLIP ViT-B/32 + linear head,1,bird,0.14539827
stl10/test/04723,4723,9,truck,CLIP ViT-B/32 + linear head,9,truck,0.127973
stl10/test/01552,1552,5,dog,CLIP ViT-B/32 + linear head,5,dog,0.12786151
stl10/test/00603,603,9,truck,CLIP ViT-B/32 + linear head,9,truck,0.13165818
stl10/test/02861,2861,3,cat,CLIP ViT-B/32 + linear head,3,cat,0.13798176
stl10/test/06426,6426,2,car,CLIP ViT-B/32 + linear head,2,car,0.15155926
stl10/test/07864,7864,4,deer,CLIP ViT-B/32 + linear head,4,deer,0.15882862
stl10/test/05729,5729,6,horse,CLIP ViT-B/32 + linear head,6,horse,0.14694344
stl10/test/07474,7474,5,dog,CLIP ViT-B/32 + linear head,5,dog,0.14454503
stl10/test/04298,4298,1,bird,CLIP ViT-B/32 + linear head,1,bird,0.15247326
stl10/test/01175,1175,0,airplane,CLIP ViT-B/32 + linear head,0,airplane,0.15561129
stl10/test/03454,3454,2,car,CLIP ViT-B/32 + linear head,2,car,0.14549208
stl10/test/02754,2754,3,cat,CLIP ViT-B/32 + linear head,3,cat,0.14586353
stl10/test/00855,855,4,deer,CLIP ViT-B/32 + linear head,4,deer,0.14432359
stl10/test/02854,2854,7,monkey,CLIP ViT-B/32 + linear head,7,monkey,0.1497605
stl10/test/05092,5092,1,bird,CLIP ViT-B/32 + linear head,1,bird,0.1529486
stl10/test/05590,5590,9,truck,CLIP ViT-B/32 + linear head,9,truck,0.13192447
stl10/test/04463,4463,3,cat,CLIP ViT-B/32 + linear head,3,cat,0.14106451
stl10/test/05318,5318,2,car,CLIP ViT-B/32 + linear head,2,car,0.11707817
stl10/test/03515,3515,6,horse,CLIP ViT-B/32 + linear head,6,horse,0.14211085
stl10/test/04642,4642,4,deer,CLIP ViT-B/32 + linear head,4,deer,0.14948882
stl10/test/00852,852,9,truck,CLIP ViT-B/32 + linear head,9,truck,0.14218275
stl10/test/01247,1247,8,ship,CLIP ViT-B/32 + linear head,8,ship,0.14675145
stl10/test/07084,7084,2,car,CLIP ViT-B/32 + linear head,2,car,0.13052405
stl10/test/05301,5301,9,truck,CLIP ViT-B/32 + linear head,9,truck,0.12820463
stl10/test/05082,5082,6,horse,CLIP ViT-B/32 + linear head,6,horse,0.14762613
stl10/test/05077,5077,4,deer,CLIP ViT-B/32 + linear head,4,deer,0.15731369
stl10/test/01563,1563,3,cat,CLIP ViT-B/32 + linear head,7,monkey,0.14270526
stl10/test/00029,29,7,monkey,CLIP ViT-B/32 + linear head,7,monkey,0.1497336
stl10/test/03867,3867,7,monkey,CLIP ViT-B/32 + linear head,7,monkey,0.14664505
stl10/test/04620,4620,6,horse,CLIP ViT-B/32 + linear head,6,horse,0.14145553
stl10/test/04065,4065,2,car,CLIP ViT-B/32 + linear head,2,car,0.13506941
stl10/test/01095,1095,5,dog,CLIP ViT-B/32 + linear head,5,dog,0.1390731
stl10/test/04229,4229,3,cat,CLIP ViT-B/32 + linear head,3,cat,0.1511841
stl10/test/03562,3562,3,cat,CLIP ViT-B/32 + linear head,3,cat,0.11942055
stl10/test/02342,2342,8,ship,CLIP ViT-B/32 + linear head,8,ship,0.16124554
stl10/test/01667,1667,6,horse,CLIP ViT-B/32 + linear head,6,horse,0.14354259
stl10/test/07033,7033,1,bird,CLIP ViT-B/32 + linear head,1,bird,0.1397678
stl10/test/01771,1771,7,monkey,CLIP ViT-B/32 + linear head,7,monkey,0.13375133
stl10/test/03157,3157,8,ship,CLIP ViT-B/32 + linear head,8,ship,0.16439788
stl10/test/03851,3851,3,cat,CLIP ViT-B/32 + linear head,3,cat,0.13636887
stl10/test/01287,1287,7,monkey,CLIP ViT-B/32 + linear head,7,monkey,0.13311113
stl10/test/07320,7320,0,airplane,CLIP ViT-B/32 + linear head,0,airplane,0.14251658
stl10/test/07600,7600,6,horse,CLIP ViT-B/32 + linear head,6,horse,0.13062564
stl10/test/03852,3852,5,dog,CLIP ViT-B/32 + linear head,5,dog,0.13808064
stl10/test/00269,269,7,monkey,CLIP ViT-B/32 + linear head,7,monkey,0.14504063
stl10/test/01703,1703,7,monkey,CLIP ViT-B/32 + linear head,7,monkey,0.13693587
stl10/test/07776,7776,5,dog,CLIP ViT-B/32 + linear head,5,dog,0.13546947
stl10/test/03891,3891,4,deer,CLIP ViT-B/32 + linear head,4,deer,0.14797488
stl10/test/07009,7009,0,airplane,CLIP ViT-B/32 + linear head,0,airplane,0.14421491
stl10/test/04893,4893,0,airplane,CLIP ViT-B/32 + linear head,0,airplane,0.15612508
stl10/test/02351,2351,9,truck,CLIP ViT-B/32 + linear head,9,truck,0.14159955
stl10/test/03550,3550,1,bird,CLIP ViT-B/32 + linear head,1,bird,0.13857128
stl10/test/05719,5719,7,monkey,CLIP ViT-B/32 + linear head,7,monkey,0.15356627
stl10/test/01884,1884,7,monkey,CLIP ViT-B/32 + linear head,7,monkey,0.1437007
stl10/test/02898,2898,4,deer,CLIP ViT-B/32 + linear head,4,deer,0.1508874
stl10/test/04640,4640,1,bird,CLIP ViT-B/32 + linear head,1,bird,0.14053813
stl10/test/07610,7610,4,deer,CLIP ViT-B/32 + linear head,4,deer,0.14605473
stl10/test/01833,1833,8,ship,CLIP ViT-B/32 + linear head,8,ship,0.15371093
stl10/test/06455,6455,0,airplane,CLIP ViT-B/32 + linear head,0,airplane,0.1418344
stl10/test/03893,3893,9,truck,CLIP ViT-B/32 + linear head,9,truck,0.1309761
stl10/test/04731,4731,6,horse,CLIP ViT-B/32 + linear head,6,horse,0.14596902
stl10/test/00929,929,6,horse,CLIP ViT-B/32 + linear head,6,horse,0.14870368
stl10/test/03962,3962,6,horse,CLIP ViT-B/32 + linear head,6,horse,0.13639086
stl10/test/03778,3778,3,cat,CLIP ViT-B/32 + linear head,3,cat,0.1284661
stl10/test/01429,1429,4,deer,CLIP ViT-B/32 + linear head,4,deer,0.14001845
stl10/test/00049,49,2,car,CLIP ViT-B/32 + linear head,2,car,0.1444453
stl10/test/00276,276,9,truck,CLIP ViT-B/32 + linear head,9,truck,0.12247518
stl10/test/06076,6076,1,bird,CLIP ViT-B/32 + linear head,1,bird,0.15626365
stl10/test/01389,1389,0,airplane,CLIP ViT-B/32 + linear head,0,airplane,0.14966957
stl10/test/03362,3362,2,car,CLIP ViT-B/32 + linear head,2,car,0.14178787
stl10/test/00317,317,2,car,CLIP ViT-B/32 + linear head,2,car,0.14277416
stl10/test/04675,4675,0,airplane,CLIP ViT-B/32 + linear head,0,airplane,0.14654893
stl10/test/05924,5924,5,dog,CLIP ViT-B/32 + linear head,5,dog,0.11942635
stl10/test/00198,198,1,bird,CLIP ViT-B/32 + linear head,1,bird,0.14717852
stl10/test/07779,7779,6,horse,CLIP ViT-B/32 + linear head,6,horse,0.13976073
stl10/test/04054,4054,4,deer,CLIP ViT-B/32 + linear head,4,deer,0.15430398
stl10/test/05556,5556,4,deer,CLIP ViT-B/32 + linear head,4,deer,0.15305446
stl10/test/02687,2687,1,bird,CLIP ViT-B/32 + linear head,1,bird,0.15485129
stl10/test/01202,1202,2,car,CLIP ViT-B/32 + linear head,2,car,0.15198109
stl10/test/00097,97,5,dog,CLIP ViT-B/32 + linear head,5,dog,0.13407047
stl10/test/06033,6033,4,deer,CLIP ViT-B/32 + linear head,4,deer,0.14157334
stl10/test/01711,1711,7,monkey,CLIP ViT-B/32 + linear head,7,monkey,0.14726962
stl10/test/01430,1430,9,truck,CLIP ViT-B/32 + linear head,9,truck,0.13597834
stl10/test/00739,739,8,ship,CLIP ViT-B/32 + linear head,8,ship,0.16356955
stl10/test/03491,3491,1,bird,CLIP ViT-B/32 + linear head,1,bird,0.14350599
stl10/test/01568,1568,1,bird,CLIP ViT-B/32 + linear head,1,bird,0.13920042
stl10/test/01211,1211,4,deer,CLIP ViT-B/32 + linear head,4,deer,0.14749518
stl10/test/04913,4913,2,car,CLIP ViT-B/32 + linear head,2,car,0.13190247
stl10/test/02502,2502,2,car,CLIP ViT-B/32 + linear head,2,car,0.14727516
stl10/test/02539,2539,3,cat,CLIP ViT-B/32 + linear head,3,cat,0.14086694
stl10/test/00979,979,3,cat,CLIP ViT-B/32 + linear head,3,cat,0.13338539
stl10/test/06354,6354,2,car,CLIP ViT-B/32 + linear head,2,car,0.12684593
stl10/test/04735,4735,2,car,CLIP ViT-B/32 + linear head,2,car,0.1341249
stl10/test/05912,5912,0,airplane,CLIP ViT-B/32 + linear head,0,airplane,0.15551195
stl10/test/03844,3844,6,horse,CLIP ViT-B/32 + linear head,6,horse,0.13619599
stl10/test/01263,1263,3,cat,CLIP ViT-B/32 + linear head,3,cat,0.12762794
stl10/test/03404,3404,7,monkey,CLIP ViT-B/32 + linear head,7,monkey,0.14232066
stl10/test/03905,3905,8,ship,CLIP ViT-B/32 + linear head,8,ship,0.15905935
stl10/test/01596,1596,0,airplane,CLIP ViT-B/32 + linear head,0,airplane,0.15744346
stl10/test/03083,3083,0,airplane,CLIP ViT-B/32 + linear head,0,airplane,0.15357937
stl10/test/02003,2003,6,horse,CLIP ViT-B/32 + linear head,6,horse,0.14661913
stl10/test/05030,5030,2,car,CLIP ViT-B/32 + linear head,2,car,0.14851773
stl10/test/00095,95,1,bird,CLIP ViT-B/32 + linear head,1,bird,0.15407678
stl10/test/02757,2757,4,deer,CLIP ViT-B/32 + linear head,4,deer,0.14641696
stl10/test/03413,3413,1,bird,CLIP ViT-B/32 + linear head,1,bird,0.15900846
stl10/test/05488,5488,1,bird,CLIP ViT-B/32 + linear head,1,bird,0.12083831
stl10/test/04827,4827,6,horse,CLIP ViT-B/32 + linear head,6,horse,0.12730573
stl10/test/01877,1877,5,dog,CLIP ViT-B/32 + linear head,5,dog,0.1367591
stl10/test/02157,2157,1,bird,CLIP ViT-B/32 + linear head,1,bird,0.14568762
stl10/test/04821,4821,3,cat,CLIP ViT-B/32 + linear head,3,cat,0.13740385
stl10/test/04953,4953,5,dog,CLIP ViT-B/32 + linear head,5,dog,0.12529038
stl10/test/05525,5525,8,ship,CLIP ViT-B/32 + linear head,8,ship,0.14936984
stl10/test/05381,5381,5,dog,CLIP ViT-B/32 + linear head,5,dog,0.12410579
stl10/test/00672,672,3,cat,CLIP ViT-B/32 + linear head,3,cat,0.14429915
stl10/test/00323,323,7,monkey,CLIP ViT-B/32 + linear head,7,monkey,0.14605585
stl10/test/05436,5436,7,monkey,CLIP ViT-B/32 + linear head,7,monkey,0.14842267
stl10/test/05450,5450,7,monkey,CLIP ViT-B/32 + linear head,7,monkey,0.15501784
stl10/test/06358,6358,5,dog,CLIP ViT-B/32 + linear head,5,dog,0.1296642
stl10/test/00372,372,3,cat,CLIP ViT-B/32 + linear head,3,cat,0.14532998
stl10/test/00378,378,5,dog,CLIP ViT-B/32 + linear head,5,dog,0.14199673
stl10/test/07706,7706,5,dog,CLIP ViT-B/32 + linear head,5,dog,0.12488571
stl10/test/02178,2178,1,bird,CLIP ViT-B/32 + linear head,1,bird,0.13092619
stl10/test/05237,5237,2,car,CLIP ViT-B/32 + linear head,2,car,0.12678452
stl10/test/05478,5478,0,airplane,CLIP ViT-B/32 + linear head,0,airplane,0.1419894
stl10/test/05452,5452,9,truck,CLIP ViT-B/32 + linear head,9,truck,0.13025726
stl10/test/05623,5623,4,deer,CLIP ViT-B/32 + linear head,4,deer,0.15736799
stl10/test/06772,6772,7,monkey,CLIP ViT-B/32 + linear head,7,monkey,0.13365304
stl10/test/01111,1111,4,deer,CLIP ViT-B/32 + linear head,4,deer,0.15906002
stl10/test/05528,5528,3,cat,CLIP ViT-B/32 + linear head,3,cat,0.13620467
stl10/test/03777,3777,6,horse,CLIP ViT-B/32 + linear head,6,horse,0.14550035
stl10/test/02458,2458,5,dog,CLIP ViT-B/32 + linear head,5,dog,0.14165989
stl10/test/04921,4921,2,car,CLIP ViT-B/32 + linear head,2,car,0.13388419
stl10/test/03015,3015,8,ship,CLIP ViT-B/32 + linear head,8,ship,0.16839054
stl10/test/07476,7476,8,ship,CLIP ViT-B/32 + linear head,8,ship,0.13194354
stl10/test/01520,1520,2,car,CLIP ViT-B/32 + linear head,2,car,0.124696486
stl10/test/06713,6713,6,horse,CLIP ViT-B/32 + linear head,6,horse,0.13306634
stl10/test/01852,1852,1,bird,CLIP ViT-B/32 + linear head,1,bird,0.15993138
stl10/test/02268,2268,5,dog,CLIP ViT-B/32 + linear head,5,dog,0.14618628
stl10/test/00151,151,8,ship,CLIP ViT-B/32 + linear head,8,ship,0.15351774
stl10/test/00890,890,6,horse,CLIP ViT-B/32 + linear head,6,horse,0.14270867
stl10/test/00825,825,1,bird,CLIP ViT-B/32 + linear head,1,bird,0.1311821
stl10/test/02536,2536,3,cat,CLIP ViT-B/32 + linear head,3,cat,0.14167985
stl10/test/00470,470,2,car,CLIP ViT-B/32 + linear head,2,car,0.14532511
stl10/test/05256,5256,1,bird,CLIP ViT-B/32 + linear head,1,bird,0.13767372
stl10/test/02011,2011,9,truck,CLIP ViT-B/32 + linear head,9,truck,0.12918139
stl10/test/07150,7150,0,airplane,CLIP ViT-B/32 + linear head,0,airplane,0.15707387
stl10/test/00449,449,6,horse,CLIP ViT-B/32 + linear head,6,horse,0.13745436
stl10/test/02704,2704,4,deer,CLIP ViT-B/32 + linear head,4,deer,0.1491374
stl10/test/03437,3437,0,airplane,CLIP ViT-B/32 + linear head,0,airplane,0.1252374
stl10/test/03375,3375,3,cat,CLIP ViT-B/32 + linear head,3,cat,0.13669309
stl10/test/04552,4552,8,ship,CLIP ViT-B/32 + linear head,8,ship,0.1584101
stl10/test/00920,920,6,horse,CLIP ViT-B/32 + linear head,6,horse,0.13925324
stl10/test/02242,2242,0,airplane,CLIP ViT-B/32 + linear head,0,airplane,0.1485675
stl10/test/02745,2745,8,ship,CLIP ViT-B/32 + linear head,8,ship,0.16428423
stl10/test/01032,1032,7,monkey,CLIP ViT-B/32 + linear head,7,monkey,0.14867194
stl10/test/00365,365,3,cat,CLIP ViT-B/32 + linear head,3,cat,0.13491124
stl10/test/04850,4850,5,dog,CLIP ViT-B/32 + linear head,5,dog,0.14029317
stl10/test/04819,4819,0,airplane,CLIP ViT-B/32 + linear head,0,airplane,0.14969938
stl10/test/07338,7338,6,horse,CLIP ViT-B/32 + linear head,6,horse,0.1351322
stl10/test/07372,7372,0,airplane,CLIP ViT-B/32 + linear head,0,airplane,0.15112136
stl10/test/01090,1090,1,bird,CLIP ViT-B/32 + linear head,1,bird,0.13218667
stl10/test/05062,5062,4,deer,CLIP ViT-B/32 + linear head,4,deer,0.1511074
stl10/test/00981,981,2,car,CLIP ViT-B/32 + linear head,2,car,0.13807276
stl10/test/05857,5857,6,horse,CLIP ViT-B/32 + linear head,6,horse,0.12827903
stl10/test/01986,1986,1,bird,CLIP ViT-B/32 + linear head,1,bird,0.12103814
stl10/test/05560,5560,1,bird,CLIP ViT-B/32 + linear head,1,bird,0.13399361
stl10/test/01814,1814,2,car,CLIP ViT-B/32 + linear head,2,car,0.13538939
stl10/test/00194,194,8,ship,CLIP ViT-B/32 + linear head,8,ship,0.16651173
stl10/test/01993,1993,1,bird,CLIP ViT-B/32 + linear head,1,bird,0.15092456
stl10/test/05333,5333,2,car,CLIP ViT-B/32 + linear head,2,car,0.1457586
stl10/test/04311,4311,8,ship,CLIP ViT-B/32 + linear head,8,ship,0.16374126
stl10/test/07425,7425,2,car,CLIP ViT-B/32 + linear head,2,car,0.14690892
stl10/test/03889,3889,5,dog,CLIP ViT-B/32 + linear head,5,dog,0.14467297
stl10/test/04308,4308,7,monkey,CLIP ViT-B/32 + linear head,7,monkey,0.13700926
stl10/test/01960,1960,4,deer,CLIP ViT-B/32 + linear head,4,deer,0.13786702
stl10/test/04399,4399,0,airplane,CLIP ViT-B/32 + linear head,0,airplane,0.14187935
stl10/test/03191,3191,6,horse,CLIP ViT-B/32 + linear head,6,horse,0.12763086
stl10/test/01626,1626,5,dog,CLIP ViT-B/32 + linear head,5,dog,0.13936296
stl10/test/00176,176,3,cat,CLIP ViT-B/32 + linear head,3,cat,0.14307609
stl10/test/07726,7726,6,horse,CLIP ViT-B/32 + linear head,6,horse,0.14704572
stl10/test/02334,2334,5,dog,CLIP ViT-B/32 + linear head,5,dog,0.14647117
stl10/test/01648,1648,0,airplane,CLIP ViT-B/32 + linear head,0,airplane,0.145445
stl10/test/06084,6084,7,monkey,CLIP ViT-B/32 + linear head,7,monkey,0.15758131
stl10/test/03455,3455,0,airplane,CLIP ViT-B/32 + linear head,0,airplane,0.14734058
stl10/test/01468,1468,9,truck,CLIP ViT-B/32 + linear head,9,truck,0.12238539
stl10/test/01296,1296,7,monkey,CLIP ViT-B/32 + linear head,7,monkey,0.14959912
stl10/test/05213,5213,4,deer,CLIP ViT-B/32 + linear head,4,deer,0.15244289
stl10/test/07047,7047,9,truck,CLIP ViT-B/32 + linear head,9,truck,0.1395228
stl10/test/05360,5360,9,truck,CLIP ViT-B/32 + linear head,9,truck,0.13047019
stl10/test/05824,5824,2,car,CLIP ViT-B/32 + linear head,2,car,0.1182816
stl10/test/07460,7460,8,ship,CLIP ViT-B/32 + linear head,8,ship,0.14186986
stl10/test/04791,4791,7,monkey,CLIP ViT-B/32 + linear head,7,monkey,0.14976434
stl10/test/06692,6692,2,car,CLIP ViT-B/32 + linear head,2,car,0.13552219
stl10/test/06931,6931,9,truck,CLIP ViT-B/32 + linear head,9,truck,0.12384529
stl10/test/00667,667,8,ship,CLIP ViT-B/32 + linear head,8,ship,0.15583117
stl10/test/07781,7781,6,horse,CLIP ViT-B/32 + linear head,6,horse,0.14834127
stl10/test/07793,7793,3,cat,CLIP ViT-B/32 + linear head,5,dog,0.12726669
stl10/test/01411,1411,9,truck,CLIP ViT-B/32 + linear head,9,truck,0.14152238
stl10/test/01473,1473,7,monkey,CLIP ViT-B/32 + linear head,7,monkey,0.15810098
stl10/test/07130,7130,5,dog,CLIP ViT-B/32 + linear head,5,dog,0.13854499
stl10/test/01956,1956,7,monkey,CLIP ViT-B/32 + linear head,7,monkey,0.13029093
stl10/test/06716,6716,5,dog,CLIP ViT-B/32 + linear head,5,dog,0.12585673
stl10/test/04106,4106,5,dog,CLIP ViT-B/32 + linear head,5,dog,0.134482
stl10/test/03494,3494,6,horse,CLIP ViT-B/32 + linear head,6,horse,0.15029693
stl10/test/00691,691,4,deer,CLIP ViT-B/32 + linear head,4,deer,0.1484706
stl10/test/05220,5220,1,bird,CLIP ViT-B/32 + linear head,3,cat,0.10762479
stl10/test/04908,4908,3,cat,CLIP ViT-B/32 + linear head,3,cat,0.15061824
stl10/test/07029,7029,1,bird,CLIP ViT-B/32 + linear head,1,bird,0.14935598
stl10/test/04130,4130,0,airplane,CLIP ViT-B/32 + linear head,0,airplane,0.14799334
stl10/test/07938,7938,9,truck,CLIP ViT-B/32 + linear head,9,truck,0.13373403
stl10/test/05101,5101,5,dog,CLIP ViT-B/32 + linear head,5,dog,0.14121912
stl10/test/01515,1515,9,truck,CLIP ViT-B/32 + linear head,9,truck,0.14344873
stl10/test/03287,3287,4,deer,CLIP ViT-B/32 + linear head,4,deer,0.156754
stl10/test/00716,716,8,ship,CLIP ViT-B/32 + linear head,8,ship,0.1490869
stl10/test/04236,4236,7,monkey,CLIP ViT-B/32 + linear head,7,monkey,0.15427497
stl10/test/05408,5408,6,horse,CLIP ViT-B/32 + linear head,6,horse,0.13498242
stl10/test/05496,5496,5,dog,CLIP ViT-B/32 + linear head,5,dog,0.13578744
stl10/test/03365,3365,4,deer,CLIP ViT-B/32 + linear head,4,deer,0.15031976
stl10/test/04323,4323,3,cat,CLIP ViT-B/32 + linear head,3,cat,0.1284617
stl10/test/05467,5467,4,deer,CLIP ViT-B/32 + linear head,4,deer,0.1553159
stl10/test/01644,1644,5,dog,CLIP ViT-B/32 + linear head,5,dog,0.14088555
stl10/test/03948,3948,8,ship,CLIP ViT-B/32 + linear head,8,ship,0.1507459
stl10/test/06726,6726,7,monkey,CLIP ViT-B/32 + linear head,7,monkey,0.1371394
stl10/test/05395,5395,2,car,CLIP ViT-B/32 + linear head,2,car,0.1425053
stl10/test/01579,1579,7,monkey,CLIP ViT-B/32 + linear head,7,monkey,0.13763778
stl10/test/05918,5918,0,airplane,CLIP ViT-B/32 + linear head,0,airplane,0.15406707
stl10/test/07041,7041,5,dog,CLIP ViT-B/32 + linear head,5,dog,0.1191663
stl10/test/00506,506,4,deer,CLIP ViT-B/32 + linear head,4,deer,0.1376185
stl10/test/04011,4011,6,horse,CLIP ViT-B/32 + linear head,6,horse,0.14813422
stl10/test/05981,5981,9,truck,CLIP ViT-B/32 + linear head,9,truck,0.12567799
stl10/test/00409,409,2,car,CLIP ViT-B/32 + linear head,2,car,0.15440038
stl10/test/06954,6954,1,bird,CLIP ViT-B/32 + linear head,1,bird,0.1370809
stl10/test/07555,7555,6,horse,CLIP ViT-B/32 + linear head,6,horse,0.1250483
stl10/test/03965,3965,0,airplane,CLIP ViT-B/32 + linear head,0,airplane,0.1486074
stl10/test/07266,7266,9,truck,CLIP ViT-B/32 + linear head,9,truck,0.12841986
stl10/test/04785,4785,0,airplane,CLIP ViT-B/32 + linear head,0,airplane,0.14319858
stl10/test/06028,6028,2,car,CLIP ViT-B/32 + linear head,2,car,0.1430138
stl10/test/06503,6503,2,car,CLIP ViT-B/32 + linear head,2,car,0.13234155
stl10/test/06414,6414,5,dog,CLIP ViT-B/32 + linear head,5,dog,0.12311416
stl10/test/05382,5382,6,horse,CLIP ViT-B/32 + linear head,6,horse,0.13454296
stl10/test/06836,6836,1,bird,CLIP ViT-B/32 + linear head,1,bird,0.14937241
stl10/test/06508,6508,4,deer,CLIP ViT-B/32 + linear head,4,deer,0.14836365
stl10/test/03994,3994,4,deer,CLIP ViT-B/32 + linear head,4,deer,0.14943697
stl10/test/03942,3942,9,truck,CLIP ViT-B/32 + linear head,9,truck,0.13372654
stl10/test/03542,3542,7,monkey,CLIP ViT-B/32 + linear head,7,monkey,0.14599513
stl10/test/06952,6952,3,cat,CLIP ViT-B/32 + linear head,3,cat,0.13783939
stl10/test/04290,4290,5,dog,CLIP ViT-B/32 + linear head,4,deer,0.12169995
stl10/test/07446,7446,8,ship,CLIP ViT-B/32 + linear head,8,ship,0.15733695
stl10/test/06169,6169,1,bird,CLIP ViT-B/32 + linear head,1,bird,0.11567969
stl10/test/01109,1109,1,bird,CLIP ViT-B/32 + linear head,1,bird,0.13484037
stl10/test/03179,3179,4,deer,CLIP ViT-B/32 + linear head,4,deer,0.15378484
stl10/test/07835,7835,7,monkey,CLIP ViT-B/32 + linear head,7,monkey,0.15193607
stl10/test/07390,7390,1,bird,CLIP ViT-B/32 + linear head,1,bird,0.14535856
stl10/test/00568,568,5,dog,CLIP ViT-B/32 + linear head,3,cat,0.12951502
stl10/test/04629,4629,4,deer,CLIP ViT-B/32 + linear head,4,deer,0.1527643
stl10/test/07138,7138,8,ship,CLIP ViT-B/32 + linear head,8,ship,0.15933567
stl10/test/05284,5284,9,truck,CLIP ViT-B/32 + linear head,9,truck,0.14099987
stl10/test/00003,3,0,airplane,CLIP ViT-B/32 + linear head,0,airplane,0.14538336
stl10/test/02690,2690,1,bird,CLIP ViT-B/32 + linear head,1,bird,0.15090474
stl10/test/05858,5858,6,horse,CLIP ViT-B/32 + linear head,6,horse,0.13540357
stl10/test/01266,1266,4,deer,CLIP ViT-B/32 + linear head,4,deer,0.13920012
stl10/test/03034,3034,4,deer,CLIP ViT-B/32 + linear head,4,deer,0.14543231
stl10/test/02655,2655,9,truck,CLIP ViT-B/32 + linear head,9,truck,0.1252818
stl10/test/06190,6190,7,monkey,CLIP ViT-B/32 + linear head,7,monkey,0.15618023
stl10/test/04170,4170,8,ship,CLIP ViT-B/32 + linear head,8,ship,0.15610705
stl10/test/07380,7380,9,truck,CLIP ViT-B/32 + linear head,9,truck,0.14291683
stl10/test/07752,7752,9,truck,CLIP ViT-B/32 + linear head,9,truck,0.13251323
stl10/test/03996,3996,9,truck,CLIP ViT-B/32 + linear head,9,truck,0.13935608
stl10/test/01204,1204,3,cat,CLIP ViT-B/32 + linear head,3,cat,0.14211187
stl10/test/01654,1654,9,truck,CLIP ViT-B/32 + linear head,9,truck,0.14728516
stl10/test/04746,4746,6,horse,CLIP ViT-B/32 + linear head,6,horse,0.1418292
stl10/test/04590,4590,3,cat,CLIP ViT-B/32 + linear head,3,cat,0.1366471
stl10/test/00562,562,0,airplane,CLIP ViT-B/32 + linear head,0,airplane,0.14347237
stl10/test/07108,7108,6,horse,CLIP ViT-B/32 + linear head,6,horse,0.14915302
stl10/test/05999,5999,0,airplane,CLIP ViT-B/32 + linear head,0,airplane,0.1476932
stl10/test/01403,1403,2,car,CLIP ViT-B/32 + linear head,2,car,0.13873693
stl10/test/04403,4403,7,monkey,CLIP ViT-B/32 + linear head,7,monkey,0.15296355
stl10/test/06332,6332,2,car,CLIP ViT-B/32 + linear head,2,car,0.13350949
stl10/test/06264,6264,2,car,CLIP ViT-B/32 + linear head,2,car,0.14383532
stl10/test/00303,303,9,truck,CLIP ViT-B/32 + linear head,9,truck,0.14361732
stl10/test/00791,791,3,cat,CLIP ViT-B/32 + linear head,3,cat,0.14357941
stl10/test/03067,3067,2,car,CLIP ViT-B/32 + linear head,2,car,0.14019196
stl10/test/00484,484,0,airplane,CLIP ViT-B/32 + linear head,0,airplane,0.16311651
stl10/test/01370,1370,3,cat,CLIP ViT-B/32 + linear head,3,cat,0.13342904
stl10/test/04069,4069,8,ship,CLIP ViT-B/32 + linear head,8,ship,0.12613575
stl10/test/07373,7373,0,airplane,CLIP ViT-B/32 + linear head,0,airplane,0.15317518
stl10/test/04330,4330,3,cat,CLIP ViT-B/32 + linear head,5,dog,0.11846334
stl10/test/05701,5701,5,dog,CLIP ViT-B/32 + linear head,5,dog,0.13983744
stl10/test/07465,7465,0,airplane,CLIP ViT-B/32 + linear head,0,airplane,0.15050787
stl10/test/01531,1531,3,cat,CLIP ViT-B/32 + linear head,3,cat,0.12410806
stl10/test/04676,4676,8,ship,CLIP ViT-B/32 + linear head,8,ship,0.16254586
stl10/test/04531,4531,3,cat,CLIP ViT-B/32 + linear head,3,cat,0.14186579
stl10/test/00706,706,8,ship,CLIP ViT-B/32 + linear head,8,ship,0.14998846
stl10/test/02844,2844,8,ship,CLIP ViT-B/32 + linear head,8,ship,0.15259105
stl10/test/03755,3755,2,car,CLIP ViT-B/32 + linear head,2,car,0.13887793
stl10/test/05848,5848,7,monkey,CLIP ViT-B/32 + linear head,7,monkey,0.1490908
stl10/test/02114,2114,9,truck,CLIP ViT-B/32 + linear head,9,truck,0.12542488
stl10/test/03876,3876,0,airplane,CLIP ViT-B/32 + linear head,0,airplane,0.13806659
stl10/test/00677,677,3,cat,CLIP ViT-B/32 + linear head,3,cat,0.13777296
stl10/test/02116,2116,1,bird,CLIP ViT-B/32 + linear head,1,bird,0.13285944
stl10/test/04661,4661,7,monkey,CLIP ViT-B/32 + linear head,7,monkey,0.1524691
stl10/test/02676,2676,6,horse,CLIP ViT-B/32 + linear head,6,horse,0.13849244
stl10/test/03025,3025,0,airplane,CLIP ViT-B/32 + linear head,0,airplane,0.13747694
stl10/test/04449,4449,9,truck,CLIP ViT-B/32 + linear head,9,truck,0.12991892
stl10/test/00977,977,6,horse,CLIP ViT-B/32 + linear head,6,horse,0.14799322
stl10/test/04990,4990,8,ship,CLIP ViT-B/32 + linear head,8,ship,0.1410861
stl10/test/07309,7309,0,airplane,CLIP ViT-B/32 + linear head,0,airplane,0.14504647
stl10/test/01048,1048,7,monkey,CLIP ViT-B/32 + linear head,7,monkey,0.12967162
stl10/test/03276,3276,3,cat,CLIP ViT-B/32 + linear head,7,monkey,0.12817584
stl10/test/05512,5512,2,car,CLIP ViT-B/32 + linear head,9,truck,0.114021584
stl10/test/07692,7692,4,deer,CLIP ViT-B/32 + linear head,4,deer,0.14499648
stl10/test/01436,1436,1,bird,CLIP ViT-B/32 + linear head,1,bird,0.15421028
stl10/test/07544,7544,9,truck,CLIP ViT-B/32 + linear head,9,truck,0.1312401
stl10/test/03383,3383,3,cat,CLIP ViT-B/32 + linear head,3,cat,0.141016
stl10/test/01977,1977,0,airplane,CLIP ViT-B/32 + linear head,0,airplane,0.1468157
stl10/test/02750,2750,0,airplane,CLIP ViT-B/32 + linear head,0,airplane,0.13468716
stl10/test/07996,7996,6,horse,CLIP ViT-B/32 + linear head,6,horse,0.14939965
stl10/test/06989,6989,5,dog,CLIP ViT-B/32 + linear head,5,dog,0.12461035
stl10/test/01431,1431,3,cat,CLIP ViT-B/32 + linear head,3,cat,0.13449459
stl10/test/07416,7416,3,cat,CLIP ViT-B/32 + linear head,3,cat,0.13006715
stl10/test/04547,4547,5,dog,CLIP ViT-B/32 + linear head,5,dog,0.14369707
stl10/test/00042,42,0,airplane,CLIP ViT-B/32 + linear head,0,airplane,0.14791371
stl10/test/05117,5117,0,airplane,CLIP ViT-B/32 + linear head,0,airplane,0.14037625
stl10/test/04411,4411,6,horse,CLIP ViT-B/32 + linear head,6,horse,0.12374368
stl10/test/05789,5789,4,deer,CLIP ViT-B/32 + linear head,4,deer,0.1553769
stl10/test/00483,483,2,car,CLIP ViT-B/32 + linear head,2,car,0.13868663
stl10/test/06650,6650,7,monkey,CLIP ViT-B/32 + linear head,7,monkey,0.14733422
stl10/test/04881,4881,3,cat,CLIP ViT-B/32 + linear head,3,cat,0.13364589
stl10/test/00391,391,3,cat,CLIP ViT-B/32 + linear head,3,cat,0.13763219
stl10/test/00370,370,7,monkey,CLIP ViT-B/32 + linear head,7,monkey,0.14222588
stl10/test/00419,419,9,truck,CLIP ViT-B/32 + linear head,9,truck,0.13980615
stl10/test/03318,3318,9,truck,CLIP ViT-B/32 + linear head,9,truck,0.12865357
stl10/test/04355,4355,8,ship,CLIP ViT-B/32 + linear head,8,ship,0.1474599
stl10/test/05402,5402,4,deer,CLIP ViT-B/32 + linear head,4,deer,0.15981995
stl10/test/05332,5332,5,dog,CLIP ViT-B/32 + linear head,5,dog,0.13512601
stl10/test/00239,239,9,truck,CLIP ViT-B/32 + linear head,9,truck,0.1319367
stl10/test/06271,6271,2,car,CLIP ViT-B/32 + linear head,2,car,0.14612183
stl10/test/01129,1129,8,ship,CLIP ViT-B/32 + linear head,8,ship,0.14827178
stl10/test/02391,2391,5,dog,CLIP ViT-B/32 + linear head,5,dog,0.1357817
stl10/test/00191,191,9,truck,CLIP ViT-B/32 + linear head,9,truck,0.12863222
stl10/test/05447,5447,9,truck,CLIP ViT-B/32 + linear head,9,truck,0.13159007
stl10/test/06528,6528,4,deer,CLIP ViT-B/32 + linear head,4,deer,0.13451836
stl10/test/00632,632,3,cat,CLIP ViT-B/32 zero-shot,3,cat,0.94605815
stl10/test/00131,131,9,truck,CLIP ViT-B/32 zero-shot,9,truck,0.9817842
stl10/test/07081,7081,7,monkey,CLIP ViT-B/32 zero-shot,7,monkey,0.9935169
stl10/test/01836,1836,9,truck,CLIP ViT-B/32 zero-shot,9,truck,0.9896652
stl10/test/06437,6437,0,airplane,CLIP ViT-B/32 zero-shot,0,airplane,0.98892283
stl10/test/06609,6609,0,airplane,CLIP ViT-B/32 zero-shot,0,airplane,0.9806662
stl10/test/03467,3467,7,monkey,CLIP ViT-B/32 zero-shot,7,monkey,0.94874316
stl10/test/01401,1401,3,cat,CLIP ViT-B/32 zero-shot,3,cat,0.9375501
stl10/test/01839,1839,2,car,CLIP ViT-B/32 zero-shot,2,car,0.97661394
stl10/test/04168,4168,3,cat,CLIP ViT-B/32 zero-shot,3,cat,0.9626429
stl10/test/00035,35,2,car,CLIP ViT-B/32 zero-shot,2,car,0.9496671
stl10/test/04177,4177,8,ship,CLIP ViT-B/32 zero-shot,8,ship,0.99018025
stl10/test/07270,7270,7,monkey,CLIP ViT-B/32 zero-shot,7,monkey,0.9770065
stl10/test/02265,2265,5,dog,CLIP ViT-B/32 zero-shot,5,dog,0.9541822
stl10/test/03288,3288,7,monkey,CLIP ViT-B/32 zero-shot,7,monkey,0.9993426
stl10/test/05451,5451,8,ship,CLIP ViT-B/32 zero-shot,8,ship,0.997735
stl10/test/04023,4023,3,cat,CLIP ViT-B/32 zero-shot,3,cat,0.36731154
stl10/test/00261,261,1,bird,CLIP ViT-B/32 zero-shot,1,bird,0.99104345
stl10/test/04570,4570,5,dog,CLIP ViT-B/32 zero-shot,5,dog,0.9448928
stl10/test/04966,4966,5,dog,CLIP ViT-B/32 zero-shot,5,dog,0.9283458
stl10/test/07955,7955,1,bird,CLIP ViT-B/32 zero-shot,1,bird,0.99848783
stl10/test/06288,6288,4,deer,CLIP ViT-B/32 zero-shot,4,deer,0.9983612
stl10/test/07810,7810,8,ship,CLIP ViT-B/32 zero-shot,8,ship,0.996633
stl10/test/01927,1927,7,monkey,CLIP ViT-B/32 zero-shot,7,monkey,0.9988588
stl10/test/01871,1871,1,bird,CLIP ViT-B/32 zero-shot,1,bird,0.95192295
stl10/test/06922,6922,5,dog,CLIP ViT-B/32 zero-shot,5,dog,0.9760184
stl10/test/03512,3512,4,deer,CLIP ViT-B/32 zero-shot,4,deer,0.99944824
stl10/test/04754,4754,6,horse,CLIP ViT-B/32 zero-shot,6,horse,0.9976987
stl10/test/00714,714,2,car,CLIP ViT-B/32 zero-shot,2,car,0.6272739
stl10/test/02191,2191,8,ship,CLIP ViT-B/32 zero-shot,8,ship,0.997766
stl10/test/04615,4615,0,airplane,CLIP ViT-B/32 zero-shot,0,airplane,0.9756941
stl10/test/04662,4662,8,ship,CLIP ViT-B/32 zero-shot,8,ship,0.99130476
stl10/test/05915,5915,9,truck,CLIP ViT-B/32 zero-shot,9,truck,0.8894576
stl10/test/00766,766,4,deer,CLIP ViT-B/32 zero-shot,6,horse,0.9118716
stl10/test/05218,5218,2,car,CLIP ViT-B/32 zero-shot,2,car,0.9643194
stl10/test/02340,2340,8,ship,CLIP ViT-B/32 zero-shot,8,ship,0.99343127
stl10/test/01954,1954,8,ship,CLIP ViT-B/32 zero-shot,8,ship,0.987007
stl10/test/07875,7875,8,ship,CLIP ViT-B/32 zero-shot,8,ship,0.9969408
stl10/test/03418,3418,6,horse,CLIP ViT-B/32 zero-shot,6,horse,0.9993235
stl10/test/05572,5572,9,truck,CLIP ViT-B/32 zero-shot,9,truck,0.9013121
stl10/test/05977,5977,7,monkey,CLIP ViT-B/32 zero-shot,7,monkey,0.9947666
stl10/test/05123,5123,1,bird,CLIP ViT-B/32 zero-shot,1,bird,0.99304056
stl10/test/05851,5851,9,truck,CLIP ViT-B/32 zero-shot,9,truck,0.9960147
stl10/test/04094,4094,9,truck,CLIP ViT-B/32 zero-shot,9,truck,0.99139297
stl10/test/04254,4254,6,horse,CLIP ViT-B/32 zero-shot,6,horse,0.9993888
stl10/test/02501,2501,7,monkey,CLIP ViT-B/32 zero-shot,7,monkey,0.995466
stl10/test/06938,6938,1,bird,CLIP ViT-B/32 zero-shot,1,bird,0.999218
stl10/test/00171,171,4,deer,CLIP ViT-B/32 zero-shot,4,deer,0.99847
stl10/test/04215,4215,3,cat,CLIP ViT-B/32 zero-shot,3,cat,0.97351396
stl10/test/05705,5705,8,ship,CLIP ViT-B/32 zero-shot,8,ship,0.99651474
stl10/test/03458,3458,4,deer,CLIP ViT-B/32 zero-shot,4,deer,0.9962388
stl10/test/01220,1220,7,monkey,CLIP ViT-B/32 zero-shot,7,monkey,0.9946321
stl10/test/00962,962,8,ship,CLIP ViT-B/32 zero-shot,8,ship,0.99355173
stl10/test/02950,2950,5,dog,CLIP ViT-B/32 zero-shot,5,dog,0.95478517
stl10/test/02623,2623,5,dog,CLIP ViT-B/32 zero-shot,5,dog,0.8891294
stl10/test/04539,4539,0,airplane,CLIP ViT-B/32 zero-shot,0,airplane,0.98106706
stl10/test/01553,1553,0,airplane,CLIP ViT-B/32 zero-shot,0,airplane,0.952083
stl10/test/04740,4740,4,deer,CLIP ViT-B/32 zero-shot,4,deer,0.9958097
stl10/test/06844,6844,0,airplane,CLIP ViT-B/32 zero-shot,0,airplane,0.8729453
stl10/test/02668,2668,7,monkey,CLIP ViT-B/32 zero-shot,7,monkey,0.996555
stl10/test/03153,3153,7,monkey,CLIP ViT-B/32 zero-shot,7,monkey,0.99455404
stl10/test/05135,5135,4,deer,CLIP ViT-B/32 zero-shot,4,deer,0.99828666
stl10/test/02291,2291,3,cat,CLIP ViT-B/32 zero-shot,3,cat,0.7929663
stl10/test/00116,116,1,bird,CLIP ViT-B/32 zero-shot,1,bird,0.99665487
stl10/test/07797,7797,3,cat,CLIP ViT-B/32 zero-shot,3,cat,0.901114
stl10/test/04609,4609,3,cat,CLIP ViT-B/32 zero-shot,7,monkey,0.3981432
stl10/test/00081,81,0,airplane,CLIP ViT-B/32 zero-shot,0,airplane,0.8088288
stl10/test/05580,5580,6,horse,CLIP ViT-B/32 zero-shot,6,horse,0.99828714
stl10/test/03024,3024,2,car,CLIP ViT-B/32 zero-shot,2,car,0.97301245
stl10/test/02766,2766,5,dog,CLIP ViT-B/32 zero-shot,5,dog,0.96797925
stl10/test/05000,5000,8,ship,CLIP ViT-B/32 zero-shot,8,ship,0.9951186
stl10/test/02610,2610,6,horse,CLIP ViT-B/32 zero-shot,6,horse,0.98919475
stl10/test/02024,2024,0,airplane,CLIP ViT-B/32 zero-shot,0,airplane,0.94175655
stl10/test/06097,6097,4,deer,CLIP ViT-B/32 zero-shot,4,deer,0.9714045
stl10/test/00964,964,6,horse,CLIP ViT-B/32 zero-shot,6,horse,0.99191064
stl10/test/07634,7634,0,airplane,CLIP ViT-B/32 zero-shot,0,airplane,0.99079436
stl10/test/06434,6434,8,ship,CLIP ViT-B/32 zero-shot,8,ship,0.9981565
stl10/test/05183,5183,2,car,CLIP ViT-B/32 zero-shot,2,car,0.98613757
stl10/test/06986,6986,0,airplane,CLIP ViT-B/32 zero-shot,0,airplane,0.91166896
stl10/test/00645,645,5,dog,CLIP ViT-B/32 zero-shot,5,dog,0.8017584
stl10/test/03347,3347,0,airplane,CLIP ViT-B/32 zero-shot,0,airplane,0.9847142
stl10/test/05677,5677,2,car,CLIP ViT-B/32 zero-shot,2,car,0.9111426
stl10/test/03412,3412,8,ship,CLIP ViT-B/32 zero-shot,8,ship,0.9970522
stl10/test/03937,3937,1,bird,CLIP ViT-B/32 zero-shot,1,bird,0.9980253
stl10/test/00873,873,6,horse,CLIP ViT-B/32 zero-shot,6,horse,0.9378214
stl10/test/02167,2167,9,truck,CLIP ViT-B/32 zero-shot,9,truck,0.9890597
stl10/test/06490,6490,3,cat,CLIP ViT-B/32 zero-shot,3,cat,0.5217877
stl10/test/00738,738,3,cat,CLIP ViT-B/32 zero-shot,3,cat,0.97552353
stl10/test/06616,6616,2,car,CLIP ViT-B/32 zero-shot,2,car,0.960831
stl10/test/04093,4093,6,horse,CLIP ViT-B/32 zero-shot,6,horse,0.9960147
stl10/test/05788,5788,9,truck,CLIP ViT-B/32 zero-shot,9,truck,0.85433453
stl10/test/07818,7818,8,ship,CLIP ViT-B/32 zero-shot,8,ship,0.98781615
stl10/test/00304,304,1,bird,CLIP ViT-B/32 zero-shot,1,bird,0.9757613
stl10/test/02082,2082,2,car,CLIP ViT-B/32 zero-shot,2,car,0.805054
stl10/test/02746,2746,7,monkey,CLIP ViT-B/32 zero-shot,7,monkey,0.999146
stl10/test/07944,7944,4,deer,CLIP ViT-B/32 zero-shot,4,deer,0.993874
stl10/test/06689,6689,8,ship,CLIP ViT-B/32 zero-shot,8,ship,0.98520505
stl10/test/02414,2414,9,truck,CLIP ViT-B/32 zero-shot,9,truck,0.9398889
stl10/test/03779,3779,6,horse,CLIP ViT-B/32 zero-shot,6,horse,0.9987055
stl10/test/02095,2095,1,bird,CLIP ViT-B/32 zero-shot,1,bird,0.9730041
stl10/test/07262,7262,0,airplane,CLIP ViT-B/32 zero-shot,0,airplane,0.9783862
stl10/test/05694,5694,8,ship,CLIP ViT-B/32 zero-shot,8,ship,0.99502915
stl10/test/07413,7413,5,dog,CLIP ViT-B/32 zero-shot,3,cat,0.40467447
stl10/test/06805,6805,1,bird,CLIP ViT-B/32 zero-shot,1,bird,0.97250396
stl10/test/03446,3446,7,monkey,CLIP ViT-B/32 zero-shot,7,monkey,0.999765
stl10/test/02807,2807,5,dog,CLIP ViT-B/32 zero-shot,4,deer,0.47810155
stl10/test/07940,7940,4,deer,CLIP ViT-B/32 zero-shot,4,deer,0.99655366
stl10/test/04172,4172,7,monkey,CLIP ViT-B/32 zero-shot,7,monkey,0.9950557
stl10/test/07744,7744,3,cat,CLIP ViT-B/32 zero-shot,3,cat,0.9668142
stl10/test/01586,1586,2,car,CLIP ViT-B/32 zero-shot,2,car,0.98287785
stl10/test/07999,7999,8,ship,CLIP ViT-B/32 zero-shot,8,ship,0.9897165
stl10/test/06349,6349,1,bird,CLIP ViT-B/32 zero-shot,1,bird,0.99398935
stl10/test/06594,6594,1,bird,CLIP ViT-B/32 zero-shot,1,bird,0.9870545
stl10/test/02109,2109,8,ship,CLIP ViT-B/32 zero-shot,8,ship,0.9989667
stl10/test/03079,3079,1,bird,CLIP ViT-B/32 zero-shot,1,bird,0.99740463
stl10/test/02070,2070,1,bird,CLIP ViT-B/32 zero-shot,1,bird,0.9953695
stl10/test/00319,319,5,dog,CLIP ViT-B/32 zero-shot,5,dog,0.9711737
stl10/test/02888,2888,0,airplane,CLIP ViT-B/32 zero-shot,0,airplane,0.96566707
stl10/test/06224,6224,5,dog,CLIP ViT-B/32 zero-shot,5,dog,0.78137505
stl10/test/03353,3353,5,dog,CLIP ViT-B/32 zero-shot,5,dog,0.43486875
stl10/test/06244,6244,2,car,CLIP ViT-B/32 zero-shot,2,car,0.9602591
stl10/test/04704,4704,7,monkey,CLIP ViT-B/32 zero-shot,7,monkey,0.99892265
stl10/test/02427,2427,5,dog,CLIP ViT-B/32 zero-shot,5,dog,0.95915014
stl10/test/07995,7995,9,truck,CLIP ViT-B/32 zero-shot,9,truck,0.9876222
stl10/test/01124,1124,4,deer,CLIP ViT-B/32 zero-shot,4,deer,0.9995696
stl10/test/06733,6733,1,bird,CLIP ViT-B/32 zero-shot,1,bird,0.95344245
stl10/test/02062,2062,9,truck,CLIP ViT-B/32 zero-shot,9,truck,0.994041
stl10/test/00805,805,9,truck,CLIP ViT-B/32 zero-shot,9,truck,0.9270699
stl10/test/02028,2028,3,cat,CLIP ViT-B/32 zero-shot,3,cat,0.82392025
stl10/test/02392,2392,2,car,CLIP ViT-B/32 zero-shot,2,car,0.9315219
stl10/test/03292,3292,6,horse,CLIP ViT-B/32 zero-shot,6,horse,0.98311746
stl10/test/01440,1440,7,monkey,CLIP ViT-B/32 zero-shot,7,monkey,0.9995177
stl10/test/01115,1115,1,bird,CLIP ViT-B/32 zero-shot,1,bird,0.9896102
stl10/test/04242,4242,8,ship,CLIP ViT-B/32 zero-shot,8,ship,0.992837
stl10/test/02230,2230,8,ship,CLIP ViT-B/32 zero-shot,8,ship,0.9935069
stl10/test/03163,3163,2,car,CLIP ViT-B/32 zero-shot,2,car,0.9912383
stl10/test/00545,545,6,horse,CLIP ViT-B/32 zero-shot,6,horse,0.9271019
stl10/test/03863,3863,5,dog,CLIP ViT-B/32 zero-shot,5,dog,0.94338745
stl10/test/04748,4748,7,monkey,CLIP ViT-B/32 zero-shot,7,monkey,0.99873084
stl10/test/02399,2399,4,deer,CLIP ViT-B/32 zero-shot,4,deer,0.86535746
stl10/test/04341,4341,6,horse,CLIP ViT-B/32 zero-shot,6,horse,0.9984664
stl10/test/03078,3078,4,deer,CLIP ViT-B/32 zero-shot,4,deer,0.9977525
stl10/test/03763,3763,4,deer,CLIP ViT-B/32 zero-shot,4,deer,0.9954514
stl10/test/02958,2958,6,horse,CLIP ViT-B/32 zero-shot,6,horse,0.9973285
stl10/test/06381,6381,6,horse,CLIP ViT-B/32 zero-shot,6,horse,0.988601
stl10/test/01640,1640,8,ship,CLIP ViT-B/32 zero-shot,8,ship,0.9985543
stl10/test/01783,1783,8,ship,CLIP ViT-B/32 zero-shot,8,ship,0.99637306
stl10/test/03914,3914,3,cat,CLIP ViT-B/32 zero-shot,3,cat,0.96745336
stl10/test/01534,1534,6,horse,CLIP ViT-B/32 zero-shot,6,horse,0.8934023
stl10/test/00685,685,5,dog,CLIP ViT-B/32 zero-shot,5,dog,0.96743315
stl10/test/04617,4617,0,airplane,CLIP ViT-B/32 zero-shot,0,airplane,0.9576723
stl10/test/05508,5508,9,truck,CLIP ViT-B/32 zero-shot,9,truck,0.9829064
stl10/test/01022,1022,9,truck,CLIP ViT-B/32 zero-shot,9,truck,0.8859955
stl10/test/01230,1230,1,bird,CLIP ViT-B/32 zero-shot,1,bird,0.9284091
stl10/test/07475,7475,4,deer,CLIP ViT-B/32 zero-shot,4,deer,0.99913055
stl10/test/05756,5756,2,car,CLIP ViT-B/32 zero-shot,2,car,0.9842592
stl10/test/03122,3122,4,deer,CLIP ViT-B/32 zero-shot,4,deer,0.9514323
stl10/test/07202,7202,1,bird,CLIP ViT-B/32 zero-shot,1,bird,0.9975327
stl10/test/04723,4723,9,truck,CLIP ViT-B/32 zero-shot,9,truck,0.76657695
stl10/test/01552,1552,5,dog,CLIP ViT-B/32 zero-shot,5,dog,0.42181915
stl10/test/00603,603,9,truck,CLIP ViT-B/32 zero-shot,9,truck,0.8098043
stl10/test/02861,2861,3,cat,CLIP ViT-B/32 zero-shot,3,cat,0.9715176
stl10/test/06426,6426,2,car,CLIP ViT-B/32 zero-shot,2,car,0.988247
stl10/test/07864,7864,4,deer,CLIP ViT-B/32 zero-shot,4,deer,0.9954863
stl10/test/05729,5729,6,horse,CLIP ViT-B/32 zero-shot,6,horse,0.9984794
stl10/test/07474,7474,5,dog,CLIP ViT-B/32 zero-shot,5,dog,0.97501695
stl10/test/04298,4298,1,bird,CLIP ViT-B/32 zero-shot,1,bird,0.99866915
stl10/test/01175,1175,0,airplane,CLIP ViT-B/32 zero-shot,0,airplane,0.981043
stl10/test/03454,3454,2,car,CLIP ViT-B/32 zero-shot,2,car,0.94063276
stl10/test/02754,2754,3,cat,CLIP ViT-B/32 zero-shot,3,cat,0.97648925
stl10/test/00855,855,4,deer,CLIP ViT-B/32 zero-shot,4,deer,0.9806786
stl10/test/02854,2854,7,monkey,CLIP ViT-B/32 zero-shot,7,monkey,0.99909115
stl10/test/05092,5092,1,bird,CLIP ViT-B/32 zero-shot,1,bird,0.99928564
stl10/test/05590,5590,9,truck,CLIP ViT-B/32 zero-shot,9,truck,0.9800653
stl10/test/04463,4463,3,cat,CLIP ViT-B/32 zero-shot,3,cat,0.9881152
stl10/test/05318,5318,2,car,CLIP ViT-B/32 zero-shot,2,car,0.78641385
stl10/test/03515,3515,6,horse,CLIP ViT-B/32 zero-shot,6,horse,0.9983746
stl10/test/04642,4642,4,deer,CLIP ViT-B/32 zero-shot,4,deer,0.9983615
stl10/test/00852,852,9,truck,CLIP ViT-B/32 zero-shot,9,truck,0.99498403
stl10/test/01247,1247,8,ship,CLIP ViT-B/32 zero-shot,8,ship,0.97724086
stl10/test/07084,7084,2,car,CLIP ViT-B/32 zero-shot,2,car,0.8371844
stl10/test/05301,5301,9,truck,CLIP ViT-B/32 zero-shot,9,truck,0.98386467
stl10/test/05082,5082,6,horse,CLIP ViT-B/32 zero-shot,6,horse,0.9987367
stl10/test/05077,5077,4,deer,CLIP ViT-B/32 zero-shot,4,deer,0.97766906
stl10/test/01563,1563,3,cat,CLIP ViT-B/32 zero-shot,7,monkey,0.8989777
stl10/test/00029,29,7,monkey,CLIP ViT-B/32 zero-shot,7,monkey,0.99982685
stl10/test/03867,3867,7,monkey,CLIP ViT-B/32 zero-shot,7,monkey,0.9995154
stl10/test/04620,4620,6,horse,CLIP ViT-B/32 zero-shot,6,horse,0.99733114
stl10/test/04065,4065,2,car,CLIP ViT-B/32 zero-shot,2,car,0.8650709
stl10/test/01095,1095,5,dog,CLIP ViT-B/32 zero-shot,5,dog,0.9620065
stl10/test/04229,4229,3,cat,CLIP ViT-B/32 zero-shot,3,cat,0.9374969
stl10/test/03562,3562,3,cat,CLIP ViT-B/32 zero-shot,4,deer,0.70851296
stl10/test/02342,2342,8,ship,CLIP ViT-B/32 zero-shot,8,ship,0.9974981
stl10/test/01667,1667,6,horse,CLIP ViT-B/32 zero-shot,6,horse,0.96449727
stl10/test/07033,7033,1,bird,CLIP ViT-B/32 zero-shot,1,bird,0.98089856
stl10/test/01771,1771,7,monkey,CLIP ViT-B/32 zero-shot,7,monkey,0.9977857
stl10/test/03157,3157,8,ship,CLIP ViT-B/32 zero-shot,8,ship,0.9941049
stl10/test/03851,3851,3,cat,CLIP ViT-B/32 zero-shot,3,cat,0.97177255
stl10/test/01287,1287,7,monkey,CLIP ViT-B/32 zero-shot,7,monkey,0.7630926
stl10/test/07320,7320,0,airplane,CLIP ViT-B/32 zero-shot,0,airplane,0.9525514
stl10/test/07600,7600,6,horse,CLIP ViT-B/32 zero-shot,6,horse,0.9906791
stl10/test/03852,3852,5,dog,CLIP ViT-B/32 zero-shot,5,dog,0.9536533
stl10/test/00269,269,7,monkey,CLIP ViT-B/32 zero-shot,7,monkey,0.999634
stl10/test/01703,1703,7,monkey,CLIP ViT-B/32 zero-shot,7,monkey,0.9480961
stl10/test/07776,7776,5,dog,CLIP ViT-B/32 zero-shot,5,dog,0.94082266
stl10/test/03891,3891,4,deer,CLIP ViT-B/32 zero-shot,4,deer,0.99892277
stl10/test/07009,7009,0,airplane,CLIP ViT-B/32 zero-shot,0,airplane,0.9714595
stl10/test/04893,4893,0,airplane,CLIP ViT-B/32 zero-shot,0,airplane,0.97599024
stl10/test/02351,2351,9,truck,CLIP ViT-B/32 zero-shot,9,truck,0.9960155
stl10/test/03550,3550,1,bird,CLIP ViT-B/32 zero-shot,1,bird,0.9939804
stl10/test/05719,5719,7,monkey,CLIP ViT-B/32 zero-shot,7,monkey,0.9942068
stl10/test/01884,1884,7,monkey,CLIP ViT-B/32 zero-shot,7,monkey,0.9886791
stl10/test/02898,2898,4,deer,CLIP ViT-B/32 zero-shot,4,deer,0.9977729
stl10/test/04640,4640,1,bird,CLIP ViT-B/32 zero-shot,1,bird,0.8825345
stl10/test/07610,7610,4,deer,CLIP ViT-B/32 zero-shot,4,deer,0.99441975
stl10/test/01833,1833,8,ship,CLIP ViT-B/32 zero-shot,8,ship,0.98868495
stl10/test/06455,6455,0,airplane,CLIP ViT-B/32 zero-shot,0,airplane,0.9451706
stl10/test/03893,3893,9,truck,CLIP ViT-B/32 zero-shot,9,truck,0.8421322
stl10/test/04731,4731,6,horse,CLIP ViT-B/32 zero-shot,6,horse,0.9992035
stl10/test/00929,929,6,horse,CLIP ViT-B/32 zero-shot,6,horse,0.996427
stl10/test/03962,3962,6,horse,CLIP ViT-B/32 zero-shot,6,horse,0.9982395
stl10/test/03778,3778,3,cat,CLIP ViT-B/32 zero-shot,3,cat,0.8988975
stl10/test/01429,1429,4,deer,CLIP ViT-B/32 zero-shot,4,deer,0.9922025
stl10/test/00049,49,2,car,CLIP ViT-B/32 zero-shot,2,car,0.9894873
stl10/test/00276,276,9,truck,CLIP ViT-B/32 zero-shot,9,truck,0.8816777
stl10/test/06076,6076,1,bird,CLIP ViT-B/32 zero-shot,1,bird,0.9985764
stl10/test/01389,1389,0,airplane,CLIP ViT-B/32 zero-shot,0,airplane,0.97948587
stl10/test/03362,3362,2,car,CLIP ViT-B/32 zero-shot,2,car,0.97760093
stl10/test/00317,317,2,car,CLIP ViT-B/32 zero-shot,2,car,0.9807448
stl10/test/04675,4675,0,airplane,CLIP ViT-B/32 zero-shot,0,airplane,0.9901558
stl10/test/05924,5924,5,dog,CLIP ViT-B/32 zero-shot,6,horse,0.53314537
stl10/test/00198,198,1,bird,CLIP ViT-B/32 zero-shot,1,bird,0.9980101
stl10/test/07779,7779,6,horse,CLIP ViT-B/32 zero-shot,6,horse,0.9692165
stl10/test/04054,4054,4,deer,CLIP ViT-B/32 zero-shot,4,deer,0.9958584
stl10/test/05556,5556,4,deer,CLIP ViT-B/32 zero-shot,4,deer,0.9737519
stl10/test/02687,2687,1,bird,CLIP ViT-B/32 zero-shot,1,bird,0.9988213
stl10/test/01202,1202,2,car,CLIP ViT-B/32 zero-shot,2,car,0.98705727
stl10/test/00097,97,5,dog,CLIP ViT-B/32 zero-shot,5,dog,0.92178524
stl10/test/06033,6033,4,deer,CLIP ViT-B/32 zero-shot,4,deer,0.9951096
stl10/test/01711,1711,7,monkey,CLIP ViT-B/32 zero-shot,7,monkey,0.99911433
stl10/test/01430,1430,9,truck,CLIP ViT-B/32 zero-shot,9,truck,0.9694548
stl10/test/00739,739,8,ship,CLIP ViT-B/32 zero-shot,8,ship,0.9952808
stl10/test/03491,3491,1,bird,CLIP ViT-B/32 zero-shot,1,bird,0.9966618
stl10/test/01568,1568,1,bird,CLIP ViT-B/32 zero-shot,1,bird,0.995647
stl10/test/01211,1211,4,deer,CLIP ViT-B/32 zero-shot,4,deer,0.9892369
stl10/test/04913,4913,2,car,CLIP ViT-B/32 zero-shot,2,car,0.92039376
stl10/test/02502,2502,2,car,CLIP ViT-B/32 zero-shot,2,car,0.9743765
stl10/test/02539,2539,3,cat,CLIP ViT-B/32 zero-shot,3,cat,0.7620246
stl10/test/00979,979,3,cat,CLIP ViT-B/32 zero-shot,3,cat,0.97647184
stl10/test/06354,6354,2,car,CLIP ViT-B/32 zero-shot,2,car,0.9272656
stl10/test/04735,4735,2,car,CLIP ViT-B/32 zero-shot,2,car,0.9468856
stl10/test/05912,5912,0,airplane,CLIP ViT-B/32 zero-shot,0,airplane,0.9665444
stl10/test/03844,3844,6,horse,CLIP ViT-B/32 zero-shot,6,horse,0.99785066
stl10/test/01263,1263,3,cat,CLIP ViT-B/32 zero-shot,4,deer,0.93491125
stl10/test/03404,3404,7,monkey,CLIP ViT-B/32 zero-shot,7,monkey,0.9987143
stl10/test/03905,3905,8,ship,CLIP ViT-B/32 zero-shot,8,ship,0.99721956
stl10/test/01596,1596,0,airplane,CLIP ViT-B/32 zero-shot,0,airplane,0.9764281
stl10/test/03083,3083,0,airplane,CLIP ViT-B/32 zero-shot,0,airplane,0.9864894
stl10/test/02003,2003,6,horse,CLIP ViT-B/32 zero-shot,6,horse,0.99521905
stl10/test/05030,5030,2,car,CLIP ViT-B/32 zero-shot,2,car,0.9744958
stl10/test/00095,95,1,bird,CLIP ViT-B/32 zero-shot,1,bird,0.9980122
stl10/test/02757,2757,4,deer,CLIP ViT-B/32 zero-shot,4,deer,0.9893673
stl10/test/03413,3413,1,bird,CLIP ViT-B/32 zero-shot,1,bird,0.99850285
stl10/test/05488,5488,1,bird,CLIP ViT-B/32 zero-shot,1,bird,0.95709836
stl10/test/04827,4827,6,horse,CLIP ViT-B/32 zero-shot,6,horse,0.97506624
stl10/test/01877,1877,5,dog,CLIP ViT-B/32 zero-shot,5,dog,0.81465447
stl10/test/02157,2157,1,bird,CLIP ViT-B/32 zero-shot,1,bird,0.99565
stl10/test/04821,4821,3,cat,CLIP ViT-B/32 zero-shot,3,cat,0.94511527
stl10/test/04953,4953,5,dog,CLIP ViT-B/32 zero-shot,5,dog,0.91120464
stl10/test/05525,5525,8,ship,CLIP ViT-B/32 zero-shot,8,ship,0.99775404
stl10/test/05381,5381,5,dog,CLIP ViT-B/32 zero-shot,5,dog,0.93777025
stl10/test/00672,672,3,cat,CLIP ViT-B/32 zero-shot,3,cat,0.6589408
stl10/test/00323,323,7,monkey,CLIP ViT-B/32 zero-shot,7,monkey,0.9995504
stl10/test/05436,5436,7,monkey,CLIP ViT-B/32 zero-shot,7,monkey,0.9997032
stl10/test/05450,5450,7,monkey,CLIP ViT-B/32 zero-shot,7,monkey,0.99638295
stl10/test/06358,6358,5,dog,CLIP ViT-B/32 zero-shot,5,dog,0.94725734
stl10/test/00372,372,3,cat,CLIP ViT-B/32 zero-shot,3,cat,0.9623432
stl10/test/00378,378,5,dog,CLIP ViT-B/32 zero-shot,5,dog,0.98424834
stl10/test/07706,7706,5,dog,CLIP ViT-B/32 zero-shot,5,dog,0.93312967
stl10/test/02178,2178,1,bird,CLIP ViT-B/32 zero-shot,1,bird,0.9934854
stl10/test/05237,5237,2,car,CLIP ViT-B/32 zero-shot,2,car,0.7900773
stl10/test/05478,5478,0,airplane,CLIP ViT-B/32 zero-shot,0,airplane,0.94366306
stl10/test/05452,5452,9,truck,CLIP ViT-B/32 zero-shot,9,truck,0.9734379
stl10/test/05623,5623,4,deer,CLIP ViT-B/32 zero-shot,4,deer,0.9985228
stl10/test/06772,6772,7,monkey,CLIP ViT-B/32 zero-shot,7,monkey,0.9954424
stl10/test/01111,1111,4,deer,CLIP ViT-B/32 zero-shot,4,deer,0.98919475
stl10/test/05528,5528,3,cat,CLIP ViT-B/32 zero-shot,3,cat,0.9687581
stl10/test/03777,3777,6,horse,CLIP ViT-B/32 zero-shot,6,horse,0.998611
stl10/test/02458,2458,5,dog,CLIP ViT-B/32 zero-shot,5,dog,0.96174663
stl10/test/04921,4921,2,car,CLIP ViT-B/32 zero-shot,2,car,0.97687703
stl10/test/03015,3015,8,ship,CLIP ViT-B/32 zero-shot,8,ship,0.9922511
stl10/test/07476,7476,8,ship,CLIP ViT-B/32 zero-shot,8,ship,0.99669915
stl10/test/01520,1520,2,car,CLIP ViT-B/32 zero-shot,2,car,0.9442666
stl10/test/06713,6713,6,horse,CLIP ViT-B/32 zero-shot,6,horse,0.95617014
stl10/test/01852,1852,1,bird,CLIP ViT-B/32 zero-shot,1,bird,0.9979442
stl10/test/02268,2268,5,dog,CLIP ViT-B/32 zero-shot,5,dog,0.990613
stl10/test/00151,151,8,ship,CLIP ViT-B/32 zero-shot,8,ship,0.9915474
stl10/test/00890,890,6,horse,CLIP ViT-B/32 zero-shot,6,horse,0.99827874
stl10/test/00825,825,1,bird,CLIP ViT-B/32 zero-shot,1,bird,0.97289634
stl10/test/02536,2536,3,cat,CLIP ViT-B/32 zero-shot,3,cat,0.70842344
stl10/test/00470,470,2,car,CLIP ViT-B/32 zero-shot,2,car,0.9750572
stl10/test/05256,5256,1,bird,CLIP ViT-B/32 zero-shot,1,bird,0.9950145
stl10/test/02011,2011,9,truck,CLIP ViT-B/32 zero-shot,9,truck,0.97136164
stl10/test/07150,7150,0,airplane,CLIP ViT-B/32 zero-shot,0,airplane,0.99509865
stl10/test/00449,449,6,horse,CLIP ViT-B/32 zero-shot,6,horse,0.997626
stl10/test/02704,2704,4,deer,CLIP ViT-B/32 zero-shot,4,deer,0.99960536
stl10/test/03437,3437,0,airplane,CLIP ViT-B/32 zero-shot,0,airplane,0.5846647
stl10/test/03375,3375,3,cat,CLIP ViT-B/32 zero-shot,3,cat,0.850177
stl10/test/04552,4552,8,ship,CLIP ViT-B/32 zero-shot,8,ship,0.9793914
stl10/test/00920,920,6,horse,CLIP ViT-B/32 zero-shot,6,horse,0.99918777
stl10/test/02242,2242,0,airplane,CLIP ViT-B/32 zero-shot,0,airplane,0.9789162
stl10/test/02745,2745,8,ship,CLIP ViT-B/32 zero-shot,8,ship,0.9959894
stl10/test/01032,1032,7,monkey,CLIP ViT-B/32 zero-shot,7,monkey,0.9955082
stl10/test/00365,365,3,cat,CLIP ViT-B/32 zero-shot,3,cat,0.9514147
stl10/test/04850,4850,5,dog,CLIP ViT-B/32 zero-shot,5,dog,0.93827957
stl10/test/04819,4819,0,airplane,CLIP ViT-B/32 zero-shot,0,airplane,0.97621274
stl10/test/07338,7338,6,horse,CLIP ViT-B/32 zero-shot,6,horse,0.9928185
stl10/test/07372,7372,0,airplane,CLIP ViT-B/32 zero-shot,0,airplane,0.9697539
stl10/test/01090,1090,1,bird,CLIP ViT-B/32 zero-shot,1,bird,0.9901112
stl10/test/05062,5062,4,deer,CLIP ViT-B/32 zero-shot,4,deer,0.99915063
stl10/test/00981,981,2,car,CLIP ViT-B/32 zero-shot,2,car,0.98057705
stl10/test/05857,5857,6,horse,CLIP ViT-B/32 zero-shot,6,horse,0.97043824
stl10/test/01986,1986,1,bird,CLIP ViT-B/32 zero-shot,1,bird,0.9598815
stl10/test/05560,5560,1,bird,CLIP ViT-B/32 zero-shot,1,bird,0.99481416
stl10/test/01814,1814,2,car,CLIP ViT-B/32 zero-shot,2,car,0.9746266
stl10/test/00194,194,8,ship,CLIP ViT-B/32 zero-shot,8,ship,0.9960536
stl10/test/01993,1993,1,bird,CLIP ViT-B/32 zero-shot,1,bird,0.9973922
stl10/test/05333,5333,2,car,CLIP ViT-B/32 zero-shot,2,car,0.97854656
stl10/test/04311,4311,8,ship,CLIP ViT-B/32 zero-shot,8,ship,0.9975133
stl10/test/07425,7425,2,car,CLIP ViT-B/32 zero-shot,2,car,0.98601156
stl10/test/03889,3889,5,dog,CLIP ViT-B/32 zero-shot,5,dog,0.9279824
stl10/test/04308,4308,7,monkey,CLIP ViT-B/32 zero-shot,7,monkey,0.998005
stl10/test/01960,1960,4,deer,CLIP ViT-B/32 zero-shot,4,deer,0.9586413
stl10/test/04399,4399,0,airplane,CLIP ViT-B/32 zero-shot,0,airplane,0.9179506
stl10/test/03191,3191,6,horse,CLIP ViT-B/32 zero-shot,6,horse,0.91058654
stl10/test/01626,1626,5,dog,CLIP ViT-B/32 zero-shot,5,dog,0.9720988
stl10/test/00176,176,3,cat,CLIP ViT-B/32 zero-shot,3,cat,0.86795497
stl10/test/07726,7726,6,horse,CLIP ViT-B/32 zero-shot,6,horse,0.9987355
stl10/test/02334,2334,5,dog,CLIP ViT-B/32 zero-shot,5,dog,0.9594631
stl10/test/01648,1648,0,airplane,CLIP ViT-B/32 zero-shot,0,airplane,0.9871639
stl10/test/06084,6084,7,monkey,CLIP ViT-B/32 zero-shot,7,monkey,0.99872655
stl10/test/03455,3455,0,airplane,CLIP ViT-B/32 zero-shot,0,airplane,0.9001697
stl10/test/01468,1468,9,truck,CLIP ViT-B/32 zero-shot,9,truck,0.66469514
stl10/test/01296,1296,7,monkey,CLIP ViT-B/32 zero-shot,7,monkey,0.99954885
stl10/test/05213,5213,4,deer,CLIP ViT-B/32 zero-shot,4,deer,0.991791
stl10/test/07047,7047,9,truck,CLIP ViT-B/32 zero-shot,9,truck,0.9892616
stl10/test/05360,5360,9,truck,CLIP ViT-B/32 zero-shot,9,truck,0.94504607
stl10/test/05824,5824,2,car,CLIP ViT-B/32 zero-shot,2,car,0.7350606
stl10/test/07460,7460,8,ship,CLIP ViT-B/32 zero-shot,8,ship,0.9881711
stl10/test/04791,4791,7,monkey,CLIP ViT-B/32 zero-shot,7,monkey,0.9997979
stl10/test/06692,6692,2,car,CLIP ViT-B/32 zero-shot,2,car,0.9346326
stl10/test/06931,6931,9,truck,CLIP ViT-B/32 zero-shot,9,truck,0.82895756
stl10/test/00667,667,8,ship,CLIP ViT-B/32 zero-shot,8,ship,0.99834645
stl10/test/07781,7781,6,horse,CLIP ViT-B/32 zero-shot,6,horse,0.9997135
stl10/test/07793,7793,3,cat,CLIP ViT-B/32 zero-shot,3,cat,0.8285921
stl10/test/01411,1411,9,truck,CLIP ViT-B/32 zero-shot,9,truck,0.9859235
stl10/test/01473,1473,7,monkey,CLIP ViT-B/32 zero-shot,7,monkey,0.9994936
stl10/test/07130,7130,5,dog,CLIP ViT-B/32 zero-shot,5,dog,0.98306596
stl10/test/01956,1956,7,monkey,CLIP ViT-B/32 zero-shot,7,monkey,0.99451506
stl10/test/06716,6716,5,dog,CLIP ViT-B/32 zero-shot,5,dog,0.8845634
stl10/test/04106,4106,5,dog,CLIP ViT-B/32 zero-shot,5,dog,0.9315792
stl10/test/03494,3494,6,horse,CLIP ViT-B/32 zero-shot,6,horse,0.9959597
stl10/test/00691,691,4,deer,CLIP ViT-B/32 zero-shot,4,deer,0.9984061
stl10/test/05220,5220,1,bird,CLIP ViT-B/32 zero-shot,5,dog,0.39327618
stl10/test/04908,4908,3,cat,CLIP ViT-B/32 zero-shot,3,cat,0.96846795
stl10/test/07029,7029,1,bird,CLIP ViT-B/32 zero-shot,1,bird,0.99607533
stl10/test/04130,4130,0,airplane,CLIP ViT-B/32 zero-shot,0,airplane,0.96095777
stl10/test/07938,7938,9,truck,CLIP ViT-B/32 zero-shot,9,truck,0.9361048
stl10/test/05101,5101,5,dog,CLIP ViT-B/32 zero-shot,5,dog,0.94683546
stl10/test/01515,1515,9,truck,CLIP ViT-B/32 zero-shot,9,truck,0.99448615
stl10/test/03287,3287,4,deer,CLIP ViT-B/32 zero-shot,4,deer,0.99864095
stl10/test/00716,716,8,ship,CLIP ViT-B/32 zero-shot,8,ship,0.9785886
stl10/test/04236,4236,7,monkey,CLIP ViT-B/32 zero-shot,7,monkey,0.9991491
stl10/test/05408,5408,6,horse,CLIP ViT-B/32 zero-shot,6,horse,0.9986206
stl10/test/05496,5496,5,dog,CLIP ViT-B/32 zero-shot,5,dog,0.9648462
stl10/test/03365,3365,4,deer,CLIP ViT-B/32 zero-shot,4,deer,0.9946824
stl10/test/04323,4323,3,cat,CLIP ViT-B/32 zero-shot,3,cat,0.96143466
stl10/test/05467,5467,4,deer,CLIP ViT-B/32 zero-shot,4,deer,0.9974051
stl10/test/01644,1644,5,dog,CLIP ViT-B/32 zero-shot,5,dog,0.97550845
stl10/test/03948,3948,8,ship,CLIP ViT-B/32 zero-shot,8,ship,0.9914328
stl10/test/06726,6726,7,monkey,CLIP ViT-B/32 zero-shot,7,monkey,0.9957445
stl10/test/05395,5395,2,car,CLIP ViT-B/32 zero-shot,2,car,0.9836361
stl10/test/01579,1579,7,monkey,CLIP ViT-B/32 zero-shot,7,monkey,0.999057
stl10/test/05918,5918,0,airplane,CLIP ViT-B/32 zero-shot,0,airplane,0.9632471
stl10/test/07041,7041,5,dog,CLIP ViT-B/32 zero-shot,5,dog,0.76215494
stl10/test/00506,506,4,deer,CLIP ViT-B/32 zero-shot,4,deer,0.99587184
stl10/test/04011,4011,6,horse,CLIP ViT-B/32 zero-shot,6,horse,0.9954332
stl10/test/05981,5981,9,truck,CLIP ViT-B/32 zero-shot,9,truck,0.8660672
stl10/test/00409,409,2,car,CLIP ViT-B/32 zero-shot,2,car,0.9774845
stl10/test/06954,6954,1,bird,CLIP ViT-B/32 zero-shot,1,bird,0.98106456
stl10/test/07555,7555,6,horse,CLIP ViT-B/32 zero-shot,6,horse,0.91561866
stl10/test/03965,3965,0,airplane,CLIP ViT-B/32 zero-shot,0,airplane,0.98566633
stl10/test/07266,7266,9,truck,CLIP ViT-B/32 zero-shot,9,truck,0.95620066
stl10/test/04785,4785,0,airplane,CLIP ViT-B/32 zero-shot,0,airplane,0.949107
stl10/test/06028,6028,2,car,CLIP ViT-B/32 zero-shot,2,car,0.9786422
stl10/test/06503,6503,2,car,CLIP ViT-B/32 zero-shot,2,car,0.9512882
stl10/test/06414,6414,5,dog,CLIP ViT-B/32 zero-shot,5,dog,0.8451654
stl10/test/05382,5382,6,horse,CLIP ViT-B/32 zero-shot,6,horse,0.981737
stl10/test/06836,6836,1,bird,CLIP ViT-B/32 zero-shot,1,bird,0.9967366
stl10/test/06508,6508,4,deer,CLIP ViT-B/32 zero-shot,4,deer,0.99375206
stl10/test/03994,3994,4,deer,CLIP ViT-B/32 zero-shot,4,deer,0.99949074
stl10/test/03942,3942,9,truck,CLIP ViT-B/32 zero-shot,9,truck,0.9084133
stl10/test/03542,3542,7,monkey,CLIP ViT-B/32 zero-shot,7,monkey,0.9988889
stl10/test/06952,6952,3,cat,CLIP ViT-B/32 zero-shot,3,cat,0.97308743
stl10/test/04290,4290,5,dog,CLIP ViT-B/32 zero-shot,4,deer,0.6572092
stl10/test/07446,7446,8,ship,CLIP ViT-B/32 zero-shot,8,ship,0.9969959
stl10/test/06169,6169,1,bird,CLIP ViT-B/32 zero-shot,1,bird,0.9295999
stl10/test/01109,1109,1,bird,CLIP ViT-B/32 zero-shot,1,bird,0.9947502
stl10/test/03179,3179,4,deer,CLIP ViT-B/32 zero-shot,4,deer,0.9974184
stl10/test/07835,7835,7,monkey,CLIP ViT-B/32 zero-shot,7,monkey,0.9996294
stl10/test/07390,7390,1,bird,CLIP ViT-B/32 zero-shot,1,bird,0.95537204
stl10/test/00568,568,5,dog,CLIP ViT-B/32 zero-shot,5,dog,0.71145284
stl10/test/04629,4629,4,deer,CLIP ViT-B/32 zero-shot,4,deer,0.99833906
stl10/test/07138,7138,8,ship,CLIP ViT-B/32 zero-shot,8,ship,0.9975489
stl10/test/05284,5284,9,truck,CLIP ViT-B/32 zero-shot,9,truck,0.9884266
stl10/test/00003,3,0,airplane,CLIP ViT-B/32 zero-shot,0,airplane,0.9328842
stl10/test/02690,2690,1,bird,CLIP ViT-B/32 zero-shot,1,bird,0.99900585
stl10/test/05858,5858,6,horse,CLIP ViT-B/32 zero-shot,6,horse,0.9982804
stl10/test/01266,1266,4,deer,CLIP ViT-B/32 zero-shot,4,deer,0.99499905
stl10/test/03034,3034,4,deer,CLIP ViT-B/32 zero-shot,4,deer,0.9970035
stl10/test/02655,2655,9,truck,CLIP ViT-B/32 zero-shot,9,truck,0.90462035
stl10/test/06190,6190,7,monkey,CLIP ViT-B/32 zero-shot,7,monkey,0.99962425
stl10/test/04170,4170,8,ship,CLIP ViT-B/32 zero-shot,8,ship,0.9962488
stl10/test/07380,7380,9,truck,CLIP ViT-B/32 zero-shot,9,truck,0.99039453
stl10/test/07752,7752,9,truck,CLIP ViT-B/32 zero-shot,9,truck,0.86424667
stl10/test/03996,3996,9,truck,CLIP ViT-B/32 zero-shot,9,truck,0.99683577
stl10/test/01204,1204,3,cat,CLIP ViT-B/32 zero-shot,3,cat,0.7735919
stl10/test/01654,1654,9,truck,CLIP ViT-B/32 zero-shot,9,truck,0.9843114
stl10/test/04746,4746,6,horse,CLIP ViT-B/32 zero-shot,6,horse,0.99956614
stl10/test/04590,4590,3,cat,CLIP ViT-B/32 zero-shot,3,cat,0.98019654
stl10/test/00562,562,0,airplane,CLIP ViT-B/32 zero-shot,0,airplane,0.9303555
stl10/test/07108,7108,6,horse,CLIP ViT-B/32 zero-shot,6,horse,0.9978728
stl10/test/05999,5999,0,airplane,CLIP ViT-B/32 zero-shot,0,airplane,0.9818633
stl10/test/01403,1403,2,car,CLIP ViT-B/32 zero-shot,2,car,0.9919891
stl10/test/04403,4403,7,monkey,CLIP ViT-B/32 zero-shot,7,monkey,0.99985075
stl10/test/06332,6332,2,car,CLIP ViT-B/32 zero-shot,2,car,0.96891326
stl10/test/06264,6264,2,car,CLIP ViT-B/32 zero-shot,2,car,0.9859477
stl10/test/00303,303,9,truck,CLIP ViT-B/32 zero-shot,9,truck,0.993335
stl10/test/00791,791,3,cat,CLIP ViT-B/32 zero-shot,3,cat,0.9796765
stl10/test/03067,3067,2,car,CLIP ViT-B/32 zero-shot,2,car,0.89714766
stl10/test/00484,484,0,airplane,CLIP ViT-B/32 zero-shot,0,airplane,0.9772611
stl10/test/01370,1370,3,cat,CLIP ViT-B/32 zero-shot,3,cat,0.9671873
stl10/test/04069,4069,8,ship,CLIP ViT-B/32 zero-shot,8,ship,0.9578222
stl10/test/07373,7373,0,airplane,CLIP ViT-B/32 zero-shot,0,airplane,0.9845371
stl10/test/04330,4330,3,cat,CLIP ViT-B/32 zero-shot,5,dog,0.80813026
stl10/test/05701,5701,5,dog,CLIP ViT-B/32 zero-shot,5,dog,0.96988654
stl10/test/07465,7465,0,airplane,CLIP ViT-B/32 zero-shot,0,airplane,0.9850359
stl10/test/01531,1531,3,cat,CLIP ViT-B/32 zero-shot,4,deer,0.346934
stl10/test/04676,4676,8,ship,CLIP ViT-B/32 zero-shot,8,ship,0.99629515
stl10/test/04531,4531,3,cat,CLIP ViT-B/32 zero-shot,3,cat,0.7411637
stl10/test/00706,706,8,ship,CLIP ViT-B/32 zero-shot,8,ship,0.99851805
stl10/test/02844,2844,8,ship,CLIP ViT-B/32 zero-shot,8,ship,0.9959403
stl10/test/03755,3755,2,car,CLIP ViT-B/32 zero-shot,2,car,0.9830078
stl10/test/05848,5848,7,monkey,CLIP ViT-B/32 zero-shot,7,monkey,0.9991015
stl10/test/02114,2114,9,truck,CLIP ViT-B/32 zero-shot,9,truck,0.66232103
stl10/test/03876,3876,0,airplane,CLIP ViT-B/32 zero-shot,0,airplane,0.66339934
stl10/test/00677,677,3,cat,CLIP ViT-B/32 zero-shot,3,cat,0.9713849
stl10/test/02116,2116,1,bird,CLIP ViT-B/32 zero-shot,1,bird,0.9836813
stl10/test/04661,4661,7,monkey,CLIP ViT-B/32 zero-shot,7,monkey,0.9989844
stl10/test/02676,2676,6,horse,CLIP ViT-B/32 zero-shot,6,horse,0.98929346
stl10/test/03025,3025,0,airplane,CLIP ViT-B/32 zero-shot,0,airplane,0.7937214
stl10/test/04449,4449,9,truck,CLIP ViT-B/32 zero-shot,9,truck,0.93646604
stl10/test/00977,977,6,horse,CLIP ViT-B/32 zero-shot,6,horse,0.99842
stl10/test/04990,4990,8,ship,CLIP ViT-B/32 zero-shot,8,ship,0.9792392
stl10/test/07309,7309,0,airplane,CLIP ViT-B/32 zero-shot,0,airplane,0.9687927
stl10/test/01048,1048,7,monkey,CLIP ViT-B/32 zero-shot,7,monkey,0.99477506
stl10/test/03276,3276,3,cat,CLIP ViT-B/32 zero-shot,7,monkey,0.77413076
stl10/test/05512,5512,2,car,CLIP ViT-B/32 zero-shot,9,truck,0.67121035
stl10/test/07692,7692,4,deer,CLIP ViT-B/32 zero-shot,4,deer,0.9966807
stl10/test/01436,1436,1,bird,CLIP ViT-B/32 zero-shot,1,bird,0.99714345
stl10/test/07544,7544,9,truck,CLIP ViT-B/32 zero-shot,9,truck,0.8096035
stl10/test/03383,3383,3,cat,CLIP ViT-B/32 zero-shot,3,cat,0.75823396
stl10/test/01977,1977,0,airplane,CLIP ViT-B/32 zero-shot,0,airplane,0.80860114
stl10/test/02750,2750,0,airplane,CLIP ViT-B/32 zero-shot,0,airplane,0.59347105
stl10/test/07996,7996,6,horse,CLIP ViT-B/32 zero-shot,6,horse,0.9961971
stl10/test/06989,6989,5,dog,CLIP ViT-B/32 zero-shot,5,dog,0.7270496
stl10/test/01431,1431,3,cat,CLIP ViT-B/32 zero-shot,3,cat,0.94914395
stl10/test/07416,7416,3,cat,CLIP ViT-B/32 zero-shot,3,cat,0.94168305
stl10/test/04547,4547,5,dog,CLIP ViT-B/32 zero-shot,5,dog,0.9734812
stl10/test/00042,42,0,airplane,CLIP ViT-B/32 zero-shot,0,airplane,0.95536923
stl10/test/05117,5117,0,airplane,CLIP ViT-B/32 zero-shot,0,airplane,0.9253299
stl10/test/04411,4411,6,horse,CLIP ViT-B/32 zero-shot,6,horse,0.94762385
stl10/test/05789,5789,4,deer,CLIP ViT-B/32 zero-shot,4,deer,0.99455667
stl10/test/00483,483,2,car,CLIP ViT-B/32 zero-shot,2,car,0.9885422
stl10/test/06650,6650,7,monkey,CLIP ViT-B/32 zero-shot,7,monkey,0.9973744
stl10/test/04881,4881,3,cat,CLIP ViT-B/32 zero-shot,7,monkey,0.4889476
stl10/test/00391,391,3,cat,CLIP ViT-B/32 zero-shot,4,deer,0.50196266
stl10/test/00370,370,7,monkey,CLIP ViT-B/32 zero-shot,7,monkey,0.9997595
stl10/test/00419,419,9,truck,CLIP ViT-B/32 zero-shot,9,truck,0.9790333
stl10/test/03318,3318,9,truck,CLIP ViT-B/32 zero-shot,9,truck,0.89127207
stl10/test/04355,4355,8,ship,CLIP ViT-B/32 zero-shot,8,ship,0.9907527
stl10/test/05402,5402,4,deer,CLIP ViT-B/32 zero-shot,4,deer,0.99187696
stl10/test/05332,5332,5,dog,CLIP ViT-B/32 zero-shot,5,dog,0.80680066
stl10/test/00239,239,9,truck,CLIP ViT-B/32 zero-shot,9,truck,0.96749675
stl10/test/06271,6271,2,car,CLIP ViT-B/32 zero-shot,2,car,0.9784887
stl10/test/01129,1129,8,ship,CLIP ViT-B/32 zero-shot,8,ship,0.9960671
stl10/test/02391,2391,5,dog,CLIP ViT-B/32 zero-shot,5,dog,0.9073098
stl10/test/00191,191,9,truck,CLIP ViT-B/32 zero-shot,9,truck,0.53117734
stl10/test/05447,5447,9,truck,CLIP ViT-B/32 zero-shot,9,truck,0.93881196
stl10/test/06528,6528,4,deer,CLIP ViT-B/32 zero-shot,4,deer,0.99737453
