image_id,official_test_index,label,class_name,model,condition,predicted_label,predicted_class,confidence,clean_predicted_label,matches_clean
stl10/test/00632,632,3,cat,ResNet-50 + linear head,grayscale,3,cat,0.9626701,3,True
stl10/test/00131,131,9,truck,ResNet-50 + linear head,grayscale,9,truck,0.9797165,9,True
stl10/test/07081,7081,7,monkey,ResNet-50 + linear head,grayscale,7,monkey,0.9368962,7,True
stl10/test/01836,1836,9,truck,ResNet-50 + linear head,grayscale,9,truck,0.85296875,9,True
stl10/test/06437,6437,0,airplane,ResNet-50 + linear head,grayscale,0,airplane,0.9116661,0,True
stl10/test/06609,6609,0,airplane,ResNet-50 + linear head,grayscale,0,airplane,0.94669205,0,True
stl10/test/03467,3467,7,monkey,ResNet-50 + linear head,grayscale,7,monkey,0.37330016,7,True
stl10/test/01401,1401,3,cat,ResNet-50 + linear head,grayscale,3,cat,0.98886675,3,True
stl10/test/01839,1839,2,car,ResNet-50 + linear head,grayscale,2,car,0.97926474,2,True
stl10/test/04168,4168,3,cat,ResNet-50 + linear head,grayscale,3,cat,0.95236844,3,True
stl10/test/00035,35,2,car,ResNet-50 + linear head,grayscale,2,car,0.97611237,2,True
stl10/test/04177,4177,8,ship,ResNet-50 + linear head,grayscale,8,ship,0.92857283,8,True
stl10/test/07270,7270,7,monkey,ResNet-50 + linear head,grayscale,7,monkey,0.9480799,7,True
stl10/test/02265,2265,5,dog,ResNet-50 + linear head,grayscale,5,dog,0.95513535,5,True
stl10/test/03288,3288,7,monkey,ResNet-50 + linear head,grayscale,7,monkey,0.9013895,7,True
stl10/test/05451,5451,8,ship,ResNet-50 + linear head,grayscale,8,ship,0.99033946,8,True
stl10/test/04023,4023,3,cat,ResNet-50 + linear head,grayscale,3,cat,0.84268504,3,True
stl10/test/00261,261,1,bird,ResNet-50 + linear head,grayscale,1,bird,0.9119578,1,True
stl10/test/04570,4570,5,dog,ResNet-50 + linear head,grayscale,5,dog,0.9104389,5,True
stl10/test/04966,4966,5,dog,ResNet-50 + linear head,grayscale,5,dog,0.9556915,5,True
stl10/test/07955,7955,1,bird,ResNet-50 + linear head,grayscale,1,bird,0.9946806,1,True
stl10/test/06288,6288,4,deer,ResNet-50 + linear head,grayscale,4,deer,0.95719147,4,True
stl10/test/07810,7810,8,ship,ResNet-50 + linear head,grayscale,8,ship,0.94477916,8,True
stl10/test/01927,1927,7,monkey,ResNet-50 + linear head,grayscale,7,monkey,0.97059613,7,True
stl10/test/01871,1871,1,bird,ResNet-50 + linear head,grayscale,1,bird,0.7552027,1,True
stl10/test/06922,6922,5,dog,ResNet-50 + linear head,grayscale,5,dog,0.996594,5,True
stl10/test/03512,3512,4,deer,ResNet-50 + linear head,grayscale,4,deer,0.97232085,4,True
stl10/test/04754,4754,6,horse,ResNet-50 + linear head,grayscale,6,horse,0.9531667,6,True
stl10/test/00714,714,2,car,ResNet-50 + linear head,grayscale,2,car,0.87639844,2,True
stl10/test/02191,2191,8,ship,ResNet-50 + linear head,grayscale,8,ship,0.725329,8,True
stl10/test/04615,4615,0,airplane,ResNet-50 + linear head,grayscale,0,airplane,0.96622276,0,True
stl10/test/04662,4662,8,ship,ResNet-50 + linear head,grayscale,8,ship,0.96088284,8,True
stl10/test/05915,5915,9,truck,ResNet-50 + linear head,grayscale,9,truck,0.95276046,9,True
stl10/test/00766,766,4,deer,ResNet-50 + linear head,grayscale,6,horse,0.9212618,6,True
stl10/test/05218,5218,2,car,ResNet-50 + linear head,grayscale,2,car,0.93075806,2,True
stl10/test/02340,2340,8,ship,ResNet-50 + linear head,grayscale,8,ship,0.97905946,8,True
stl10/test/01954,1954,8,ship,ResNet-50 + linear head,grayscale,0,airplane,0.7766818,8,False
stl10/test/07875,7875,8,ship,ResNet-50 + linear head,grayscale,8,ship,0.9283357,8,True
stl10/test/03418,3418,6,horse,ResNet-50 + linear head,grayscale,6,horse,0.8983319,6,True
stl10/test/05572,5572,9,truck,ResNet-50 + linear head,grayscale,9,truck,0.97936136,9,True
stl10/test/05977,5977,7,monkey,ResNet-50 + linear head,grayscale,7,monkey,0.9800458,7,True
stl10/test/05123,5123,1,bird,ResNet-50 + linear head,grayscale,1,bird,0.95175403,1,True
stl10/test/05851,5851,9,truck,ResNet-50 + linear head,grayscale,9,truck,0.9630572,9,True
stl10/test/04094,4094,9,truck,ResNet-50 + linear head,grayscale,9,truck,0.92407054,9,True
stl10/test/04254,4254,6,horse,ResNet-50 + linear head,grayscale,6,horse,0.81489545,6,True
stl10/test/02501,2501,7,monkey,ResNet-50 + linear head,grayscale,7,monkey,0.9656759,7,True
stl10/test/06938,6938,1,bird,ResNet-50 + linear head,grayscale,1,bird,0.93531907,1,True
stl10/test/00171,171,4,deer,ResNet-50 + linear head,grayscale,4,deer,0.98069096,4,True
stl10/test/04215,4215,3,cat,ResNet-50 + linear head,grayscale,1,bird,0.5092891,3,False
stl10/test/05705,5705,8,ship,ResNet-50 + linear head,grayscale,8,ship,0.96620834,8,True
stl10/test/03458,3458,4,deer,ResNet-50 + linear head,grayscale,4,deer,0.89525735,4,True
stl10/test/01220,1220,7,monkey,ResNet-50 + linear head,grayscale,7,monkey,0.91628414,7,True
stl10/test/00962,962,8,ship,ResNet-50 + linear head,grayscale,8,ship,0.99044764,8,True
stl10/test/02950,2950,5,dog,ResNet-50 + linear head,grayscale,5,dog,0.9213151,5,True
stl10/test/02623,2623,5,dog,ResNet-50 + linear head,grayscale,5,dog,0.7023876,5,True
stl10/test/04539,4539,0,airplane,ResNet-50 + linear head,grayscale,0,airplane,0.99361694,0,True
stl10/test/01553,1553,0,airplane,ResNet-50 + linear head,grayscale,0,airplane,0.7554343,0,True
stl10/test/04740,4740,4,deer,ResNet-50 + linear head,grayscale,4,deer,0.70961004,4,True
stl10/test/06844,6844,0,airplane,ResNet-50 + linear head,grayscale,0,airplane,0.8826193,0,True
stl10/test/02668,2668,7,monkey,ResNet-50 + linear head,grayscale,7,monkey,0.97479194,7,True
stl10/test/03153,3153,7,monkey,ResNet-50 + linear head,grayscale,7,monkey,0.93447083,7,True
stl10/test/05135,5135,4,deer,ResNet-50 + linear head,grayscale,4,deer,0.8252018,4,True
stl10/test/02291,2291,3,cat,ResNet-50 + linear head,grayscale,3,cat,0.94815457,3,True
stl10/test/00116,116,1,bird,ResNet-50 + linear head,grayscale,1,bird,0.9869407,1,True
stl10/test/07797,7797,3,cat,ResNet-50 + linear head,grayscale,3,cat,0.95928645,3,True
stl10/test/04609,4609,3,cat,ResNet-50 + linear head,grayscale,3,cat,0.9632497,3,True
stl10/test/00081,81,0,airplane,ResNet-50 + linear head,grayscale,0,airplane,0.9911947,0,True
stl10/test/05580,5580,6,horse,ResNet-50 + linear head,grayscale,6,horse,0.9955324,6,True
stl10/test/03024,3024,2,car,ResNet-50 + linear head,grayscale,2,car,0.97581214,2,True
stl10/test/02766,2766,5,dog,ResNet-50 + linear head,grayscale,5,dog,0.9679998,5,True
stl10/test/05000,5000,8,ship,ResNet-50 + linear head,grayscale,8,ship,0.932719,8,True
stl10/test/02610,2610,6,horse,ResNet-50 + linear head,grayscale,6,horse,0.5264216,6,True
stl10/test/02024,2024,0,airplane,ResNet-50 + linear head,grayscale,0,airplane,0.96865225,0,True
stl10/test/06097,6097,4,deer,ResNet-50 + linear head,grayscale,4,deer,0.86070347,4,True
stl10/test/00964,964,6,horse,ResNet-50 + linear head,grayscale,6,horse,0.9915126,6,True
stl10/test/07634,7634,0,airplane,ResNet-50 + linear head,grayscale,0,airplane,0.9614497,0,True
stl10/test/06434,6434,8,ship,ResNet-50 + linear head,grayscale,8,ship,0.9772299,8,True
stl10/test/05183,5183,2,car,ResNet-50 + linear head,grayscale,2,car,0.81598705,2,True
stl10/test/06986,6986,0,airplane,ResNet-50 + linear head,grayscale,0,airplane,0.978036,0,True
stl10/test/00645,645,5,dog,ResNet-50 + linear head,grayscale,5,dog,0.98772115,5,True
stl10/test/03347,3347,0,airplane,ResNet-50 + linear head,grayscale,0,airplane,0.9702964,0,True
stl10/test/05677,5677,2,car,ResNet-50 + linear head,grayscale,2,car,0.89800924,2,True
stl10/test/03412,3412,8,ship,ResNet-50 + linear head,grayscale,8,ship,0.9605477,8,True
stl10/test/03937,3937,1,bird,ResNet-50 + linear head,grayscale,1,bird,0.9217554,1,True
stl10/test/00873,873,6,horse,ResNet-50 + linear head,grayscale,6,horse,0.8968345,6,True
stl10/test/02167,2167,9,truck,ResNet-50 + linear head,grayscale,9,truck,0.7271842,9,True
stl10/test/06490,6490,3,cat,ResNet-50 + linear head,grayscale,3,cat,0.96366614,3,True
stl10/test/00738,738,3,cat,ResNet-50 + linear head,grayscale,3,cat,0.9325531,3,True
stl10/test/06616,6616,2,car,ResNet-50 + linear head,grayscale,2,car,0.9753606,2,True
stl10/test/04093,4093,6,horse,ResNet-50 + linear head,grayscale,6,horse,0.9738063,6,True
stl10/test/05788,5788,9,truck,ResNet-50 + linear head,grayscale,9,truck,0.9879739,9,True
stl10/test/07818,7818,8,ship,ResNet-50 + linear head,grayscale,8,ship,0.95794946,8,True
stl10/test/00304,304,1,bird,ResNet-50 + linear head,grayscale,1,bird,0.91288024,1,True
stl10/test/02082,2082,2,car,ResNet-50 + linear head,grayscale,2,car,0.8748952,2,True
stl10/test/02746,2746,7,monkey,ResNet-50 + linear head,grayscale,7,monkey,0.9828997,7,True
stl10/test/07944,7944,4,deer,ResNet-50 + linear head,grayscale,4,deer,0.5431614,4,True
stl10/test/06689,6689,8,ship,ResNet-50 + linear head,grayscale,8,ship,0.5263401,8,True
stl10/test/02414,2414,9,truck,ResNet-50 + linear head,grayscale,9,truck,0.84827584,9,True
stl10/test/03779,3779,6,horse,ResNet-50 + linear head,grayscale,6,horse,0.99354374,6,True
stl10/test/02095,2095,1,bird,ResNet-50 + linear head,grayscale,1,bird,0.9624396,1,True
stl10/test/07262,7262,0,airplane,ResNet-50 + linear head,grayscale,0,airplane,0.96803254,0,True
stl10/test/05694,5694,8,ship,ResNet-50 + linear head,grayscale,8,ship,0.8506714,8,True
stl10/test/07413,7413,5,dog,ResNet-50 + linear head,grayscale,5,dog,0.7138857,5,True
stl10/test/06805,6805,1,bird,ResNet-50 + linear head,grayscale,1,bird,0.94281924,1,True
stl10/test/03446,3446,7,monkey,ResNet-50 + linear head,grayscale,7,monkey,0.7143879,7,True
stl10/test/02807,2807,5,dog,ResNet-50 + linear head,grayscale,7,monkey,0.3956118,4,False
stl10/test/07940,7940,4,deer,ResNet-50 + linear head,grayscale,4,deer,0.9283676,4,True
stl10/test/04172,4172,7,monkey,ResNet-50 + linear head,grayscale,7,monkey,0.94319665,7,True
stl10/test/07744,7744,3,cat,ResNet-50 + linear head,grayscale,3,cat,0.9513097,3,True
stl10/test/01586,1586,2,car,ResNet-50 + linear head,grayscale,2,car,0.9817001,2,True
stl10/test/07999,7999,8,ship,ResNet-50 + linear head,grayscale,8,ship,0.96468526,8,True
stl10/test/06349,6349,1,bird,ResNet-50 + linear head,grayscale,1,bird,0.97391033,1,True
stl10/test/06594,6594,1,bird,ResNet-50 + linear head,grayscale,1,bird,0.9719274,1,True
stl10/test/02109,2109,8,ship,ResNet-50 + linear head,grayscale,8,ship,0.93754303,8,True
stl10/test/03079,3079,1,bird,ResNet-50 + linear head,grayscale,1,bird,0.997865,1,True
stl10/test/02070,2070,1,bird,ResNet-50 + linear head,grayscale,1,bird,0.9812898,1,True
stl10/test/00319,319,5,dog,ResNet-50 + linear head,grayscale,5,dog,0.9628546,5,True
stl10/test/02888,2888,0,airplane,ResNet-50 + linear head,grayscale,0,airplane,0.8238315,0,True
stl10/test/06224,6224,5,dog,ResNet-50 + linear head,grayscale,5,dog,0.91243005,5,True
stl10/test/03353,3353,5,dog,ResNet-50 + linear head,grayscale,3,cat,0.8154323,3,True
stl10/test/06244,6244,2,car,ResNet-50 + linear head,grayscale,2,car,0.85194176,2,True
stl10/test/04704,4704,7,monkey,ResNet-50 + linear head,grayscale,7,monkey,0.96437496,7,True
stl10/test/02427,2427,5,dog,ResNet-50 + linear head,grayscale,5,dog,0.9769378,5,True
stl10/test/07995,7995,9,truck,ResNet-50 + linear head,grayscale,9,truck,0.8239861,9,True
stl10/test/01124,1124,4,deer,ResNet-50 + linear head,grayscale,4,deer,0.9343555,4,True
stl10/test/06733,6733,1,bird,ResNet-50 + linear head,grayscale,1,bird,0.88152254,1,True
stl10/test/02062,2062,9,truck,ResNet-50 + linear head,grayscale,9,truck,0.9511715,9,True
stl10/test/00805,805,9,truck,ResNet-50 + linear head,grayscale,9,truck,0.98446643,9,True
stl10/test/02028,2028,3,cat,ResNet-50 + linear head,grayscale,3,cat,0.99899036,3,True
stl10/test/02392,2392,2,car,ResNet-50 + linear head,grayscale,2,car,0.9811492,2,True
stl10/test/03292,3292,6,horse,ResNet-50 + linear head,grayscale,6,horse,0.9850718,6,True
stl10/test/01440,1440,7,monkey,ResNet-50 + linear head,grayscale,7,monkey,0.93444186,7,True
stl10/test/01115,1115,1,bird,ResNet-50 + linear head,grayscale,1,bird,0.99687576,1,True
stl10/test/04242,4242,8,ship,ResNet-50 + linear head,grayscale,8,ship,0.97197163,8,True
stl10/test/02230,2230,8,ship,ResNet-50 + linear head,grayscale,8,ship,0.9429744,8,True
stl10/test/03163,3163,2,car,ResNet-50 + linear head,grayscale,2,car,0.989985,2,True
stl10/test/00545,545,6,horse,ResNet-50 + linear head,grayscale,2,car,0.6275972,6,False
stl10/test/03863,3863,5,dog,ResNet-50 + linear head,grayscale,5,dog,0.83494323,5,True
stl10/test/04748,4748,7,monkey,ResNet-50 + linear head,grayscale,7,monkey,0.86045337,7,True
stl10/test/02399,2399,4,deer,ResNet-50 + linear head,grayscale,4,deer,0.8951602,4,True
stl10/test/04341,4341,6,horse,ResNet-50 + linear head,grayscale,6,horse,0.9835059,6,True
stl10/test/03078,3078,4,deer,ResNet-50 + linear head,grayscale,4,deer,0.9634997,4,True
stl10/test/03763,3763,4,deer,ResNet-50 + linear head,grayscale,4,deer,0.8681323,4,True
stl10/test/02958,2958,6,horse,ResNet-50 + linear head,grayscale,6,horse,0.96248174,6,True
stl10/test/06381,6381,6,horse,ResNet-50 + linear head,grayscale,6,horse,0.82569975,6,True
stl10/test/01640,1640,8,ship,ResNet-50 + linear head,grayscale,8,ship,0.90423715,8,True
stl10/test/01783,1783,8,ship,ResNet-50 + linear head,grayscale,8,ship,0.9747628,8,True
stl10/test/03914,3914,3,cat,ResNet-50 + linear head,grayscale,3,cat,0.92094487,3,True
stl10/test/01534,1534,6,horse,ResNet-50 + linear head,grayscale,6,horse,0.9648585,6,True
stl10/test/00685,685,5,dog,ResNet-50 + linear head,grayscale,5,dog,0.97860765,5,True
stl10/test/04617,4617,0,airplane,ResNet-50 + linear head,grayscale,0,airplane,0.96417326,0,True
stl10/test/05508,5508,9,truck,ResNet-50 + linear head,grayscale,9,truck,0.96941996,9,True
stl10/test/01022,1022,9,truck,ResNet-50 + linear head,grayscale,9,truck,0.9875858,9,True
stl10/test/01230,1230,1,bird,ResNet-50 + linear head,grayscale,1,bird,0.82873464,1,True
stl10/test/07475,7475,4,deer,ResNet-50 + linear head,grayscale,6,horse,0.5439135,4,False
stl10/test/05756,5756,2,car,ResNet-50 + linear head,grayscale,2,car,0.9968714,2,True
stl10/test/03122,3122,4,deer,ResNet-50 + linear head,grayscale,4,deer,0.9291083,4,True
stl10/test/07202,7202,1,bird,ResNet-50 + linear head,grayscale,1,bird,0.9709481,1,True
stl10/test/04723,4723,9,truck,ResNet-50 + linear head,grayscale,9,truck,0.90973854,9,True
stl10/test/01552,1552,5,dog,ResNet-50 + linear head,grayscale,5,dog,0.91980845,5,True
stl10/test/00603,603,9,truck,ResNet-50 + linear head,grayscale,9,truck,0.70688605,9,True
stl10/test/02861,2861,3,cat,ResNet-50 + linear head,grayscale,3,cat,0.9659036,3,True
stl10/test/06426,6426,2,car,ResNet-50 + linear head,grayscale,2,car,0.9908178,2,True
stl10/test/07864,7864,4,deer,ResNet-50 + linear head,grayscale,4,deer,0.83874226,4,True
stl10/test/05729,5729,6,horse,ResNet-50 + linear head,grayscale,6,horse,0.98701245,6,True
stl10/test/07474,7474,5,dog,ResNet-50 + linear head,grayscale,5,dog,0.92794806,5,True
stl10/test/04298,4298,1,bird,ResNet-50 + linear head,grayscale,1,bird,0.97889566,1,True
stl10/test/01175,1175,0,airplane,ResNet-50 + linear head,grayscale,0,airplane,0.9674557,0,True
stl10/test/03454,3454,2,car,ResNet-50 + linear head,grayscale,2,car,0.98204535,2,True
stl10/test/02754,2754,3,cat,ResNet-50 + linear head,grayscale,3,cat,0.7608042,3,True
stl10/test/00855,855,4,deer,ResNet-50 + linear head,grayscale,4,deer,0.64154595,4,True
stl10/test/02854,2854,7,monkey,ResNet-50 + linear head,grayscale,7,monkey,0.97061926,7,True
stl10/test/05092,5092,1,bird,ResNet-50 + linear head,grayscale,1,bird,0.98559266,1,True
stl10/test/05590,5590,9,truck,ResNet-50 + linear head,grayscale,9,truck,0.903905,9,True
stl10/test/04463,4463,3,cat,ResNet-50 + linear head,grayscale,3,cat,0.97941154,3,True
stl10/test/05318,5318,2,car,ResNet-50 + linear head,grayscale,2,car,0.9607007,2,True
stl10/test/03515,3515,6,horse,ResNet-50 + linear head,grayscale,6,horse,0.8826267,6,True
stl10/test/04642,4642,4,deer,ResNet-50 + linear head,grayscale,4,deer,0.89495695,4,True
stl10/test/00852,852,9,truck,ResNet-50 + linear head,grayscale,9,truck,0.95506567,9,True
stl10/test/01247,1247,8,ship,ResNet-50 + linear head,grayscale,8,ship,0.96770984,8,True
stl10/test/07084,7084,2,car,ResNet-50 + linear head,grayscale,2,car,0.99344057,2,True
stl10/test/05301,5301,9,truck,ResNet-50 + linear head,grayscale,9,truck,0.97843754,9,True
stl10/test/05082,5082,6,horse,ResNet-50 + linear head,grayscale,6,horse,0.9343833,6,True
stl10/test/05077,5077,4,deer,ResNet-50 + linear head,grayscale,4,deer,0.809416,4,True
stl10/test/01563,1563,3,cat,ResNet-50 + linear head,grayscale,3,cat,0.5669441,3,True
stl10/test/00029,29,7,monkey,ResNet-50 + linear head,grayscale,7,monkey,0.98864275,7,True
stl10/test/03867,3867,7,monkey,ResNet-50 + linear head,grayscale,7,monkey,0.97495055,7,True
stl10/test/04620,4620,6,horse,ResNet-50 + linear head,grayscale,6,horse,0.9541847,6,True
stl10/test/04065,4065,2,car,ResNet-50 + linear head,grayscale,2,car,0.89674807,2,True
stl10/test/01095,1095,5,dog,ResNet-50 + linear head,grayscale,5,dog,0.9272736,5,True
stl10/test/04229,4229,3,cat,ResNet-50 + linear head,grayscale,3,cat,0.96523404,3,True
stl10/test/03562,3562,3,cat,ResNet-50 + linear head,grayscale,5,dog,0.7705214,3,False
stl10/test/02342,2342,8,ship,ResNet-50 + linear head,grayscale,8,ship,0.90775454,8,True
stl10/test/01667,1667,6,horse,ResNet-50 + linear head,grayscale,6,horse,0.9395719,6,True
stl10/test/07033,7033,1,bird,ResNet-50 + linear head,grayscale,1,bird,0.99072623,1,True
stl10/test/01771,1771,7,monkey,ResNet-50 + linear head,grayscale,4,deer,0.40768522,7,False
stl10/test/03157,3157,8,ship,ResNet-50 + linear head,grayscale,8,ship,0.7731497,8,True
stl10/test/03851,3851,3,cat,ResNet-50 + linear head,grayscale,3,cat,0.9384718,3,True
stl10/test/01287,1287,7,monkey,ResNet-50 + linear head,grayscale,7,monkey,0.9265963,7,True
stl10/test/07320,7320,0,airplane,ResNet-50 + linear head,grayscale,0,airplane,0.9938869,0,True
stl10/test/07600,7600,6,horse,ResNet-50 + linear head,grayscale,6,horse,0.999821,6,True
stl10/test/03852,3852,5,dog,ResNet-50 + linear head,grayscale,5,dog,0.8412011,5,True
stl10/test/00269,269,7,monkey,ResNet-50 + linear head,grayscale,7,monkey,0.65347046,7,True
stl10/test/01703,1703,7,monkey,ResNet-50 + linear head,grayscale,7,monkey,0.718764,7,True
stl10/test/07776,7776,5,dog,ResNet-50 + linear head,grayscale,5,dog,0.96637774,5,True
stl10/test/03891,3891,4,deer,ResNet-50 + linear head,grayscale,4,deer,0.9746866,4,True
stl10/test/07009,7009,0,airplane,ResNet-50 + linear head,grayscale,0,airplane,0.9136126,0,True
stl10/test/04893,4893,0,airplane,ResNet-50 + linear head,grayscale,0,airplane,0.93775064,0,True
stl10/test/02351,2351,9,truck,ResNet-50 + linear head,grayscale,9,truck,0.9574863,9,True
stl10/test/03550,3550,1,bird,ResNet-50 + linear head,grayscale,1,bird,0.92511827,1,True
stl10/test/05719,5719,7,monkey,ResNet-50 + linear head,grayscale,7,monkey,0.92443687,7,True
stl10/test/01884,1884,7,monkey,ResNet-50 + linear head,grayscale,7,monkey,0.9123513,7,True
stl10/test/02898,2898,4,deer,ResNet-50 + linear head,grayscale,4,deer,0.9373218,4,True
stl10/test/04640,4640,1,bird,ResNet-50 + linear head,grayscale,7,monkey,0.679494,1,False
stl10/test/07610,7610,4,deer,ResNet-50 + linear head,grayscale,4,deer,0.9032911,4,True
stl10/test/01833,1833,8,ship,ResNet-50 + linear head,grayscale,8,ship,0.97259414,8,True
stl10/test/06455,6455,0,airplane,ResNet-50 + linear head,grayscale,0,airplane,0.92095226,0,True
stl10/test/03893,3893,9,truck,ResNet-50 + linear head,grayscale,9,truck,0.97101045,9,True
stl10/test/04731,4731,6,horse,ResNet-50 + linear head,grayscale,6,horse,0.93256503,6,True
stl10/test/00929,929,6,horse,ResNet-50 + linear head,grayscale,6,horse,0.83854175,6,True
stl10/test/03962,3962,6,horse,ResNet-50 + linear head,grayscale,6,horse,0.96345156,6,True
stl10/test/03778,3778,3,cat,ResNet-50 + linear head,grayscale,3,cat,0.7189085,3,True
stl10/test/01429,1429,4,deer,ResNet-50 + linear head,grayscale,4,deer,0.5750813,4,True
stl10/test/00049,49,2,car,ResNet-50 + linear head,grayscale,2,car,0.96503663,2,True
stl10/test/00276,276,9,truck,ResNet-50 + linear head,grayscale,9,truck,0.96281856,9,True
stl10/test/06076,6076,1,bird,ResNet-50 + linear head,grayscale,1,bird,0.9964805,1,True
stl10/test/01389,1389,0,airplane,ResNet-50 + linear head,grayscale,0,airplane,0.9634321,0,True
stl10/test/03362,3362,2,car,ResNet-50 + linear head,grayscale,2,car,0.9523761,2,True
stl10/test/00317,317,2,car,ResNet-50 + linear head,grayscale,2,car,0.96118,2,True
stl10/test/04675,4675,0,airplane,ResNet-50 + linear head,grayscale,0,airplane,0.98168314,0,True
stl10/test/05924,5924,5,dog,ResNet-50 + linear head,grayscale,5,dog,0.97430885,5,True
stl10/test/00198,198,1,bird,ResNet-50 + linear head,grayscale,1,bird,0.87082547,1,True
stl10/test/07779,7779,6,horse,ResNet-50 + linear head,grayscale,6,horse,0.98750824,6,True
stl10/test/04054,4054,4,deer,ResNet-50 + linear head,grayscale,4,deer,0.9586377,4,True
stl10/test/05556,5556,4,deer,ResNet-50 + linear head,grayscale,4,deer,0.9129942,4,True
stl10/test/02687,2687,1,bird,ResNet-50 + linear head,grayscale,1,bird,0.9715849,1,True
stl10/test/01202,1202,2,car,ResNet-50 + linear head,grayscale,2,car,0.98545307,2,True
stl10/test/00097,97,5,dog,ResNet-50 + linear head,grayscale,5,dog,0.489434,5,True
stl10/test/06033,6033,4,deer,ResNet-50 + linear head,grayscale,4,deer,0.83603156,4,True
stl10/test/01711,1711,7,monkey,ResNet-50 + linear head,grayscale,7,monkey,0.95588875,7,True
stl10/test/01430,1430,9,truck,ResNet-50 + linear head,grayscale,9,truck,0.97669876,9,True
stl10/test/00739,739,8,ship,ResNet-50 + linear head,grayscale,8,ship,0.97300273,8,True
stl10/test/03491,3491,1,bird,ResNet-50 + linear head,grayscale,1,bird,0.99189126,1,True
stl10/test/01568,1568,1,bird,ResNet-50 + linear head,grayscale,1,bird,0.868371,1,True
stl10/test/01211,1211,4,deer,ResNet-50 + linear head,grayscale,4,deer,0.87767446,4,True
stl10/test/04913,4913,2,car,ResNet-50 + linear head,grayscale,2,car,0.9788744,2,True
stl10/test/02502,2502,2,car,ResNet-50 + linear head,grayscale,2,car,0.9249531,2,True
stl10/test/02539,2539,3,cat,ResNet-50 + linear head,grayscale,3,cat,0.99534947,3,True
stl10/test/00979,979,3,cat,ResNet-50 + linear head,grayscale,3,cat,0.9987993,3,True
stl10/test/06354,6354,2,car,ResNet-50 + linear head,grayscale,2,car,0.989394,2,True
stl10/test/04735,4735,2,car,ResNet-50 + linear head,grayscale,2,car,0.92133623,2,True
stl10/test/05912,5912,0,airplane,ResNet-50 + linear head,grayscale,0,airplane,0.99799037,0,True
stl10/test/03844,3844,6,horse,ResNet-50 + linear head,grayscale,6,horse,0.9820942,6,True
stl10/test/01263,1263,3,cat,ResNet-50 + linear head,grayscale,3,cat,0.9183074,3,True
stl10/test/03404,3404,7,monkey,ResNet-50 + linear head,grayscale,7,monkey,0.9368977,7,True
stl10/test/03905,3905,8,ship,ResNet-50 + linear head,grayscale,8,ship,0.89415365,8,True
stl10/test/01596,1596,0,airplane,ResNet-50 + linear head,grayscale,0,airplane,0.9896678,0,True
stl10/test/03083,3083,0,airplane,ResNet-50 + linear head,grayscale,0,airplane,0.9871797,0,True
stl10/test/02003,2003,6,horse,ResNet-50 + linear head,grayscale,6,horse,0.9555922,6,True
stl10/test/05030,5030,2,car,ResNet-50 + linear head,grayscale,2,car,0.97877455,2,True
stl10/test/00095,95,1,bird,ResNet-50 + linear head,grayscale,1,bird,0.98342806,1,True
stl10/test/02757,2757,4,deer,ResNet-50 + linear head,grayscale,4,deer,0.7609233,4,True
stl10/test/03413,3413,1,bird,ResNet-50 + linear head,grayscale,1,bird,0.9441287,1,True
stl10/test/05488,5488,1,bird,ResNet-50 + linear head,grayscale,7,monkey,0.9609384,7,True
stl10/test/04827,4827,6,horse,ResNet-50 + linear head,grayscale,6,horse,0.99356365,6,True
stl10/test/01877,1877,5,dog,ResNet-50 + linear head,grayscale,4,deer,0.7677654,5,False
stl10/test/02157,2157,1,bird,ResNet-50 + linear head,grayscale,1,bird,0.99530256,1,True
stl10/test/04821,4821,3,cat,ResNet-50 + linear head,grayscale,3,cat,0.9900821,3,True
stl10/test/04953,4953,5,dog,ResNet-50 + linear head,grayscale,5,dog,0.87329066,5,True
stl10/test/05525,5525,8,ship,ResNet-50 + linear head,grayscale,8,ship,0.9640701,8,True
stl10/test/05381,5381,5,dog,ResNet-50 + linear head,grayscale,5,dog,0.7444866,5,True
stl10/test/00672,672,3,cat,ResNet-50 + linear head,grayscale,3,cat,0.99126124,3,True
stl10/test/00323,323,7,monkey,ResNet-50 + linear head,grayscale,7,monkey,0.9604964,7,True
stl10/test/05436,5436,7,monkey,ResNet-50 + linear head,grayscale,7,monkey,0.89739186,7,True
stl10/test/05450,5450,7,monkey,ResNet-50 + linear head,grayscale,7,monkey,0.916155,7,True
stl10/test/06358,6358,5,dog,ResNet-50 + linear head,grayscale,5,dog,0.66409373,5,True
stl10/test/00372,372,3,cat,ResNet-50 + linear head,grayscale,3,cat,0.9973584,3,True
stl10/test/00378,378,5,dog,ResNet-50 + linear head,grayscale,5,dog,0.9175086,5,True
stl10/test/07706,7706,5,dog,ResNet-50 + linear head,grayscale,5,dog,0.96246123,5,True
stl10/test/02178,2178,1,bird,ResNet-50 + linear head,grayscale,1,bird,0.9991142,1,True
stl10/test/05237,5237,2,car,ResNet-50 + linear head,grayscale,2,car,0.91253525,2,True
stl10/test/05478,5478,0,airplane,ResNet-50 + linear head,grayscale,0,airplane,0.9657317,0,True
stl10/test/05452,5452,9,truck,ResNet-50 + linear head,grayscale,9,truck,0.9587291,9,True
stl10/test/05623,5623,4,deer,ResNet-50 + linear head,grayscale,4,deer,0.87323743,4,True
stl10/test/06772,6772,7,monkey,ResNet-50 + linear head,grayscale,7,monkey,0.4460008,7,True
stl10/test/01111,1111,4,deer,ResNet-50 + linear head,grayscale,4,deer,0.81863344,4,True
stl10/test/05528,5528,3,cat,ResNet-50 + linear head,grayscale,5,dog,0.66019905,5,True
stl10/test/03777,3777,6,horse,ResNet-50 + linear head,grayscale,6,horse,0.8142897,6,True
stl10/test/02458,2458,5,dog,ResNet-50 + linear head,grayscale,5,dog,0.9823925,5,True
stl10/test/04921,4921,2,car,ResNet-50 + linear head,grayscale,2,car,0.9682712,2,True
stl10/test/03015,3015,8,ship,ResNet-50 + linear head,grayscale,8,ship,0.98760915,8,True
stl10/test/07476,7476,8,ship,ResNet-50 + linear head,grayscale,8,ship,0.96332335,8,True
stl10/test/01520,1520,2,car,ResNet-50 + linear head,grayscale,2,car,0.9679946,2,True
stl10/test/06713,6713,6,horse,ResNet-50 + linear head,grayscale,6,horse,0.8474372,6,True
stl10/test/01852,1852,1,bird,ResNet-50 + linear head,grayscale,1,bird,0.9998171,1,True
stl10/test/02268,2268,5,dog,ResNet-50 + linear head,grayscale,5,dog,0.88784367,5,True
stl10/test/00151,151,8,ship,ResNet-50 + linear head,grayscale,8,ship,0.97125536,8,True
stl10/test/00890,890,6,horse,ResNet-50 + linear head,grayscale,6,horse,0.9810557,6,True
stl10/test/00825,825,1,bird,ResNet-50 + linear head,grayscale,1,bird,0.99261427,1,True
stl10/test/02536,2536,3,cat,ResNet-50 + linear head,grayscale,3,cat,0.9299518,3,True
stl10/test/00470,470,2,car,ResNet-50 + linear head,grayscale,2,car,0.95938027,2,True
stl10/test/05256,5256,1,bird,ResNet-50 + linear head,grayscale,1,bird,0.9990208,1,True
stl10/test/02011,2011,9,truck,ResNet-50 + linear head,grayscale,9,truck,0.9533184,9,True
stl10/test/07150,7150,0,airplane,ResNet-50 + linear head,grayscale,0,airplane,0.9328468,0,True
stl10/test/00449,449,6,horse,ResNet-50 + linear head,grayscale,6,horse,0.97126096,6,True
stl10/test/02704,2704,4,deer,ResNet-50 + linear head,grayscale,4,deer,0.9646158,4,True
stl10/test/03437,3437,0,airplane,ResNet-50 + linear head,grayscale,0,airplane,0.9834403,0,True
stl10/test/03375,3375,3,cat,ResNet-50 + linear head,grayscale,3,cat,0.5559328,3,True
stl10/test/04552,4552,8,ship,ResNet-50 + linear head,grayscale,9,truck,0.79363745,8,False
stl10/test/00920,920,6,horse,ResNet-50 + linear head,grayscale,6,horse,0.91978264,6,True
stl10/test/02242,2242,0,airplane,ResNet-50 + linear head,grayscale,0,airplane,0.96689534,0,True
stl10/test/02745,2745,8,ship,ResNet-50 + linear head,grayscale,8,ship,0.9919774,8,True
stl10/test/01032,1032,7,monkey,ResNet-50 + linear head,grayscale,7,monkey,0.7943916,7,True
stl10/test/00365,365,3,cat,ResNet-50 + linear head,grayscale,3,cat,0.92378867,3,True
stl10/test/04850,4850,5,dog,ResNet-50 + linear head,grayscale,5,dog,0.9902541,5,True
stl10/test/04819,4819,0,airplane,ResNet-50 + linear head,grayscale,0,airplane,0.98847467,0,True
stl10/test/07338,7338,6,horse,ResNet-50 + linear head,grayscale,6,horse,0.99410194,6,True
stl10/test/07372,7372,0,airplane,ResNet-50 + linear head,grayscale,0,airplane,0.88643384,0,True
stl10/test/01090,1090,1,bird,ResNet-50 + linear head,grayscale,1,bird,0.85726637,1,True
stl10/test/05062,5062,4,deer,ResNet-50 + linear head,grayscale,4,deer,0.93182164,4,True
stl10/test/00981,981,2,car,ResNet-50 + linear head,grayscale,2,car,0.8965364,2,True
stl10/test/05857,5857,6,horse,ResNet-50 + linear head,grayscale,6,horse,0.86034983,4,False
stl10/test/01986,1986,1,bird,ResNet-50 + linear head,grayscale,1,bird,0.9770438,1,True
stl10/test/05560,5560,1,bird,ResNet-50 + linear head,grayscale,1,bird,0.96945244,1,True
stl10/test/01814,1814,2,car,ResNet-50 + linear head,grayscale,2,car,0.93788093,2,True
stl10/test/00194,194,8,ship,ResNet-50 + linear head,grayscale,8,ship,0.97294915,8,True
stl10/test/01993,1993,1,bird,ResNet-50 + linear head,grayscale,1,bird,0.9640138,1,True
stl10/test/05333,5333,2,car,ResNet-50 + linear head,grayscale,2,car,0.96743906,2,True
stl10/test/04311,4311,8,ship,ResNet-50 + linear head,grayscale,8,ship,0.93691546,8,True
stl10/test/07425,7425,2,car,ResNet-50 + linear head,grayscale,2,car,0.99561393,2,True
stl10/test/03889,3889,5,dog,ResNet-50 + linear head,grayscale,5,dog,0.9455178,5,True
stl10/test/04308,4308,7,monkey,ResNet-50 + linear head,grayscale,7,monkey,0.9742319,7,True
stl10/test/01960,1960,4,deer,ResNet-50 + linear head,grayscale,4,deer,0.6553561,4,True
stl10/test/04399,4399,0,airplane,ResNet-50 + linear head,grayscale,0,airplane,0.9744322,0,True
stl10/test/03191,3191,6,horse,ResNet-50 + linear head,grayscale,6,horse,0.8805205,6,True
stl10/test/01626,1626,5,dog,ResNet-50 + linear head,grayscale,5,dog,0.97971845,5,True
stl10/test/00176,176,3,cat,ResNet-50 + linear head,grayscale,3,cat,0.9972752,3,True
stl10/test/07726,7726,6,horse,ResNet-50 + linear head,grayscale,6,horse,0.9907265,6,True
stl10/test/02334,2334,5,dog,ResNet-50 + linear head,grayscale,5,dog,0.9876632,5,True
stl10/test/01648,1648,0,airplane,ResNet-50 + linear head,grayscale,0,airplane,0.9482625,0,True
stl10/test/06084,6084,7,monkey,ResNet-50 + linear head,grayscale,7,monkey,0.94235194,7,True
stl10/test/03455,3455,0,airplane,ResNet-50 + linear head,grayscale,0,airplane,0.955201,0,True
stl10/test/01468,1468,9,truck,ResNet-50 + linear head,grayscale,9,truck,0.9731083,9,True
stl10/test/01296,1296,7,monkey,ResNet-50 + linear head,grayscale,7,monkey,0.352504,7,True
stl10/test/05213,5213,4,deer,ResNet-50 + linear head,grayscale,4,deer,0.89119154,4,True
stl10/test/07047,7047,9,truck,ResNet-50 + linear head,grayscale,9,truck,0.9880591,9,True
stl10/test/05360,5360,9,truck,ResNet-50 + linear head,grayscale,9,truck,0.9838366,9,True
stl10/test/05824,5824,2,car,ResNet-50 + linear head,grayscale,2,car,0.9812851,2,True
stl10/test/07460,7460,8,ship,ResNet-50 + linear head,grayscale,9,truck,0.6530978,8,False
stl10/test/04791,4791,7,monkey,ResNet-50 + linear head,grayscale,7,monkey,0.9226844,7,True
stl10/test/06692,6692,2,car,ResNet-50 + linear head,grayscale,2,car,0.9234472,2,True
stl10/test/06931,6931,9,truck,ResNet-50 + linear head,grayscale,9,truck,0.84188896,9,True
stl10/test/00667,667,8,ship,ResNet-50 + linear head,grayscale,8,ship,0.9781486,8,True
stl10/test/07781,7781,6,horse,ResNet-50 + linear head,grayscale,6,horse,0.9282161,6,True
stl10/test/07793,7793,3,cat,ResNet-50 + linear head,grayscale,7,monkey,0.62181437,5,False
stl10/test/01411,1411,9,truck,ResNet-50 + linear head,grayscale,9,truck,0.92844486,9,True
stl10/test/01473,1473,7,monkey,ResNet-50 + linear head,grayscale,7,monkey,0.93458384,7,True
stl10/test/07130,7130,5,dog,ResNet-50 + linear head,grayscale,5,dog,0.7916901,5,True
stl10/test/01956,1956,7,monkey,ResNet-50 + linear head,grayscale,7,monkey,0.58781946,3,False
stl10/test/06716,6716,5,dog,ResNet-50 + linear head,grayscale,5,dog,0.51161546,5,True
stl10/test/04106,4106,5,dog,ResNet-50 + linear head,grayscale,5,dog,0.9052595,5,True
stl10/test/03494,3494,6,horse,ResNet-50 + linear head,grayscale,6,horse,0.9995572,6,True
stl10/test/00691,691,4,deer,ResNet-50 + linear head,grayscale,4,deer,0.95001686,4,True
stl10/test/05220,5220,1,bird,ResNet-50 + linear head,grayscale,1,bird,0.8302714,3,False
stl10/test/04908,4908,3,cat,ResNet-50 + linear head,grayscale,3,cat,0.98161936,3,True
stl10/test/07029,7029,1,bird,ResNet-50 + linear head,grayscale,1,bird,0.99616647,1,True
stl10/test/04130,4130,0,airplane,ResNet-50 + linear head,grayscale,0,airplane,0.98188317,0,True
stl10/test/07938,7938,9,truck,ResNet-50 + linear head,grayscale,9,truck,0.9606125,9,True
stl10/test/05101,5101,5,dog,ResNet-50 + linear head,grayscale,5,dog,0.9726341,5,True
stl10/test/01515,1515,9,truck,ResNet-50 + linear head,grayscale,9,truck,0.96335495,9,True
stl10/test/03287,3287,4,deer,ResNet-50 + linear head,grayscale,4,deer,0.9817207,4,True
stl10/test/00716,716,8,ship,ResNet-50 + linear head,grayscale,8,ship,0.875577,8,True
stl10/test/04236,4236,7,monkey,ResNet-50 + linear head,grayscale,7,monkey,0.9754024,7,True
stl10/test/05408,5408,6,horse,ResNet-50 + linear head,grayscale,6,horse,0.8222538,6,True
stl10/test/05496,5496,5,dog,ResNet-50 + linear head,grayscale,5,dog,0.92928815,5,True
stl10/test/03365,3365,4,deer,ResNet-50 + linear head,grayscale,4,deer,0.8664153,4,True
stl10/test/04323,4323,3,cat,ResNet-50 + linear head,grayscale,3,cat,0.9172528,3,True
stl10/test/05467,5467,4,deer,ResNet-50 + linear head,grayscale,4,deer,0.85889935,4,True
stl10/test/01644,1644,5,dog,ResNet-50 + linear head,grayscale,5,dog,0.9461128,5,True
stl10/test/03948,3948,8,ship,ResNet-50 + linear head,grayscale,8,ship,0.9767268,8,True
stl10/test/06726,6726,7,monkey,ResNet-50 + linear head,grayscale,7,monkey,0.59097207,7,True
stl10/test/05395,5395,2,car,ResNet-50 + linear head,grayscale,2,car,0.9967654,2,True
stl10/test/01579,1579,7,monkey,ResNet-50 + linear head,grayscale,7,monkey,0.93696415,7,True
stl10/test/05918,5918,0,airplane,ResNet-50 + linear head,grayscale,0,airplane,0.98109907,0,True
stl10/test/07041,7041,5,dog,ResNet-50 + linear head,grayscale,5,dog,0.7526291,5,True
stl10/test/00506,506,4,deer,ResNet-50 + linear head,grayscale,4,deer,0.8220992,4,True
stl10/test/04011,4011,6,horse,ResNet-50 + linear head,grayscale,6,horse,0.9975955,6,True
stl10/test/05981,5981,9,truck,ResNet-50 + linear head,grayscale,9,truck,0.9657877,9,True
stl10/test/00409,409,2,car,ResNet-50 + linear head,grayscale,2,car,0.9897996,2,True
stl10/test/06954,6954,1,bird,ResNet-50 + linear head,grayscale,1,bird,0.9940838,1,True
stl10/test/07555,7555,6,horse,ResNet-50 + linear head,grayscale,6,horse,0.9238232,6,True
stl10/test/03965,3965,0,airplane,ResNet-50 + linear head,grayscale,0,airplane,0.778631,0,True
stl10/test/07266,7266,9,truck,ResNet-50 + linear head,grayscale,9,truck,0.89916086,9,True
stl10/test/04785,4785,0,airplane,ResNet-50 + linear head,grayscale,0,airplane,0.6498913,0,True
stl10/test/06028,6028,2,car,ResNet-50 + linear head,grayscale,2,car,0.9876485,2,True
stl10/test/06503,6503,2,car,ResNet-50 + linear head,grayscale,2,car,0.9640991,2,True
stl10/test/06414,6414,5,dog,ResNet-50 + linear head,grayscale,5,dog,0.92908305,5,True
stl10/test/05382,5382,6,horse,ResNet-50 + linear head,grayscale,6,horse,0.9182377,6,True
stl10/test/06836,6836,1,bird,ResNet-50 + linear head,grayscale,1,bird,0.98716205,1,True
stl10/test/06508,6508,4,deer,ResNet-50 + linear head,grayscale,4,deer,0.7206565,4,True
stl10/test/03994,3994,4,deer,ResNet-50 + linear head,grayscale,4,deer,0.9337314,4,True
stl10/test/03942,3942,9,truck,ResNet-50 + linear head,grayscale,9,truck,0.9780303,9,True
stl10/test/03542,3542,7,monkey,ResNet-50 + linear head,grayscale,7,monkey,0.96334326,7,True
stl10/test/06952,6952,3,cat,ResNet-50 + linear head,grayscale,3,cat,0.99631566,3,True
stl10/test/04290,4290,5,dog,ResNet-50 + linear head,grayscale,5,dog,0.41764256,5,True
stl10/test/07446,7446,8,ship,ResNet-50 + linear head,grayscale,8,ship,0.9849124,8,True
stl10/test/06169,6169,1,bird,ResNet-50 + linear head,grayscale,1,bird,0.8448034,1,True
stl10/test/01109,1109,1,bird,ResNet-50 + linear head,grayscale,1,bird,0.9762817,1,True
stl10/test/03179,3179,4,deer,ResNet-50 + linear head,grayscale,4,deer,0.90061605,4,True
stl10/test/07835,7835,7,monkey,ResNet-50 + linear head,grayscale,7,monkey,0.96059245,7,True
stl10/test/07390,7390,1,bird,ResNet-50 + linear head,grayscale,1,bird,0.9656392,1,True
stl10/test/00568,568,5,dog,ResNet-50 + linear head,grayscale,5,dog,0.7886134,5,True
stl10/test/04629,4629,4,deer,ResNet-50 + linear head,grayscale,4,deer,0.8648141,4,True
stl10/test/07138,7138,8,ship,ResNet-50 + linear head,grayscale,8,ship,0.9345329,8,True
stl10/test/05284,5284,9,truck,ResNet-50 + linear head,grayscale,9,truck,0.99129885,9,True
stl10/test/00003,3,0,airplane,ResNet-50 + linear head,grayscale,0,airplane,0.733596,0,True
stl10/test/02690,2690,1,bird,ResNet-50 + linear head,grayscale,1,bird,0.97730947,1,True
stl10/test/05858,5858,6,horse,ResNet-50 + linear head,grayscale,6,horse,0.51660293,6,True
stl10/test/01266,1266,4,deer,ResNet-50 + linear head,grayscale,4,deer,0.87576264,4,True
stl10/test/03034,3034,4,deer,ResNet-50 + linear head,grayscale,4,deer,0.9616528,4,True
stl10/test/02655,2655,9,truck,ResNet-50 + linear head,grayscale,9,truck,0.9758287,9,True
stl10/test/06190,6190,7,monkey,ResNet-50 + linear head,grayscale,7,monkey,0.9439837,7,True
stl10/test/04170,4170,8,ship,ResNet-50 + linear head,grayscale,8,ship,0.9453332,8,True
stl10/test/07380,7380,9,truck,ResNet-50 + linear head,grayscale,9,truck,0.92718786,9,True
stl10/test/07752,7752,9,truck,ResNet-50 + linear head,grayscale,9,truck,0.9712138,9,True
stl10/test/03996,3996,9,truck,ResNet-50 + linear head,grayscale,9,truck,0.60550785,9,True
stl10/test/01204,1204,3,cat,ResNet-50 + linear head,grayscale,3,cat,0.99120456,3,True
stl10/test/01654,1654,9,truck,ResNet-50 + linear head,grayscale,9,truck,0.9779693,9,True
stl10/test/04746,4746,6,horse,ResNet-50 + linear head,grayscale,6,horse,0.8201621,6,True
stl10/test/04590,4590,3,cat,ResNet-50 + linear head,grayscale,3,cat,0.96402985,3,True
stl10/test/00562,562,0,airplane,ResNet-50 + linear head,grayscale,0,airplane,0.99822384,0,True
stl10/test/07108,7108,6,horse,ResNet-50 + linear head,grayscale,6,horse,0.84072256,6,True
stl10/test/05999,5999,0,airplane,ResNet-50 + linear head,grayscale,0,airplane,0.99136204,0,True
stl10/test/01403,1403,2,car,ResNet-50 + linear head,grayscale,2,car,0.9798401,2,True
stl10/test/04403,4403,7,monkey,ResNet-50 + linear head,grayscale,7,monkey,0.94250846,7,True
stl10/test/06332,6332,2,car,ResNet-50 + linear head,grayscale,2,car,0.9739621,2,True
stl10/test/06264,6264,2,car,ResNet-50 + linear head,grayscale,2,car,0.984021,2,True
stl10/test/00303,303,9,truck,ResNet-50 + linear head,grayscale,9,truck,0.96181995,9,True
stl10/test/00791,791,3,cat,ResNet-50 + linear head,grayscale,3,cat,0.88606936,3,True
stl10/test/03067,3067,2,car,ResNet-50 + linear head,grayscale,2,car,0.9528493,2,True
stl10/test/00484,484,0,airplane,ResNet-50 + linear head,grayscale,0,airplane,0.9208162,0,True
stl10/test/01370,1370,3,cat,ResNet-50 + linear head,grayscale,3,cat,0.9678294,3,True
stl10/test/04069,4069,8,ship,ResNet-50 + linear head,grayscale,8,ship,0.7770178,8,True
stl10/test/07373,7373,0,airplane,ResNet-50 + linear head,grayscale,0,airplane,0.7519912,0,True
stl10/test/04330,4330,3,cat,ResNet-50 + linear head,grayscale,6,horse,0.46897408,3,False
stl10/test/05701,5701,5,dog,ResNet-50 + linear head,grayscale,5,dog,0.89496404,5,True
stl10/test/07465,7465,0,airplane,ResNet-50 + linear head,grayscale,0,airplane,0.91937405,0,True
stl10/test/01531,1531,3,cat,ResNet-50 + linear head,grayscale,3,cat,0.67487955,3,True
stl10/test/04676,4676,8,ship,ResNet-50 + linear head,grayscale,8,ship,0.99306434,8,True
stl10/test/04531,4531,3,cat,ResNet-50 + linear head,grayscale,3,cat,0.85238093,3,True
stl10/test/00706,706,8,ship,ResNet-50 + linear head,grayscale,8,ship,0.96653074,8,True
stl10/test/02844,2844,8,ship,ResNet-50 + linear head,grayscale,8,ship,0.97630024,8,True
stl10/test/03755,3755,2,car,ResNet-50 + linear head,grayscale,2,car,0.96656543,2,True
stl10/test/05848,5848,7,monkey,ResNet-50 + linear head,grayscale,7,monkey,0.9704624,7,True
stl10/test/02114,2114,9,truck,ResNet-50 + linear head,grayscale,9,truck,0.9584853,9,True
stl10/test/03876,3876,0,airplane,ResNet-50 + linear head,grayscale,0,airplane,0.94935304,0,True
stl10/test/00677,677,3,cat,ResNet-50 + linear head,grayscale,3,cat,0.82400626,3,True
stl10/test/02116,2116,1,bird,ResNet-50 + linear head,grayscale,3,cat,0.9830534,3,True
stl10/test/04661,4661,7,monkey,ResNet-50 + linear head,grayscale,7,monkey,0.9400948,7,True
stl10/test/02676,2676,6,horse,ResNet-50 + linear head,grayscale,6,horse,0.9862629,6,True
stl10/test/03025,3025,0,airplane,ResNet-50 + linear head,grayscale,0,airplane,0.9006054,0,True
stl10/test/04449,4449,9,truck,ResNet-50 + linear head,grayscale,9,truck,0.95607865,9,True
stl10/test/00977,977,6,horse,ResNet-50 + linear head,grayscale,6,horse,0.9928389,6,True
stl10/test/04990,4990,8,ship,ResNet-50 + linear head,grayscale,8,ship,0.87609243,8,True
stl10/test/07309,7309,0,airplane,ResNet-50 + linear head,grayscale,0,airplane,0.8566983,0,True
stl10/test/01048,1048,7,monkey,ResNet-50 + linear head,grayscale,7,monkey,0.93307966,7,True
stl10/test/03276,3276,3,cat,ResNet-50 + linear head,grayscale,3,cat,0.6782836,3,True
stl10/test/05512,5512,2,car,ResNet-50 + linear head,grayscale,9,truck,0.87666,9,True
stl10/test/07692,7692,4,deer,ResNet-50 + linear head,grayscale,4,deer,0.76642877,4,True
stl10/test/01436,1436,1,bird,ResNet-50 + linear head,grayscale,1,bird,0.989739,1,True
stl10/test/07544,7544,9,truck,ResNet-50 + linear head,grayscale,9,truck,0.9504643,9,True
stl10/test/03383,3383,3,cat,ResNet-50 + linear head,grayscale,3,cat,0.965189,3,True
stl10/test/01977,1977,0,airplane,ResNet-50 + linear head,grayscale,0,airplane,0.9359322,0,True
stl10/test/02750,2750,0,airplane,ResNet-50 + linear head,grayscale,0,airplane,0.89418757,0,True
stl10/test/07996,7996,6,horse,ResNet-50 + linear head,grayscale,6,horse,0.99901056,6,True
stl10/test/06989,6989,5,dog,ResNet-50 + linear head,grayscale,5,dog,0.90055746,5,True
stl10/test/01431,1431,3,cat,ResNet-50 + linear head,grayscale,3,cat,0.98762995,3,True
stl10/test/07416,7416,3,cat,ResNet-50 + linear head,grayscale,5,dog,0.62923914,5,True
stl10/test/04547,4547,5,dog,ResNet-50 + linear head,grayscale,5,dog,0.88885903,5,True
stl10/test/00042,42,0,airplane,ResNet-50 + linear head,grayscale,0,airplane,0.78961444,0,True
stl10/test/05117,5117,0,airplane,ResNet-50 + linear head,grayscale,0,airplane,0.9385285,0,True
stl10/test/04411,4411,6,horse,ResNet-50 + linear head,grayscale,6,horse,0.98938984,6,True
stl10/test/05789,5789,4,deer,ResNet-50 + linear head,grayscale,4,deer,0.92731786,4,True
stl10/test/00483,483,2,car,ResNet-50 + linear head,grayscale,2,car,0.90710914,2,True
stl10/test/06650,6650,7,monkey,ResNet-50 + linear head,grayscale,7,monkey,0.9254797,7,True
stl10/test/04881,4881,3,cat,ResNet-50 + linear head,grayscale,3,cat,0.53165144,3,True
stl10/test/00391,391,3,cat,ResNet-50 + linear head,grayscale,3,cat,0.9833051,3,True
stl10/test/00370,370,7,monkey,ResNet-50 + linear head,grayscale,7,monkey,0.72485167,7,True
stl10/test/00419,419,9,truck,ResNet-50 + linear head,grayscale,9,truck,0.91122246,9,True
stl10/test/03318,3318,9,truck,ResNet-50 + linear head,grayscale,9,truck,0.96190387,9,True
stl10/test/04355,4355,8,ship,ResNet-50 + linear head,grayscale,8,ship,0.7060556,8,True
stl10/test/05402,5402,4,deer,ResNet-50 + linear head,grayscale,4,deer,0.7891648,4,True
stl10/test/05332,5332,5,dog,ResNet-50 + linear head,grayscale,5,dog,0.7990123,5,True
stl10/test/00239,239,9,truck,ResNet-50 + linear head,grayscale,9,truck,0.97867376,9,True
stl10/test/06271,6271,2,car,ResNet-50 + linear head,grayscale,2,car,0.9543801,2,True
stl10/test/01129,1129,8,ship,ResNet-50 + linear head,grayscale,8,ship,0.9804323,8,True
stl10/test/02391,2391,5,dog,ResNet-50 + linear head,grayscale,5,dog,0.84322524,5,True
stl10/test/00191,191,9,truck,ResNet-50 + linear head,grayscale,2,car,0.6313777,9,False
stl10/test/05447,5447,9,truck,ResNet-50 + linear head,grayscale,9,truck,0.98994654,9,True
stl10/test/06528,6528,4,deer,ResNet-50 + linear head,grayscale,4,deer,0.90396744,4,True
stl10/test/00632,632,3,cat,ResNet-50 + linear head,hue_rotation,3,cat,0.955307,3,True
stl10/test/00131,131,9,truck,ResNet-50 + linear head,hue_rotation,9,truck,0.97760266,9,True
stl10/test/07081,7081,7,monkey,ResNet-50 + linear head,hue_rotation,7,monkey,0.9313735,7,True
stl10/test/01836,1836,9,truck,ResNet-50 + linear head,hue_rotation,9,truck,0.8909168,9,True
stl10/test/06437,6437,0,airplane,ResNet-50 + linear head,hue_rotation,0,airplane,0.8618879,0,True
stl10/test/06609,6609,0,airplane,ResNet-50 + linear head,hue_rotation,0,airplane,0.9271985,0,True
stl10/test/03467,3467,7,monkey,ResNet-50 + linear head,hue_rotation,3,cat,0.38602555,7,False
stl10/test/01401,1401,3,cat,ResNet-50 + linear head,hue_rotation,3,cat,0.98766834,3,True
stl10/test/01839,1839,2,car,ResNet-50 + linear head,hue_rotation,2,car,0.9781979,2,True
stl10/test/04168,4168,3,cat,ResNet-50 + linear head,hue_rotation,3,cat,0.96090066,3,True
stl10/test/00035,35,2,car,ResNet-50 + linear head,hue_rotation,2,car,0.9967674,2,True
stl10/test/04177,4177,8,ship,ResNet-50 + linear head,hue_rotation,8,ship,0.88639814,8,True
stl10/test/07270,7270,7,monkey,ResNet-50 + linear head,hue_rotation,7,monkey,0.93581444,7,True
stl10/test/02265,2265,5,dog,ResNet-50 + linear head,hue_rotation,5,dog,0.7260554,5,True
stl10/test/03288,3288,7,monkey,ResNet-50 + linear head,hue_rotation,7,monkey,0.9346478,7,True
stl10/test/05451,5451,8,ship,ResNet-50 + linear head,hue_rotation,8,ship,0.93975306,8,True
stl10/test/04023,4023,3,cat,ResNet-50 + linear head,hue_rotation,3,cat,0.9755372,3,True
stl10/test/00261,261,1,bird,ResNet-50 + linear head,hue_rotation,1,bird,0.92071766,1,True
stl10/test/04570,4570,5,dog,ResNet-50 + linear head,hue_rotation,5,dog,0.8601145,5,True
stl10/test/04966,4966,5,dog,ResNet-50 + linear head,hue_rotation,5,dog,0.6429273,5,True
stl10/test/07955,7955,1,bird,ResNet-50 + linear head,hue_rotation,1,bird,0.9991947,1,True
stl10/test/06288,6288,4,deer,ResNet-50 + linear head,hue_rotation,4,deer,0.8047741,4,True
stl10/test/07810,7810,8,ship,ResNet-50 + linear head,hue_rotation,8,ship,0.9835669,8,True
stl10/test/01927,1927,7,monkey,ResNet-50 + linear head,hue_rotation,7,monkey,0.97354656,7,True
stl10/test/01871,1871,1,bird,ResNet-50 + linear head,hue_rotation,1,bird,0.9663863,1,True
stl10/test/06922,6922,5,dog,ResNet-50 + linear head,hue_rotation,5,dog,0.9971034,5,True
stl10/test/03512,3512,4,deer,ResNet-50 + linear head,hue_rotation,4,deer,0.97670764,4,True
stl10/test/04754,4754,6,horse,ResNet-50 + linear head,hue_rotation,6,horse,0.9296,6,True
stl10/test/00714,714,2,car,ResNet-50 + linear head,hue_rotation,2,car,0.962459,2,True
stl10/test/02191,2191,8,ship,ResNet-50 + linear head,hue_rotation,8,ship,0.58602947,8,True
stl10/test/04615,4615,0,airplane,ResNet-50 + linear head,hue_rotation,0,airplane,0.99211836,0,True
stl10/test/04662,4662,8,ship,ResNet-50 + linear head,hue_rotation,8,ship,0.95761055,8,True
stl10/test/05915,5915,9,truck,ResNet-50 + linear head,hue_rotation,9,truck,0.924591,9,True
stl10/test/00766,766,4,deer,ResNet-50 + linear head,hue_rotation,6,horse,0.5026563,6,True
stl10/test/05218,5218,2,car,ResNet-50 + linear head,hue_rotation,2,car,0.94206536,2,True
stl10/test/02340,2340,8,ship,ResNet-50 + linear head,hue_rotation,8,ship,0.978513,8,True
stl10/test/01954,1954,8,ship,ResNet-50 + linear head,hue_rotation,0,airplane,0.61269337,8,False
stl10/test/07875,7875,8,ship,ResNet-50 + linear head,hue_rotation,9,truck,0.5216282,8,False
stl10/test/03418,3418,6,horse,ResNet-50 + linear head,hue_rotation,6,horse,0.9576116,6,True
stl10/test/05572,5572,9,truck,ResNet-50 + linear head,hue_rotation,9,truck,0.9752406,9,True
stl10/test/05977,5977,7,monkey,ResNet-50 + linear head,hue_rotation,7,monkey,0.9780139,7,True
stl10/test/05123,5123,1,bird,ResNet-50 + linear head,hue_rotation,1,bird,0.9320305,1,True
stl10/test/05851,5851,9,truck,ResNet-50 + linear head,hue_rotation,9,truck,0.9706415,9,True
stl10/test/04094,4094,9,truck,ResNet-50 + linear head,hue_rotation,9,truck,0.9899232,9,True
stl10/test/04254,4254,6,horse,ResNet-50 + linear head,hue_rotation,6,horse,0.69011116,6,True
stl10/test/02501,2501,7,monkey,ResNet-50 + linear head,hue_rotation,7,monkey,0.971075,7,True
stl10/test/06938,6938,1,bird,ResNet-50 + linear head,hue_rotation,1,bird,0.9985636,1,True
stl10/test/00171,171,4,deer,ResNet-50 + linear head,hue_rotation,4,deer,0.9910104,4,True
stl10/test/04215,4215,3,cat,ResNet-50 + linear head,hue_rotation,1,bird,0.53795546,3,False
stl10/test/05705,5705,8,ship,ResNet-50 + linear head,hue_rotation,8,ship,0.95909023,8,True
stl10/test/03458,3458,4,deer,ResNet-50 + linear head,hue_rotation,4,deer,0.97415143,4,True
stl10/test/01220,1220,7,monkey,ResNet-50 + linear head,hue_rotation,7,monkey,0.941827,7,True
stl10/test/00962,962,8,ship,ResNet-50 + linear head,hue_rotation,8,ship,0.9403004,8,True
stl10/test/02950,2950,5,dog,ResNet-50 + linear head,hue_rotation,5,dog,0.62649107,5,True
stl10/test/02623,2623,5,dog,ResNet-50 + linear head,hue_rotation,3,cat,0.47900578,5,False
stl10/test/04539,4539,0,airplane,ResNet-50 + linear head,hue_rotation,0,airplane,0.9910998,0,True
stl10/test/01553,1553,0,airplane,ResNet-50 + linear head,hue_rotation,0,airplane,0.93687665,0,True
stl10/test/04740,4740,4,deer,ResNet-50 + linear head,hue_rotation,4,deer,0.88424534,4,True
stl10/test/06844,6844,0,airplane,ResNet-50 + linear head,hue_rotation,0,airplane,0.96749866,0,True
stl10/test/02668,2668,7,monkey,ResNet-50 + linear head,hue_rotation,7,monkey,0.97039074,7,True
stl10/test/03153,3153,7,monkey,ResNet-50 + linear head,hue_rotation,7,monkey,0.88298017,7,True
stl10/test/05135,5135,4,deer,ResNet-50 + linear head,hue_rotation,4,deer,0.7258356,4,True
stl10/test/02291,2291,3,cat,ResNet-50 + linear head,hue_rotation,3,cat,0.8508288,3,True
stl10/test/00116,116,1,bird,ResNet-50 + linear head,hue_rotation,1,bird,0.98956954,1,True
stl10/test/07797,7797,3,cat,ResNet-50 + linear head,hue_rotation,3,cat,0.9326674,3,True
stl10/test/04609,4609,3,cat,ResNet-50 + linear head,hue_rotation,3,cat,0.9279557,3,True
stl10/test/00081,81,0,airplane,ResNet-50 + linear head,hue_rotation,0,airplane,0.99116725,0,True
stl10/test/05580,5580,6,horse,ResNet-50 + linear head,hue_rotation,6,horse,0.9877374,6,True
stl10/test/03024,3024,2,car,ResNet-50 + linear head,hue_rotation,2,car,0.97870904,2,True
stl10/test/02766,2766,5,dog,ResNet-50 + linear head,hue_rotation,5,dog,0.9483868,5,True
stl10/test/05000,5000,8,ship,ResNet-50 + linear head,hue_rotation,8,ship,0.93664974,8,True
stl10/test/02610,2610,6,horse,ResNet-50 + linear head,hue_rotation,1,bird,0.5423191,6,False
stl10/test/02024,2024,0,airplane,ResNet-50 + linear head,hue_rotation,0,airplane,0.9321205,0,True
stl10/test/06097,6097,4,deer,ResNet-50 + linear head,hue_rotation,4,deer,0.93828654,4,True
stl10/test/00964,964,6,horse,ResNet-50 + linear head,hue_rotation,6,horse,0.9678639,6,True
stl10/test/07634,7634,0,airplane,ResNet-50 + linear head,hue_rotation,0,airplane,0.9880336,0,True
stl10/test/06434,6434,8,ship,ResNet-50 + linear head,hue_rotation,8,ship,0.9949477,8,True
stl10/test/05183,5183,2,car,ResNet-50 + linear head,hue_rotation,2,car,0.85902435,2,True
stl10/test/06986,6986,0,airplane,ResNet-50 + linear head,hue_rotation,0,airplane,0.9863653,0,True
stl10/test/00645,645,5,dog,ResNet-50 + linear head,hue_rotation,5,dog,0.95296293,5,True
stl10/test/03347,3347,0,airplane,ResNet-50 + linear head,hue_rotation,0,airplane,0.9958301,0,True
stl10/test/05677,5677,2,car,ResNet-50 + linear head,hue_rotation,2,car,0.9334845,2,True
stl10/test/03412,3412,8,ship,ResNet-50 + linear head,hue_rotation,8,ship,0.6989314,8,True
stl10/test/03937,3937,1,bird,ResNet-50 + linear head,hue_rotation,1,bird,0.89682686,1,True
stl10/test/00873,873,6,horse,ResNet-50 + linear head,hue_rotation,6,horse,0.7996381,6,True
stl10/test/02167,2167,9,truck,ResNet-50 + linear head,hue_rotation,9,truck,0.94585884,9,True
stl10/test/06490,6490,3,cat,ResNet-50 + linear head,hue_rotation,3,cat,0.83474684,3,True
stl10/test/00738,738,3,cat,ResNet-50 + linear head,hue_rotation,3,cat,0.9480514,3,True
stl10/test/06616,6616,2,car,ResNet-50 + linear head,hue_rotation,2,car,0.9593492,2,True
stl10/test/04093,4093,6,horse,ResNet-50 + linear head,hue_rotation,6,horse,0.5683839,6,True
stl10/test/05788,5788,9,truck,ResNet-50 + linear head,hue_rotation,9,truck,0.99244165,9,True
stl10/test/07818,7818,8,ship,ResNet-50 + linear head,hue_rotation,8,ship,0.94287276,8,True
stl10/test/00304,304,1,bird,ResNet-50 + linear head,hue_rotation,1,bird,0.98122406,1,True
stl10/test/02082,2082,2,car,ResNet-50 + linear head,hue_rotation,2,car,0.9357871,2,True
stl10/test/02746,2746,7,monkey,ResNet-50 + linear head,hue_rotation,7,monkey,0.966145,7,True
stl10/test/07944,7944,4,deer,ResNet-50 + linear head,hue_rotation,8,ship,0.28140965,4,False
stl10/test/06689,6689,8,ship,ResNet-50 + linear head,hue_rotation,9,truck,0.9460908,8,False
stl10/test/02414,2414,9,truck,ResNet-50 + linear head,hue_rotation,9,truck,0.9350867,9,True
stl10/test/03779,3779,6,horse,ResNet-50 + linear head,hue_rotation,6,horse,0.97348344,6,True
stl10/test/02095,2095,1,bird,ResNet-50 + linear head,hue_rotation,1,bird,0.89874625,1,True
stl10/test/07262,7262,0,airplane,ResNet-50 + linear head,hue_rotation,0,airplane,0.9894447,0,True
stl10/test/05694,5694,8,ship,ResNet-50 + linear head,hue_rotation,8,ship,0.8397202,8,True
stl10/test/07413,7413,5,dog,ResNet-50 + linear head,hue_rotation,5,dog,0.525894,5,True
stl10/test/06805,6805,1,bird,ResNet-50 + linear head,hue_rotation,1,bird,0.98453194,1,True
stl10/test/03446,3446,7,monkey,ResNet-50 + linear head,hue_rotation,7,monkey,0.7460831,7,True
stl10/test/02807,2807,5,dog,ResNet-50 + linear head,hue_rotation,1,bird,0.594857,4,False
stl10/test/07940,7940,4,deer,ResNet-50 + linear head,hue_rotation,4,deer,0.94199586,4,True
stl10/test/04172,4172,7,monkey,ResNet-50 + linear head,hue_rotation,7,monkey,0.8593127,7,True
stl10/test/07744,7744,3,cat,ResNet-50 + linear head,hue_rotation,3,cat,0.79646134,3,True
stl10/test/01586,1586,2,car,ResNet-50 + linear head,hue_rotation,2,car,0.98060155,2,True
stl10/test/07999,7999,8,ship,ResNet-50 + linear head,hue_rotation,8,ship,0.9551712,8,True
stl10/test/06349,6349,1,bird,ResNet-50 + linear head,hue_rotation,1,bird,0.977549,1,True
stl10/test/06594,6594,1,bird,ResNet-50 + linear head,hue_rotation,1,bird,0.99670047,1,True
stl10/test/02109,2109,8,ship,ResNet-50 + linear head,hue_rotation,8,ship,0.95451367,8,True
stl10/test/03079,3079,1,bird,ResNet-50 + linear head,hue_rotation,1,bird,0.9975924,1,True
stl10/test/02070,2070,1,bird,ResNet-50 + linear head,hue_rotation,1,bird,0.778551,1,True
stl10/test/00319,319,5,dog,ResNet-50 + linear head,hue_rotation,5,dog,0.89606315,5,True
stl10/test/02888,2888,0,airplane,ResNet-50 + linear head,hue_rotation,0,airplane,0.848925,0,True
stl10/test/06224,6224,5,dog,ResNet-50 + linear head,hue_rotation,5,dog,0.8615784,5,True
stl10/test/03353,3353,5,dog,ResNet-50 + linear head,hue_rotation,3,cat,0.6057212,3,True
stl10/test/06244,6244,2,car,ResNet-50 + linear head,hue_rotation,2,car,0.9468581,2,True
stl10/test/04704,4704,7,monkey,ResNet-50 + linear head,hue_rotation,7,monkey,0.7830152,7,True
stl10/test/02427,2427,5,dog,ResNet-50 + linear head,hue_rotation,5,dog,0.94362295,5,True
stl10/test/07995,7995,9,truck,ResNet-50 + linear head,hue_rotation,9,truck,0.8209832,9,True
stl10/test/01124,1124,4,deer,ResNet-50 + linear head,hue_rotation,4,deer,0.945913,4,True
stl10/test/06733,6733,1,bird,ResNet-50 + linear head,hue_rotation,1,bird,0.9765187,1,True
stl10/test/02062,2062,9,truck,ResNet-50 + linear head,hue_rotation,9,truck,0.9596825,9,True
stl10/test/00805,805,9,truck,ResNet-50 + linear head,hue_rotation,9,truck,0.9821181,9,True
stl10/test/02028,2028,3,cat,ResNet-50 + linear head,hue_rotation,3,cat,0.99959594,3,True
stl10/test/02392,2392,2,car,ResNet-50 + linear head,hue_rotation,2,car,0.98552126,2,True
stl10/test/03292,3292,6,horse,ResNet-50 + linear head,hue_rotation,6,horse,0.6940913,6,True
stl10/test/01440,1440,7,monkey,ResNet-50 + linear head,hue_rotation,7,monkey,0.9432356,7,True
stl10/test/01115,1115,1,bird,ResNet-50 + linear head,hue_rotation,1,bird,0.94562584,1,True
stl10/test/04242,4242,8,ship,ResNet-50 + linear head,hue_rotation,8,ship,0.6948292,8,True
stl10/test/02230,2230,8,ship,ResNet-50 + linear head,hue_rotation,8,ship,0.836724,8,True
stl10/test/03163,3163,2,car,ResNet-50 + linear head,hue_rotation,2,car,0.99401265,2,True
stl10/test/00545,545,6,horse,ResNet-50 + linear head,hue_rotation,2,car,0.6235805,6,False
stl10/test/03863,3863,5,dog,ResNet-50 + linear head,hue_rotation,5,dog,0.8411991,5,True
stl10/test/04748,4748,7,monkey,ResNet-50 + linear head,hue_rotation,7,monkey,0.924326,7,True
stl10/test/02399,2399,4,deer,ResNet-50 + linear head,hue_rotation,4,deer,0.84718114,4,True
stl10/test/04341,4341,6,horse,ResNet-50 + linear head,hue_rotation,6,horse,0.84256643,6,True
stl10/test/03078,3078,4,deer,ResNet-50 + linear head,hue_rotation,4,deer,0.96395683,4,True
stl10/test/03763,3763,4,deer,ResNet-50 + linear head,hue_rotation,4,deer,0.9516084,4,True
stl10/test/02958,2958,6,horse,ResNet-50 + linear head,hue_rotation,6,horse,0.9711405,6,True
stl10/test/06381,6381,6,horse,ResNet-50 + linear head,hue_rotation,6,horse,0.8807599,6,True
stl10/test/01640,1640,8,ship,ResNet-50 + linear head,hue_rotation,8,ship,0.44660065,8,True
stl10/test/01783,1783,8,ship,ResNet-50 + linear head,hue_rotation,8,ship,0.97445065,8,True
stl10/test/03914,3914,3,cat,ResNet-50 + linear head,hue_rotation,3,cat,0.9882004,3,True
stl10/test/01534,1534,6,horse,ResNet-50 + linear head,hue_rotation,6,horse,0.9444207,6,True
stl10/test/00685,685,5,dog,ResNet-50 + linear head,hue_rotation,5,dog,0.9801223,5,True
stl10/test/04617,4617,0,airplane,ResNet-50 + linear head,hue_rotation,0,airplane,0.9607818,0,True
stl10/test/05508,5508,9,truck,ResNet-50 + linear head,hue_rotation,9,truck,0.9809554,9,True
stl10/test/01022,1022,9,truck,ResNet-50 + linear head,hue_rotation,9,truck,0.9855627,9,True
stl10/test/01230,1230,1,bird,ResNet-50 + linear head,hue_rotation,1,bird,0.85900533,1,True
stl10/test/07475,7475,4,deer,ResNet-50 + linear head,hue_rotation,4,deer,0.48886228,4,True
stl10/test/05756,5756,2,car,ResNet-50 + linear head,hue_rotation,2,car,0.99743724,2,True
stl10/test/03122,3122,4,deer,ResNet-50 + linear head,hue_rotation,4,deer,0.96094173,4,True
stl10/test/07202,7202,1,bird,ResNet-50 + linear head,hue_rotation,1,bird,0.99415874,1,True
stl10/test/04723,4723,9,truck,ResNet-50 + linear head,hue_rotation,9,truck,0.90729225,9,True
stl10/test/01552,1552,5,dog,ResNet-50 + linear head,hue_rotation,5,dog,0.9250635,5,True
stl10/test/00603,603,9,truck,ResNet-50 + linear head,hue_rotation,9,truck,0.58700997,9,True
stl10/test/02861,2861,3,cat,ResNet-50 + linear head,hue_rotation,3,cat,0.96585834,3,True
stl10/test/06426,6426,2,car,ResNet-50 + linear head,hue_rotation,2,car,0.9881719,2,True
stl10/test/07864,7864,4,deer,ResNet-50 + linear head,hue_rotation,4,deer,0.8856754,4,True
stl10/test/05729,5729,6,horse,ResNet-50 + linear head,hue_rotation,6,horse,0.96753377,6,True
stl10/test/07474,7474,5,dog,ResNet-50 + linear head,hue_rotation,5,dog,0.9381716,5,True
stl10/test/04298,4298,1,bird,ResNet-50 + linear head,hue_rotation,1,bird,0.9962991,1,True
stl10/test/01175,1175,0,airplane,ResNet-50 + linear head,hue_rotation,0,airplane,0.96812594,0,True
stl10/test/03454,3454,2,car,ResNet-50 + linear head,hue_rotation,2,car,0.97216886,2,True
stl10/test/02754,2754,3,cat,ResNet-50 + linear head,hue_rotation,3,cat,0.88030756,3,True
stl10/test/00855,855,4,deer,ResNet-50 + linear head,hue_rotation,4,deer,0.91806746,4,True
stl10/test/02854,2854,7,monkey,ResNet-50 + linear head,hue_rotation,7,monkey,0.9701829,7,True
stl10/test/05092,5092,1,bird,ResNet-50 + linear head,hue_rotation,1,bird,0.9971578,1,True
stl10/test/05590,5590,9,truck,ResNet-50 + linear head,hue_rotation,9,truck,0.9727438,9,True
stl10/test/04463,4463,3,cat,ResNet-50 + linear head,hue_rotation,3,cat,0.9912356,3,True
stl10/test/05318,5318,2,car,ResNet-50 + linear head,hue_rotation,2,car,0.99235326,2,True
stl10/test/03515,3515,6,horse,ResNet-50 + linear head,hue_rotation,6,horse,0.71730053,6,True
stl10/test/04642,4642,4,deer,ResNet-50 + linear head,hue_rotation,4,deer,0.94827956,4,True
stl10/test/00852,852,9,truck,ResNet-50 + linear head,hue_rotation,9,truck,0.97335005,9,True
stl10/test/01247,1247,8,ship,ResNet-50 + linear head,hue_rotation,9,truck,0.55597204,8,False
stl10/test/07084,7084,2,car,ResNet-50 + linear head,hue_rotation,2,car,0.99016947,2,True
stl10/test/05301,5301,9,truck,ResNet-50 + linear head,hue_rotation,9,truck,0.96446955,9,True
stl10/test/05082,5082,6,horse,ResNet-50 + linear head,hue_rotation,6,horse,0.836021,6,True
stl10/test/05077,5077,4,deer,ResNet-50 + linear head,hue_rotation,4,deer,0.9551783,4,True
stl10/test/01563,1563,3,cat,ResNet-50 + linear head,hue_rotation,3,cat,0.9216609,3,True
stl10/test/00029,29,7,monkey,ResNet-50 + linear head,hue_rotation,7,monkey,0.98865664,7,True
stl10/test/03867,3867,7,monkey,ResNet-50 + linear head,hue_rotation,7,monkey,0.9800541,7,True
stl10/test/04620,4620,6,horse,ResNet-50 + linear head,hue_rotation,6,horse,0.6870224,6,True
stl10/test/04065,4065,2,car,ResNet-50 + linear head,hue_rotation,2,car,0.9474498,2,True
stl10/test/01095,1095,5,dog,ResNet-50 + linear head,hue_rotation,5,dog,0.960995,5,True
stl10/test/04229,4229,3,cat,ResNet-50 + linear head,hue_rotation,3,cat,0.9820687,3,True
stl10/test/03562,3562,3,cat,ResNet-50 + linear head,hue_rotation,3,cat,0.4785683,3,True
stl10/test/02342,2342,8,ship,ResNet-50 + linear head,hue_rotation,8,ship,0.8947522,8,True
stl10/test/01667,1667,6,horse,ResNet-50 + linear head,hue_rotation,6,horse,0.9395532,6,True
stl10/test/07033,7033,1,bird,ResNet-50 + linear head,hue_rotation,1,bird,0.78657156,1,True
stl10/test/01771,1771,7,monkey,ResNet-50 + linear head,hue_rotation,4,deer,0.46523398,7,False
stl10/test/03157,3157,8,ship,ResNet-50 + linear head,hue_rotation,9,truck,0.5159233,8,False
stl10/test/03851,3851,3,cat,ResNet-50 + linear head,hue_rotation,3,cat,0.97104645,3,True
stl10/test/01287,1287,7,monkey,ResNet-50 + linear head,hue_rotation,7,monkey,0.95959044,7,True
stl10/test/07320,7320,0,airplane,ResNet-50 + linear head,hue_rotation,0,airplane,0.9931189,0,True
stl10/test/07600,7600,6,horse,ResNet-50 + linear head,hue_rotation,6,horse,0.9988772,6,True
stl10/test/03852,3852,5,dog,ResNet-50 + linear head,hue_rotation,5,dog,0.87514335,5,True
stl10/test/00269,269,7,monkey,ResNet-50 + linear head,hue_rotation,7,monkey,0.96435755,7,True
stl10/test/01703,1703,7,monkey,ResNet-50 + linear head,hue_rotation,1,bird,0.62444353,7,False
stl10/test/07776,7776,5,dog,ResNet-50 + linear head,hue_rotation,5,dog,0.8943758,5,True
stl10/test/03891,3891,4,deer,ResNet-50 + linear head,hue_rotation,4,deer,0.8560033,4,True
stl10/test/07009,7009,0,airplane,ResNet-50 + linear head,hue_rotation,0,airplane,0.955919,0,True
stl10/test/04893,4893,0,airplane,ResNet-50 + linear head,hue_rotation,0,airplane,0.9910256,0,True
stl10/test/02351,2351,9,truck,ResNet-50 + linear head,hue_rotation,9,truck,0.97067857,9,True
stl10/test/03550,3550,1,bird,ResNet-50 + linear head,hue_rotation,1,bird,0.9194724,1,True
stl10/test/05719,5719,7,monkey,ResNet-50 + linear head,hue_rotation,7,monkey,0.90591854,7,True
stl10/test/01884,1884,7,monkey,ResNet-50 + linear head,hue_rotation,7,monkey,0.7995574,7,True
stl10/test/02898,2898,4,deer,ResNet-50 + linear head,hue_rotation,4,deer,0.97774464,4,True
stl10/test/04640,4640,1,bird,ResNet-50 + linear head,hue_rotation,3,cat,0.59093297,1,False
stl10/test/07610,7610,4,deer,ResNet-50 + linear head,hue_rotation,4,deer,0.9701264,4,True
stl10/test/01833,1833,8,ship,ResNet-50 + linear head,hue_rotation,8,ship,0.8477162,8,True
stl10/test/06455,6455,0,airplane,ResNet-50 + linear head,hue_rotation,0,airplane,0.7250107,0,True
stl10/test/03893,3893,9,truck,ResNet-50 + linear head,hue_rotation,9,truck,0.95651406,9,True
stl10/test/04731,4731,6,horse,ResNet-50 + linear head,hue_rotation,6,horse,0.7367819,6,True
stl10/test/00929,929,6,horse,ResNet-50 + linear head,hue_rotation,5,dog,0.5132822,6,False
stl10/test/03962,3962,6,horse,ResNet-50 + linear head,hue_rotation,6,horse,0.9258232,6,True
stl10/test/03778,3778,3,cat,ResNet-50 + linear head,hue_rotation,3,cat,0.947578,3,True
stl10/test/01429,1429,4,deer,ResNet-50 + linear head,hue_rotation,4,deer,0.92231065,4,True
stl10/test/00049,49,2,car,ResNet-50 + linear head,hue_rotation,2,car,0.96904737,2,True
stl10/test/00276,276,9,truck,ResNet-50 + linear head,hue_rotation,9,truck,0.92343897,9,True
stl10/test/06076,6076,1,bird,ResNet-50 + linear head,hue_rotation,1,bird,0.99841,1,True
stl10/test/01389,1389,0,airplane,ResNet-50 + linear head,hue_rotation,0,airplane,0.9767619,0,True
stl10/test/03362,3362,2,car,ResNet-50 + linear head,hue_rotation,2,car,0.9718179,2,True
stl10/test/00317,317,2,car,ResNet-50 + linear head,hue_rotation,2,car,0.95844907,2,True
stl10/test/04675,4675,0,airplane,ResNet-50 + linear head,hue_rotation,0,airplane,0.99367046,0,True
stl10/test/05924,5924,5,dog,ResNet-50 + linear head,hue_rotation,5,dog,0.9794276,5,True
stl10/test/00198,198,1,bird,ResNet-50 + linear head,hue_rotation,1,bird,0.9366283,1,True
stl10/test/07779,7779,6,horse,ResNet-50 + linear head,hue_rotation,6,horse,0.7238348,6,True
stl10/test/04054,4054,4,deer,ResNet-50 + linear head,hue_rotation,4,deer,0.94698715,4,True
stl10/test/05556,5556,4,deer,ResNet-50 + linear head,hue_rotation,4,deer,0.8891266,4,True
stl10/test/02687,2687,1,bird,ResNet-50 + linear head,hue_rotation,1,bird,0.92483014,1,True
stl10/test/01202,1202,2,car,ResNet-50 + linear head,hue_rotation,2,car,0.98496026,2,True
stl10/test/00097,97,5,dog,ResNet-50 + linear head,hue_rotation,5,dog,0.81421715,5,True
stl10/test/06033,6033,4,deer,ResNet-50 + linear head,hue_rotation,4,deer,0.88240796,4,True
stl10/test/01711,1711,7,monkey,ResNet-50 + linear head,hue_rotation,7,monkey,0.90957725,7,True
stl10/test/01430,1430,9,truck,ResNet-50 + linear head,hue_rotation,9,truck,0.9851223,9,True
stl10/test/00739,739,8,ship,ResNet-50 + linear head,hue_rotation,8,ship,0.91890323,8,True
stl10/test/03491,3491,1,bird,ResNet-50 + linear head,hue_rotation,1,bird,0.99741864,1,True
stl10/test/01568,1568,1,bird,ResNet-50 + linear head,hue_rotation,1,bird,0.85521483,1,True
stl10/test/01211,1211,4,deer,ResNet-50 + linear head,hue_rotation,4,deer,0.9427313,4,True
stl10/test/04913,4913,2,car,ResNet-50 + linear head,hue_rotation,2,car,0.9914015,2,True
stl10/test/02502,2502,2,car,ResNet-50 + linear head,hue_rotation,2,car,0.9102171,2,True
stl10/test/02539,2539,3,cat,ResNet-50 + linear head,hue_rotation,3,cat,0.9931977,3,True
stl10/test/00979,979,3,cat,ResNet-50 + linear head,hue_rotation,3,cat,0.99916065,3,True
stl10/test/06354,6354,2,car,ResNet-50 + linear head,hue_rotation,2,car,0.9888207,2,True
stl10/test/04735,4735,2,car,ResNet-50 + linear head,hue_rotation,2,car,0.91569984,2,True
stl10/test/05912,5912,0,airplane,ResNet-50 + linear head,hue_rotation,0,airplane,0.99865866,0,True
stl10/test/03844,3844,6,horse,ResNet-50 + linear head,hue_rotation,6,horse,0.98156863,6,True
stl10/test/01263,1263,3,cat,ResNet-50 + linear head,hue_rotation,3,cat,0.9203921,3,True
stl10/test/03404,3404,7,monkey,ResNet-50 + linear head,hue_rotation,7,monkey,0.97004604,7,True
stl10/test/03905,3905,8,ship,ResNet-50 + linear head,hue_rotation,8,ship,0.87103313,8,True
stl10/test/01596,1596,0,airplane,ResNet-50 + linear head,hue_rotation,0,airplane,0.9977889,0,True
stl10/test/03083,3083,0,airplane,ResNet-50 + linear head,hue_rotation,0,airplane,0.95838064,0,True
stl10/test/02003,2003,6,horse,ResNet-50 + linear head,hue_rotation,6,horse,0.7011196,6,True
stl10/test/05030,5030,2,car,ResNet-50 + linear head,hue_rotation,2,car,0.9766921,2,True
stl10/test/00095,95,1,bird,ResNet-50 + linear head,hue_rotation,1,bird,0.9735232,1,True
stl10/test/02757,2757,4,deer,ResNet-50 + linear head,hue_rotation,4,deer,0.5316202,4,True
stl10/test/03413,3413,1,bird,ResNet-50 + linear head,hue_rotation,1,bird,0.9954751,1,True
stl10/test/05488,5488,1,bird,ResNet-50 + linear head,hue_rotation,7,monkey,0.95015913,7,True
stl10/test/04827,4827,6,horse,ResNet-50 + linear head,hue_rotation,6,horse,0.9610543,6,True
stl10/test/01877,1877,5,dog,ResNet-50 + linear head,hue_rotation,4,deer,0.5722902,5,False
stl10/test/02157,2157,1,bird,ResNet-50 + linear head,hue_rotation,1,bird,0.9884934,1,True
stl10/test/04821,4821,3,cat,ResNet-50 + linear head,hue_rotation,3,cat,0.9648336,3,True
stl10/test/04953,4953,5,dog,ResNet-50 + linear head,hue_rotation,5,dog,0.76449096,5,True
stl10/test/05525,5525,8,ship,ResNet-50 + linear head,hue_rotation,8,ship,0.9185046,8,True
stl10/test/05381,5381,5,dog,ResNet-50 + linear head,hue_rotation,5,dog,0.27156883,5,True
stl10/test/00672,672,3,cat,ResNet-50 + linear head,hue_rotation,3,cat,0.99325186,3,True
stl10/test/00323,323,7,monkey,ResNet-50 + linear head,hue_rotation,7,monkey,0.94695795,7,True
stl10/test/05436,5436,7,monkey,ResNet-50 + linear head,hue_rotation,7,monkey,0.9363956,7,True
stl10/test/05450,5450,7,monkey,ResNet-50 + linear head,hue_rotation,7,monkey,0.9068649,7,True
stl10/test/06358,6358,5,dog,ResNet-50 + linear head,hue_rotation,3,cat,0.7382204,5,False
stl10/test/00372,372,3,cat,ResNet-50 + linear head,hue_rotation,3,cat,0.76285976,3,True
stl10/test/00378,378,5,dog,ResNet-50 + linear head,hue_rotation,5,dog,0.89150405,5,True
stl10/test/07706,7706,5,dog,ResNet-50 + linear head,hue_rotation,5,dog,0.8757325,5,True
stl10/test/02178,2178,1,bird,ResNet-50 + linear head,hue_rotation,1,bird,0.9993611,1,True
stl10/test/05237,5237,2,car,ResNet-50 + linear head,hue_rotation,2,car,0.9598413,2,True
stl10/test/05478,5478,0,airplane,ResNet-50 + linear head,hue_rotation,0,airplane,0.8569649,0,True
stl10/test/05452,5452,9,truck,ResNet-50 + linear head,hue_rotation,9,truck,0.97820866,9,True
stl10/test/05623,5623,4,deer,ResNet-50 + linear head,hue_rotation,4,deer,0.9331399,4,True
stl10/test/06772,6772,7,monkey,ResNet-50 + linear head,hue_rotation,3,cat,0.82396805,7,False
stl10/test/01111,1111,4,deer,ResNet-50 + linear head,hue_rotation,4,deer,0.910131,4,True
stl10/test/05528,5528,3,cat,ResNet-50 + linear head,hue_rotation,5,dog,0.7709399,5,True
stl10/test/03777,3777,6,horse,ResNet-50 + linear head,hue_rotation,6,horse,0.6285855,6,True
stl10/test/02458,2458,5,dog,ResNet-50 + linear head,hue_rotation,5,dog,0.9803587,5,True
stl10/test/04921,4921,2,car,ResNet-50 + linear head,hue_rotation,2,car,0.9723704,2,True
stl10/test/03015,3015,8,ship,ResNet-50 + linear head,hue_rotation,8,ship,0.6643503,8,True
stl10/test/07476,7476,8,ship,ResNet-50 + linear head,hue_rotation,8,ship,0.7234971,8,True
stl10/test/01520,1520,2,car,ResNet-50 + linear head,hue_rotation,2,car,0.9802186,2,True
stl10/test/06713,6713,6,horse,ResNet-50 + linear head,hue_rotation,6,horse,0.8453121,6,True
stl10/test/01852,1852,1,bird,ResNet-50 + linear head,hue_rotation,1,bird,0.9997876,1,True
stl10/test/02268,2268,5,dog,ResNet-50 + linear head,hue_rotation,5,dog,0.9068038,5,True
stl10/test/00151,151,8,ship,ResNet-50 + linear head,hue_rotation,8,ship,0.81998026,8,True
stl10/test/00890,890,6,horse,ResNet-50 + linear head,hue_rotation,6,horse,0.8225503,6,True
stl10/test/00825,825,1,bird,ResNet-50 + linear head,hue_rotation,1,bird,0.9983399,1,True
stl10/test/02536,2536,3,cat,ResNet-50 + linear head,hue_rotation,3,cat,0.94780445,3,True
stl10/test/00470,470,2,car,ResNet-50 + linear head,hue_rotation,2,car,0.93534195,2,True
stl10/test/05256,5256,1,bird,ResNet-50 + linear head,hue_rotation,1,bird,0.97346276,1,True
stl10/test/02011,2011,9,truck,ResNet-50 + linear head,hue_rotation,9,truck,0.97336644,9,True
stl10/test/07150,7150,0,airplane,ResNet-50 + linear head,hue_rotation,0,airplane,0.9932516,0,True
stl10/test/00449,449,6,horse,ResNet-50 + linear head,hue_rotation,6,horse,0.758616,6,True
stl10/test/02704,2704,4,deer,ResNet-50 + linear head,hue_rotation,4,deer,0.9727614,4,True
stl10/test/03437,3437,0,airplane,ResNet-50 + linear head,hue_rotation,0,airplane,0.9043548,0,True
stl10/test/03375,3375,3,cat,ResNet-50 + linear head,hue_rotation,3,cat,0.9423969,3,True
stl10/test/04552,4552,8,ship,ResNet-50 + linear head,hue_rotation,9,truck,0.9765146,8,False
stl10/test/00920,920,6,horse,ResNet-50 + linear head,hue_rotation,6,horse,0.8544955,6,True
stl10/test/02242,2242,0,airplane,ResNet-50 + linear head,hue_rotation,0,airplane,0.9845843,0,True
stl10/test/02745,2745,8,ship,ResNet-50 + linear head,hue_rotation,8,ship,0.9818319,8,True
stl10/test/01032,1032,7,monkey,ResNet-50 + linear head,hue_rotation,7,monkey,0.91288114,7,True
stl10/test/00365,365,3,cat,ResNet-50 + linear head,hue_rotation,3,cat,0.9807374,3,True
stl10/test/04850,4850,5,dog,ResNet-50 + linear head,hue_rotation,5,dog,0.93933225,5,True
stl10/test/04819,4819,0,airplane,ResNet-50 + linear head,hue_rotation,0,airplane,0.9970186,0,True
stl10/test/07338,7338,6,horse,ResNet-50 + linear head,hue_rotation,6,horse,0.93386596,6,True
stl10/test/07372,7372,0,airplane,ResNet-50 + linear head,hue_rotation,0,airplane,0.855888,0,True
stl10/test/01090,1090,1,bird,ResNet-50 + linear head,hue_rotation,1,bird,0.9543885,1,True
stl10/test/05062,5062,4,deer,ResNet-50 + linear head,hue_rotation,4,deer,0.9523146,4,True
stl10/test/00981,981,2,car,ResNet-50 + linear head,hue_rotation,2,car,0.9575889,2,True
stl10/test/05857,5857,6,horse,ResNet-50 + linear head,hue_rotation,4,deer,0.4990096,4,True
stl10/test/01986,1986,1,bird,ResNet-50 + linear head,hue_rotation,1,bird,0.9548753,1,True
stl10/test/05560,5560,1,bird,ResNet-50 + linear head,hue_rotation,1,bird,0.78102505,1,True
stl10/test/01814,1814,2,car,ResNet-50 + linear head,hue_rotation,2,car,0.9443054,2,True
stl10/test/00194,194,8,ship,ResNet-50 + linear head,hue_rotation,8,ship,0.9710524,8,True
stl10/test/01993,1993,1,bird,ResNet-50 + linear head,hue_rotation,1,bird,0.9915592,1,True
stl10/test/05333,5333,2,car,ResNet-50 + linear head,hue_rotation,2,car,0.9516155,2,True
stl10/test/04311,4311,8,ship,ResNet-50 + linear head,hue_rotation,8,ship,0.9739295,8,True
stl10/test/07425,7425,2,car,ResNet-50 + linear head,hue_rotation,2,car,0.99553573,2,True
stl10/test/03889,3889,5,dog,ResNet-50 + linear head,hue_rotation,5,dog,0.9326033,5,True
stl10/test/04308,4308,7,monkey,ResNet-50 + linear head,hue_rotation,7,monkey,0.6299509,7,True
stl10/test/01960,1960,4,deer,ResNet-50 + linear head,hue_rotation,4,deer,0.79938227,4,True
stl10/test/04399,4399,0,airplane,ResNet-50 + linear head,hue_rotation,0,airplane,0.98704696,0,True
stl10/test/03191,3191,6,horse,ResNet-50 + linear head,hue_rotation,6,horse,0.5698234,6,True
stl10/test/01626,1626,5,dog,ResNet-50 + linear head,hue_rotation,5,dog,0.94738746,5,True
stl10/test/00176,176,3,cat,ResNet-50 + linear head,hue_rotation,3,cat,0.98993313,3,True
stl10/test/07726,7726,6,horse,ResNet-50 + linear head,hue_rotation,6,horse,0.9763132,6,True
stl10/test/02334,2334,5,dog,ResNet-50 + linear head,hue_rotation,5,dog,0.99655175,5,True
stl10/test/01648,1648,0,airplane,ResNet-50 + linear head,hue_rotation,0,airplane,0.96896243,0,True
stl10/test/06084,6084,7,monkey,ResNet-50 + linear head,hue_rotation,7,monkey,0.9498083,7,True
stl10/test/03455,3455,0,airplane,ResNet-50 + linear head,hue_rotation,0,airplane,0.98725176,0,True
stl10/test/01468,1468,9,truck,ResNet-50 + linear head,hue_rotation,9,truck,0.96662295,9,True
stl10/test/01296,1296,7,monkey,ResNet-50 + linear head,hue_rotation,7,monkey,0.6034913,7,True
stl10/test/05213,5213,4,deer,ResNet-50 + linear head,hue_rotation,4,deer,0.9540379,4,True
stl10/test/07047,7047,9,truck,ResNet-50 + linear head,hue_rotation,9,truck,0.97777814,9,True
stl10/test/05360,5360,9,truck,ResNet-50 + linear head,hue_rotation,9,truck,0.9835352,9,True
stl10/test/05824,5824,2,car,ResNet-50 + linear head,hue_rotation,2,car,0.9934854,2,True
stl10/test/07460,7460,8,ship,ResNet-50 + linear head,hue_rotation,9,truck,0.9251994,8,False
stl10/test/04791,4791,7,monkey,ResNet-50 + linear head,hue_rotation,7,monkey,0.96504706,7,True
stl10/test/06692,6692,2,car,ResNet-50 + linear head,hue_rotation,2,car,0.91694146,2,True
stl10/test/06931,6931,9,truck,ResNet-50 + linear head,hue_rotation,9,truck,0.82514375,9,True
stl10/test/00667,667,8,ship,ResNet-50 + linear head,hue_rotation,8,ship,0.9491812,8,True
stl10/test/07781,7781,6,horse,ResNet-50 + linear head,hue_rotation,6,horse,0.9755064,6,True
stl10/test/07793,7793,3,cat,ResNet-50 + linear head,hue_rotation,7,monkey,0.48173308,5,False
stl10/test/01411,1411,9,truck,ResNet-50 + linear head,hue_rotation,9,truck,0.9566793,9,True
stl10/test/01473,1473,7,monkey,ResNet-50 + linear head,hue_rotation,7,monkey,0.873201,7,True
stl10/test/07130,7130,5,dog,ResNet-50 + linear head,hue_rotation,5,dog,0.8105259,5,True
stl10/test/01956,1956,7,monkey,ResNet-50 + linear head,hue_rotation,3,cat,0.9020161,3,True
stl10/test/06716,6716,5,dog,ResNet-50 + linear head,hue_rotation,5,dog,0.3962139,5,True
stl10/test/04106,4106,5,dog,ResNet-50 + linear head,hue_rotation,5,dog,0.91522896,5,True
stl10/test/03494,3494,6,horse,ResNet-50 + linear head,hue_rotation,6,horse,0.9936329,6,True
stl10/test/00691,691,4,deer,ResNet-50 + linear head,hue_rotation,4,deer,0.9394327,4,True
stl10/test/05220,5220,1,bird,ResNet-50 + linear head,hue_rotation,1,bird,0.52457774,3,False
stl10/test/04908,4908,3,cat,ResNet-50 + linear head,hue_rotation,3,cat,0.9801995,3,True
stl10/test/07029,7029,1,bird,ResNet-50 + linear head,hue_rotation,1,bird,0.99328595,1,True
stl10/test/04130,4130,0,airplane,ResNet-50 + linear head,hue_rotation,0,airplane,0.986852,0,True
stl10/test/07938,7938,9,truck,ResNet-50 + linear head,hue_rotation,9,truck,0.9544632,9,True
stl10/test/05101,5101,5,dog,ResNet-50 + linear head,hue_rotation,5,dog,0.9680444,5,True
stl10/test/01515,1515,9,truck,ResNet-50 + linear head,hue_rotation,9,truck,0.9648806,9,True
stl10/test/03287,3287,4,deer,ResNet-50 + linear head,hue_rotation,4,deer,0.967923,4,True
stl10/test/00716,716,8,ship,ResNet-50 + linear head,hue_rotation,8,ship,0.6045701,8,True
stl10/test/04236,4236,7,monkey,ResNet-50 + linear head,hue_rotation,7,monkey,0.955561,7,True
stl10/test/05408,5408,6,horse,ResNet-50 + linear head,hue_rotation,6,horse,0.7917112,6,True
stl10/test/05496,5496,5,dog,ResNet-50 + linear head,hue_rotation,5,dog,0.9538476,5,True
stl10/test/03365,3365,4,deer,ResNet-50 + linear head,hue_rotation,4,deer,0.93594915,4,True
stl10/test/04323,4323,3,cat,ResNet-50 + linear head,hue_rotation,3,cat,0.93829197,3,True
stl10/test/05467,5467,4,deer,ResNet-50 + linear head,hue_rotation,4,deer,0.77449507,4,True
stl10/test/01644,1644,5,dog,ResNet-50 + linear head,hue_rotation,5,dog,0.90481067,5,True
stl10/test/03948,3948,8,ship,ResNet-50 + linear head,hue_rotation,8,ship,0.92225266,8,True
stl10/test/06726,6726,7,monkey,ResNet-50 + linear head,hue_rotation,7,monkey,0.9731277,7,True
stl10/test/05395,5395,2,car,ResNet-50 + linear head,hue_rotation,2,car,0.99222225,2,True
stl10/test/01579,1579,7,monkey,ResNet-50 + linear head,hue_rotation,7,monkey,0.91245276,7,True
stl10/test/05918,5918,0,airplane,ResNet-50 + linear head,hue_rotation,0,airplane,0.998406,0,True
stl10/test/07041,7041,5,dog,ResNet-50 + linear head,hue_rotation,5,dog,0.8150427,5,True
stl10/test/00506,506,4,deer,ResNet-50 + linear head,hue_rotation,4,deer,0.96074474,4,True
stl10/test/04011,4011,6,horse,ResNet-50 + linear head,hue_rotation,6,horse,0.97701776,6,True
stl10/test/05981,5981,9,truck,ResNet-50 + linear head,hue_rotation,9,truck,0.9050336,9,True
stl10/test/00409,409,2,car,ResNet-50 + linear head,hue_rotation,2,car,0.9911857,2,True
stl10/test/06954,6954,1,bird,ResNet-50 + linear head,hue_rotation,1,bird,0.9558643,1,True
stl10/test/07555,7555,6,horse,ResNet-50 + linear head,hue_rotation,6,horse,0.7588254,6,True
stl10/test/03965,3965,0,airplane,ResNet-50 + linear head,hue_rotation,0,airplane,0.87233084,0,True
stl10/test/07266,7266,9,truck,ResNet-50 + linear head,hue_rotation,9,truck,0.8482638,9,True
stl10/test/04785,4785,0,airplane,ResNet-50 + linear head,hue_rotation,0,airplane,0.65933925,0,True
stl10/test/06028,6028,2,car,ResNet-50 + linear head,hue_rotation,2,car,0.9835423,2,True
stl10/test/06503,6503,2,car,ResNet-50 + linear head,hue_rotation,2,car,0.9783236,2,True
stl10/test/06414,6414,5,dog,ResNet-50 + linear head,hue_rotation,3,cat,0.6118816,5,False
stl10/test/05382,5382,6,horse,ResNet-50 + linear head,hue_rotation,6,horse,0.7409882,6,True
stl10/test/06836,6836,1,bird,ResNet-50 + linear head,hue_rotation,1,bird,0.9992107,1,True
stl10/test/06508,6508,4,deer,ResNet-50 + linear head,hue_rotation,4,deer,0.9555686,4,True
stl10/test/03994,3994,4,deer,ResNet-50 + linear head,hue_rotation,4,deer,0.93670905,4,True
stl10/test/03942,3942,9,truck,ResNet-50 + linear head,hue_rotation,9,truck,0.9450989,9,True
stl10/test/03542,3542,7,monkey,ResNet-50 + linear head,hue_rotation,7,monkey,0.94558895,7,True
stl10/test/06952,6952,3,cat,ResNet-50 + linear head,hue_rotation,3,cat,0.9538914,3,True
stl10/test/04290,4290,5,dog,ResNet-50 + linear head,hue_rotation,4,deer,0.41503176,5,False
stl10/test/07446,7446,8,ship,ResNet-50 + linear head,hue_rotation,8,ship,0.98005396,8,True
stl10/test/06169,6169,1,bird,ResNet-50 + linear head,hue_rotation,1,bird,0.9839115,1,True
stl10/test/01109,1109,1,bird,ResNet-50 + linear head,hue_rotation,1,bird,0.93437505,1,True
stl10/test/03179,3179,4,deer,ResNet-50 + linear head,hue_rotation,4,deer,0.9276746,4,True
stl10/test/07835,7835,7,monkey,ResNet-50 + linear head,hue_rotation,7,monkey,0.9403602,7,True
stl10/test/07390,7390,1,bird,ResNet-50 + linear head,hue_rotation,1,bird,0.82560617,1,True
stl10/test/00568,568,5,dog,ResNet-50 + linear head,hue_rotation,5,dog,0.82233846,5,True
stl10/test/04629,4629,4,deer,ResNet-50 + linear head,hue_rotation,4,deer,0.9600485,4,True
stl10/test/07138,7138,8,ship,ResNet-50 + linear head,hue_rotation,8,ship,0.8806764,8,True
stl10/test/05284,5284,9,truck,ResNet-50 + linear head,hue_rotation,9,truck,0.9878991,9,True
stl10/test/00003,3,0,airplane,ResNet-50 + linear head,hue_rotation,0,airplane,0.8397661,0,True
stl10/test/02690,2690,1,bird,ResNet-50 + linear head,hue_rotation,1,bird,0.9934017,1,True
stl10/test/05858,5858,6,horse,ResNet-50 + linear head,hue_rotation,4,deer,0.6121217,6,False
stl10/test/01266,1266,4,deer,ResNet-50 + linear head,hue_rotation,4,deer,0.89996016,4,True
stl10/test/03034,3034,4,deer,ResNet-50 + linear head,hue_rotation,4,deer,0.97841257,4,True
stl10/test/02655,2655,9,truck,ResNet-50 + linear head,hue_rotation,9,truck,0.9604598,9,True
stl10/test/06190,6190,7,monkey,ResNet-50 + linear head,hue_rotation,7,monkey,0.9681934,7,True
stl10/test/04170,4170,8,ship,ResNet-50 + linear head,hue_rotation,8,ship,0.74202913,8,True
stl10/test/07380,7380,9,truck,ResNet-50 + linear head,hue_rotation,9,truck,0.9338527,9,True
stl10/test/07752,7752,9,truck,ResNet-50 + linear head,hue_rotation,9,truck,0.9650485,9,True
stl10/test/03996,3996,9,truck,ResNet-50 + linear head,hue_rotation,9,truck,0.5701617,9,True
stl10/test/01204,1204,3,cat,ResNet-50 + linear head,hue_rotation,3,cat,0.99207777,3,True
stl10/test/01654,1654,9,truck,ResNet-50 + linear head,hue_rotation,9,truck,0.95424193,9,True
stl10/test/04746,4746,6,horse,ResNet-50 + linear head,hue_rotation,6,horse,0.46644378,6,True
stl10/test/04590,4590,3,cat,ResNet-50 + linear head,hue_rotation,3,cat,0.97248465,3,True
stl10/test/00562,562,0,airplane,ResNet-50 + linear head,hue_rotation,0,airplane,0.99509615,0,True
stl10/test/07108,7108,6,horse,ResNet-50 + linear head,hue_rotation,6,horse,0.89204603,6,True
stl10/test/05999,5999,0,airplane,ResNet-50 + linear head,hue_rotation,0,airplane,0.9864703,0,True
stl10/test/01403,1403,2,car,ResNet-50 + linear head,hue_rotation,2,car,0.9920804,2,True
stl10/test/04403,4403,7,monkey,ResNet-50 + linear head,hue_rotation,7,monkey,0.95305425,7,True
stl10/test/06332,6332,2,car,ResNet-50 + linear head,hue_rotation,2,car,0.9708345,2,True
stl10/test/06264,6264,2,car,ResNet-50 + linear head,hue_rotation,2,car,0.9778389,2,True
stl10/test/00303,303,9,truck,ResNet-50 + linear head,hue_rotation,9,truck,0.96504277,9,True
stl10/test/00791,791,3,cat,ResNet-50 + linear head,hue_rotation,3,cat,0.9147477,3,True
stl10/test/03067,3067,2,car,ResNet-50 + linear head,hue_rotation,2,car,0.9665672,2,True
stl10/test/00484,484,0,airplane,ResNet-50 + linear head,hue_rotation,0,airplane,0.9277172,0,True
stl10/test/01370,1370,3,cat,ResNet-50 + linear head,hue_rotation,3,cat,0.9882388,3,True
stl10/test/04069,4069,8,ship,ResNet-50 + linear head,hue_rotation,8,ship,0.6131847,8,True
stl10/test/07373,7373,0,airplane,ResNet-50 + linear head,hue_rotation,0,airplane,0.8213595,0,True
stl10/test/04330,4330,3,cat,ResNet-50 + linear head,hue_rotation,3,cat,0.60844356,3,True
stl10/test/05701,5701,5,dog,ResNet-50 + linear head,hue_rotation,5,dog,0.84776443,5,True
stl10/test/07465,7465,0,airplane,ResNet-50 + linear head,hue_rotation,0,airplane,0.94863105,0,True
stl10/test/01531,1531,3,cat,ResNet-50 + linear head,hue_rotation,5,dog,0.92986184,3,False
stl10/test/04676,4676,8,ship,ResNet-50 + linear head,hue_rotation,8,ship,0.99321,8,True
stl10/test/04531,4531,3,cat,ResNet-50 + linear head,hue_rotation,3,cat,0.71489793,3,True
stl10/test/00706,706,8,ship,ResNet-50 + linear head,hue_rotation,8,ship,0.9737942,8,True
stl10/test/02844,2844,8,ship,ResNet-50 + linear head,hue_rotation,8,ship,0.9691799,8,True
stl10/test/03755,3755,2,car,ResNet-50 + linear head,hue_rotation,2,car,0.9883455,2,True
stl10/test/05848,5848,7,monkey,ResNet-50 + linear head,hue_rotation,7,monkey,0.98781466,7,True
stl10/test/02114,2114,9,truck,ResNet-50 + linear head,hue_rotation,9,truck,0.92447853,9,True
stl10/test/03876,3876,0,airplane,ResNet-50 + linear head,hue_rotation,0,airplane,0.7485763,0,True
stl10/test/00677,677,3,cat,ResNet-50 + linear head,hue_rotation,3,cat,0.88177305,3,True
stl10/test/02116,2116,1,bird,ResNet-50 + linear head,hue_rotation,3,cat,0.9485902,3,True
stl10/test/04661,4661,7,monkey,ResNet-50 + linear head,hue_rotation,7,monkey,0.92923194,7,True
stl10/test/02676,2676,6,horse,ResNet-50 + linear head,hue_rotation,6,horse,0.9317069,6,True
stl10/test/03025,3025,0,airplane,ResNet-50 + linear head,hue_rotation,0,airplane,0.9005006,0,True
stl10/test/04449,4449,9,truck,ResNet-50 + linear head,hue_rotation,9,truck,0.98282135,9,True
stl10/test/00977,977,6,horse,ResNet-50 + linear head,hue_rotation,6,horse,0.99196327,6,True
stl10/test/04990,4990,8,ship,ResNet-50 + linear head,hue_rotation,0,airplane,0.72358835,8,False
stl10/test/07309,7309,0,airplane,ResNet-50 + linear head,hue_rotation,0,airplane,0.9429437,0,True
stl10/test/01048,1048,7,monkey,ResNet-50 + linear head,hue_rotation,7,monkey,0.891989,7,True
stl10/test/03276,3276,3,cat,ResNet-50 + linear head,hue_rotation,3,cat,0.41505983,3,True
stl10/test/05512,5512,2,car,ResNet-50 + linear head,hue_rotation,9,truck,0.9695989,9,True
stl10/test/07692,7692,4,deer,ResNet-50 + linear head,hue_rotation,4,deer,0.7861266,4,True
stl10/test/01436,1436,1,bird,ResNet-50 + linear head,hue_rotation,1,bird,0.99709475,1,True
stl10/test/07544,7544,9,truck,ResNet-50 + linear head,hue_rotation,9,truck,0.96504873,9,True
stl10/test/03383,3383,3,cat,ResNet-50 + linear head,hue_rotation,3,cat,0.97429276,3,True
stl10/test/01977,1977,0,airplane,ResNet-50 + linear head,hue_rotation,0,airplane,0.9823251,0,True
stl10/test/02750,2750,0,airplane,ResNet-50 + linear head,hue_rotation,0,airplane,0.9250988,0,True
stl10/test/07996,7996,6,horse,ResNet-50 + linear head,hue_rotation,6,horse,0.997535,6,True
stl10/test/06989,6989,5,dog,ResNet-50 + linear head,hue_rotation,5,dog,0.89454085,5,True
stl10/test/01431,1431,3,cat,ResNet-50 + linear head,hue_rotation,3,cat,0.99384487,3,True
stl10/test/07416,7416,3,cat,ResNet-50 + linear head,hue_rotation,3,cat,0.84277695,5,False
stl10/test/04547,4547,5,dog,ResNet-50 + linear head,hue_rotation,5,dog,0.842777,5,True
stl10/test/00042,42,0,airplane,ResNet-50 + linear head,hue_rotation,0,airplane,0.57290345,0,True
stl10/test/05117,5117,0,airplane,ResNet-50 + linear head,hue_rotation,0,airplane,0.9987674,0,True
stl10/test/04411,4411,6,horse,ResNet-50 + linear head,hue_rotation,6,horse,0.44460985,6,True
stl10/test/05789,5789,4,deer,ResNet-50 + linear head,hue_rotation,4,deer,0.8295767,4,True
stl10/test/00483,483,2,car,ResNet-50 + linear head,hue_rotation,2,car,0.8984841,2,True
stl10/test/06650,6650,7,monkey,ResNet-50 + linear head,hue_rotation,7,monkey,0.96930975,7,True
stl10/test/04881,4881,3,cat,ResNet-50 + linear head,hue_rotation,3,cat,0.6848294,3,True
stl10/test/00391,391,3,cat,ResNet-50 + linear head,hue_rotation,3,cat,0.9350856,3,True
stl10/test/00370,370,7,monkey,ResNet-50 + linear head,hue_rotation,7,monkey,0.8643543,7,True
stl10/test/00419,419,9,truck,ResNet-50 + linear head,hue_rotation,9,truck,0.9573423,9,True
stl10/test/03318,3318,9,truck,ResNet-50 + linear head,hue_rotation,9,truck,0.97302353,9,True
stl10/test/04355,4355,8,ship,ResNet-50 + linear head,hue_rotation,9,truck,0.6009708,8,False
stl10/test/05402,5402,4,deer,ResNet-50 + linear head,hue_rotation,4,deer,0.9078623,4,True
stl10/test/05332,5332,5,dog,ResNet-50 + linear head,hue_rotation,5,dog,0.49287233,5,True
stl10/test/00239,239,9,truck,ResNet-50 + linear head,hue_rotation,9,truck,0.9681817,9,True
stl10/test/06271,6271,2,car,ResNet-50 + linear head,hue_rotation,2,car,0.9813239,2,True
stl10/test/01129,1129,8,ship,ResNet-50 + linear head,hue_rotation,8,ship,0.97241396,8,True
stl10/test/02391,2391,5,dog,ResNet-50 + linear head,hue_rotation,5,dog,0.71141726,5,True
stl10/test/00191,191,9,truck,ResNet-50 + linear head,hue_rotation,9,truck,0.68938714,9,True
stl10/test/05447,5447,9,truck,ResNet-50 + linear head,hue_rotation,9,truck,0.9891322,9,True
stl10/test/06528,6528,4,deer,ResNet-50 + linear head,hue_rotation,4,deer,0.9079322,4,True
stl10/test/00632,632,3,cat,ViT-B/16 + linear head,grayscale,3,cat,0.99987125,3,True
stl10/test/00131,131,9,truck,ViT-B/16 + linear head,grayscale,9,truck,0.9876865,9,True
stl10/test/07081,7081,7,monkey,ViT-B/16 + linear head,grayscale,7,monkey,0.9785993,7,True
stl10/test/01836,1836,9,truck,ViT-B/16 + linear head,grayscale,9,truck,0.98957646,9,True
stl10/test/06437,6437,0,airplane,ViT-B/16 + linear head,grayscale,0,airplane,0.9916031,0,True
stl10/test/06609,6609,0,airplane,ViT-B/16 + linear head,grayscale,0,airplane,0.9988587,0,True
stl10/test/03467,3467,7,monkey,ViT-B/16 + linear head,grayscale,4,deer,0.29438055,7,False
stl10/test/01401,1401,3,cat,ViT-B/16 + linear head,grayscale,3,cat,0.9999398,3,True
stl10/test/01839,1839,2,car,ViT-B/16 + linear head,grayscale,2,car,0.9967996,2,True
stl10/test/04168,4168,3,cat,ViT-B/16 + linear head,grayscale,3,cat,0.99982566,3,True
stl10/test/00035,35,2,car,ViT-B/16 + linear head,grayscale,2,car,0.9958982,2,True
stl10/test/04177,4177,8,ship,ViT-B/16 + linear head,grayscale,8,ship,0.99672925,8,True
stl10/test/07270,7270,7,monkey,ViT-B/16 + linear head,grayscale,7,monkey,0.99299663,7,True
stl10/test/02265,2265,5,dog,ViT-B/16 + linear head,grayscale,5,dog,0.9989379,5,True
stl10/test/03288,3288,7,monkey,ViT-B/16 + linear head,grayscale,7,monkey,0.9989083,7,True
stl10/test/05451,5451,8,ship,ViT-B/16 + linear head,grayscale,8,ship,0.99990106,8,True
stl10/test/04023,4023,3,cat,ViT-B/16 + linear head,grayscale,3,cat,0.8987107,3,True
stl10/test/00261,261,1,bird,ViT-B/16 + linear head,grayscale,1,bird,0.67271954,1,True
stl10/test/04570,4570,5,dog,ViT-B/16 + linear head,grayscale,5,dog,0.99697053,5,True
stl10/test/04966,4966,5,dog,ViT-B/16 + linear head,grayscale,5,dog,0.7258867,5,True
stl10/test/07955,7955,1,bird,ViT-B/16 + linear head,grayscale,1,bird,0.9996973,1,True
stl10/test/06288,6288,4,deer,ViT-B/16 + linear head,grayscale,4,deer,0.9990607,4,True
stl10/test/07810,7810,8,ship,ViT-B/16 + linear head,grayscale,8,ship,0.99985754,8,True
stl10/test/01927,1927,7,monkey,ViT-B/16 + linear head,grayscale,7,monkey,0.9995309,7,True
stl10/test/01871,1871,1,bird,ViT-B/16 + linear head,grayscale,1,bird,0.9765519,1,True
stl10/test/06922,6922,5,dog,ViT-B/16 + linear head,grayscale,5,dog,0.99650794,5,True
stl10/test/03512,3512,4,deer,ViT-B/16 + linear head,grayscale,4,deer,0.9982551,4,True
stl10/test/04754,4754,6,horse,ViT-B/16 + linear head,grayscale,6,horse,0.9933669,6,True
stl10/test/00714,714,2,car,ViT-B/16 + linear head,grayscale,2,car,0.73945314,2,True
stl10/test/02191,2191,8,ship,ViT-B/16 + linear head,grayscale,8,ship,0.9325053,8,True
stl10/test/04615,4615,0,airplane,ViT-B/16 + linear head,grayscale,0,airplane,0.9985752,0,True
stl10/test/04662,4662,8,ship,ViT-B/16 + linear head,grayscale,8,ship,0.9997042,8,True
stl10/test/05915,5915,9,truck,ViT-B/16 + linear head,grayscale,9,truck,0.96259826,9,True
stl10/test/00766,766,4,deer,ViT-B/16 + linear head,grayscale,6,horse,0.9689663,6,True
stl10/test/05218,5218,2,car,ViT-B/16 + linear head,grayscale,2,car,0.99963903,2,True
stl10/test/02340,2340,8,ship,ViT-B/16 + linear head,grayscale,8,ship,0.99977106,8,True
stl10/test/01954,1954,8,ship,ViT-B/16 + linear head,grayscale,8,ship,0.9916869,8,True
stl10/test/07875,7875,8,ship,ViT-B/16 + linear head,grayscale,8,ship,0.99830794,8,True
stl10/test/03418,3418,6,horse,ViT-B/16 + linear head,grayscale,6,horse,0.99884546,6,True
stl10/test/05572,5572,9,truck,ViT-B/16 + linear head,grayscale,9,truck,0.9968231,9,True
stl10/test/05977,5977,7,monkey,ViT-B/16 + linear head,grayscale,7,monkey,0.99872285,7,True
stl10/test/05123,5123,1,bird,ViT-B/16 + linear head,grayscale,1,bird,0.9851437,1,True
stl10/test/05851,5851,9,truck,ViT-B/16 + linear head,grayscale,9,truck,0.99694616,9,True
stl10/test/04094,4094,9,truck,ViT-B/16 + linear head,grayscale,9,truck,0.99802387,9,True
stl10/test/04254,4254,6,horse,ViT-B/16 + linear head,grayscale,6,horse,0.9775169,6,True
stl10/test/02501,2501,7,monkey,ViT-B/16 + linear head,grayscale,7,monkey,0.9942303,7,True
stl10/test/06938,6938,1,bird,ViT-B/16 + linear head,grayscale,1,bird,0.9987208,1,True
stl10/test/00171,171,4,deer,ViT-B/16 + linear head,grayscale,4,deer,0.99593157,4,True
stl10/test/04215,4215,3,cat,ViT-B/16 + linear head,grayscale,7,monkey,0.2501799,3,False
stl10/test/05705,5705,8,ship,ViT-B/16 + linear head,grayscale,8,ship,0.99977165,8,True
stl10/test/03458,3458,4,deer,ViT-B/16 + linear head,grayscale,4,deer,0.9949065,4,True
stl10/test/01220,1220,7,monkey,ViT-B/16 + linear head,grayscale,7,monkey,0.99953747,7,True
stl10/test/00962,962,8,ship,ViT-B/16 + linear head,grayscale,8,ship,0.9997936,8,True
stl10/test/02950,2950,5,dog,ViT-B/16 + linear head,grayscale,5,dog,0.9923591,5,True
stl10/test/02623,2623,5,dog,ViT-B/16 + linear head,grayscale,4,deer,0.5796225,5,False
stl10/test/04539,4539,0,airplane,ViT-B/16 + linear head,grayscale,0,airplane,0.9994048,0,True
stl10/test/01553,1553,0,airplane,ViT-B/16 + linear head,grayscale,0,airplane,0.9980781,0,True
stl10/test/04740,4740,4,deer,ViT-B/16 + linear head,grayscale,4,deer,0.9013916,4,True
stl10/test/06844,6844,0,airplane,ViT-B/16 + linear head,grayscale,0,airplane,0.99836296,0,True
stl10/test/02668,2668,7,monkey,ViT-B/16 + linear head,grayscale,7,monkey,0.9995333,7,True
stl10/test/03153,3153,7,monkey,ViT-B/16 + linear head,grayscale,7,monkey,0.9987206,7,True
stl10/test/05135,5135,4,deer,ViT-B/16 + linear head,grayscale,4,deer,0.6850675,4,True
stl10/test/02291,2291,3,cat,ViT-B/16 + linear head,grayscale,3,cat,0.92229027,3,True
stl10/test/00116,116,1,bird,ViT-B/16 + linear head,grayscale,1,bird,0.9928929,1,True
stl10/test/07797,7797,3,cat,ViT-B/16 + linear head,grayscale,3,cat,0.9954442,3,True
stl10/test/04609,4609,3,cat,ViT-B/16 + linear head,grayscale,3,cat,0.97061926,3,True
stl10/test/00081,81,0,airplane,ViT-B/16 + linear head,grayscale,0,airplane,0.99444216,0,True
stl10/test/05580,5580,6,horse,ViT-B/16 + linear head,grayscale,5,dog,0.8596128,5,True
stl10/test/03024,3024,2,car,ViT-B/16 + linear head,grayscale,2,car,0.9997991,2,True
stl10/test/02766,2766,5,dog,ViT-B/16 + linear head,grayscale,5,dog,0.98940176,5,True
stl10/test/05000,5000,8,ship,ViT-B/16 + linear head,grayscale,8,ship,0.99754745,8,True
stl10/test/02610,2610,6,horse,ViT-B/16 + linear head,grayscale,6,horse,0.56080115,6,True
stl10/test/02024,2024,0,airplane,ViT-B/16 + linear head,grayscale,0,airplane,0.9953544,0,True
stl10/test/06097,6097,4,deer,ViT-B/16 + linear head,grayscale,4,deer,0.9580028,4,True
stl10/test/00964,964,6,horse,ViT-B/16 + linear head,grayscale,6,horse,0.99355847,6,True
stl10/test/07634,7634,0,airplane,ViT-B/16 + linear head,grayscale,0,airplane,0.9922925,0,True
stl10/test/06434,6434,8,ship,ViT-B/16 + linear head,grayscale,8,ship,0.9999645,8,True
stl10/test/05183,5183,2,car,ViT-B/16 + linear head,grayscale,2,car,0.99828464,2,True
stl10/test/06986,6986,0,airplane,ViT-B/16 + linear head,grayscale,0,airplane,0.9996166,0,True
stl10/test/00645,645,5,dog,ViT-B/16 + linear head,grayscale,5,dog,0.99162453,5,True
stl10/test/03347,3347,0,airplane,ViT-B/16 + linear head,grayscale,0,airplane,0.99964035,0,True
stl10/test/05677,5677,2,car,ViT-B/16 + linear head,grayscale,2,car,0.99789906,2,True
stl10/test/03412,3412,8,ship,ViT-B/16 + linear head,grayscale,8,ship,0.96749264,8,True
stl10/test/03937,3937,1,bird,ViT-B/16 + linear head,grayscale,1,bird,0.99563605,1,True
stl10/test/00873,873,6,horse,ViT-B/16 + linear head,grayscale,6,horse,0.99288297,6,True
stl10/test/02167,2167,9,truck,ViT-B/16 + linear head,grayscale,9,truck,0.98592734,9,True
stl10/test/06490,6490,3,cat,ViT-B/16 + linear head,grayscale,3,cat,0.9718766,3,True
stl10/test/00738,738,3,cat,ViT-B/16 + linear head,grayscale,3,cat,0.7120606,3,True
stl10/test/06616,6616,2,car,ViT-B/16 + linear head,grayscale,2,car,0.99886465,2,True
stl10/test/04093,4093,6,horse,ViT-B/16 + linear head,grayscale,6,horse,0.9890104,6,True
stl10/test/05788,5788,9,truck,ViT-B/16 + linear head,grayscale,9,truck,0.99994254,9,True
stl10/test/07818,7818,8,ship,ViT-B/16 + linear head,grayscale,8,ship,0.99301565,8,True
stl10/test/00304,304,1,bird,ViT-B/16 + linear head,grayscale,1,bird,0.67911065,1,True
stl10/test/02082,2082,2,car,ViT-B/16 + linear head,grayscale,2,car,0.99837106,2,True
stl10/test/02746,2746,7,monkey,ViT-B/16 + linear head,grayscale,7,monkey,0.9997969,7,True
stl10/test/07944,7944,4,deer,ViT-B/16 + linear head,grayscale,4,deer,0.6569673,4,True
stl10/test/06689,6689,8,ship,ViT-B/16 + linear head,grayscale,8,ship,0.8784101,8,True
stl10/test/02414,2414,9,truck,ViT-B/16 + linear head,grayscale,9,truck,0.8122217,9,True
stl10/test/03779,3779,6,horse,ViT-B/16 + linear head,grayscale,6,horse,0.99846494,6,True
stl10/test/02095,2095,1,bird,ViT-B/16 + linear head,grayscale,1,bird,0.9782194,1,True
stl10/test/07262,7262,0,airplane,ViT-B/16 + linear head,grayscale,0,airplane,0.99970055,0,True
stl10/test/05694,5694,8,ship,ViT-B/16 + linear head,grayscale,8,ship,0.9948774,8,True
stl10/test/07413,7413,5,dog,ViT-B/16 + linear head,grayscale,5,dog,0.89643526,5,True
stl10/test/06805,6805,1,bird,ViT-B/16 + linear head,grayscale,1,bird,0.79896945,1,True
stl10/test/03446,3446,7,monkey,ViT-B/16 + linear head,grayscale,7,monkey,0.99301755,7,True
stl10/test/02807,2807,5,dog,ViT-B/16 + linear head,grayscale,7,monkey,0.8380952,4,False
stl10/test/07940,7940,4,deer,ViT-B/16 + linear head,grayscale,4,deer,0.9988367,4,True
stl10/test/04172,4172,7,monkey,ViT-B/16 + linear head,grayscale,7,monkey,0.99846506,7,True
stl10/test/07744,7744,3,cat,ViT-B/16 + linear head,grayscale,3,cat,0.7666835,3,True
stl10/test/01586,1586,2,car,ViT-B/16 + linear head,grayscale,2,car,0.9997085,2,True
stl10/test/07999,7999,8,ship,ViT-B/16 + linear head,grayscale,8,ship,0.99390817,8,True
stl10/test/06349,6349,1,bird,ViT-B/16 + linear head,grayscale,1,bird,0.98646784,1,True
stl10/test/06594,6594,1,bird,ViT-B/16 + linear head,grayscale,1,bird,0.95888054,1,True
stl10/test/02109,2109,8,ship,ViT-B/16 + linear head,grayscale,8,ship,0.9990081,8,True
stl10/test/03079,3079,1,bird,ViT-B/16 + linear head,grayscale,1,bird,0.9998312,1,True
stl10/test/02070,2070,1,bird,ViT-B/16 + linear head,grayscale,1,bird,0.7883381,1,True
stl10/test/00319,319,5,dog,ViT-B/16 + linear head,grayscale,5,dog,0.97180015,5,True
stl10/test/02888,2888,0,airplane,ViT-B/16 + linear head,grayscale,0,airplane,0.9941064,0,True
stl10/test/06224,6224,5,dog,ViT-B/16 + linear head,grayscale,5,dog,0.9720168,5,True
stl10/test/03353,3353,5,dog,ViT-B/16 + linear head,grayscale,5,dog,0.57799566,5,True
stl10/test/06244,6244,2,car,ViT-B/16 + linear head,grayscale,2,car,0.9960524,2,True
stl10/test/04704,4704,7,monkey,ViT-B/16 + linear head,grayscale,7,monkey,0.9998795,7,True
stl10/test/02427,2427,5,dog,ViT-B/16 + linear head,grayscale,5,dog,0.9939924,5,True
stl10/test/07995,7995,9,truck,ViT-B/16 + linear head,grayscale,2,car,0.91333926,9,False
stl10/test/01124,1124,4,deer,ViT-B/16 + linear head,grayscale,4,deer,0.9980269,4,True
stl10/test/06733,6733,1,bird,ViT-B/16 + linear head,grayscale,1,bird,0.99819607,1,True
stl10/test/02062,2062,9,truck,ViT-B/16 + linear head,grayscale,9,truck,0.998007,9,True
stl10/test/00805,805,9,truck,ViT-B/16 + linear head,grayscale,9,truck,0.999495,9,True
stl10/test/02028,2028,3,cat,ViT-B/16 + linear head,grayscale,3,cat,0.99675316,3,True
stl10/test/02392,2392,2,car,ViT-B/16 + linear head,grayscale,2,car,0.9994832,2,True
stl10/test/03292,3292,6,horse,ViT-B/16 + linear head,grayscale,6,horse,0.7405673,6,True
stl10/test/01440,1440,7,monkey,ViT-B/16 + linear head,grayscale,7,monkey,0.99985147,7,True
stl10/test/01115,1115,1,bird,ViT-B/16 + linear head,grayscale,1,bird,0.43345818,1,True
stl10/test/04242,4242,8,ship,ViT-B/16 + linear head,grayscale,8,ship,0.9919391,8,True
stl10/test/02230,2230,8,ship,ViT-B/16 + linear head,grayscale,8,ship,0.8471265,8,True
stl10/test/03163,3163,2,car,ViT-B/16 + linear head,grayscale,2,car,0.99993145,2,True
stl10/test/00545,545,6,horse,ViT-B/16 + linear head,grayscale,6,horse,0.8840575,6,True
stl10/test/03863,3863,5,dog,ViT-B/16 + linear head,grayscale,5,dog,0.9614026,5,True
stl10/test/04748,4748,7,monkey,ViT-B/16 + linear head,grayscale,7,monkey,0.9978023,7,True
stl10/test/02399,2399,4,deer,ViT-B/16 + linear head,grayscale,4,deer,0.97485965,4,True
stl10/test/04341,4341,6,horse,ViT-B/16 + linear head,grayscale,6,horse,0.97008646,6,True
stl10/test/03078,3078,4,deer,ViT-B/16 + linear head,grayscale,4,deer,0.9653188,4,True
stl10/test/03763,3763,4,deer,ViT-B/16 + linear head,grayscale,4,deer,0.9967996,4,True
stl10/test/02958,2958,6,horse,ViT-B/16 + linear head,grayscale,6,horse,0.9997547,6,True
stl10/test/06381,6381,6,horse,ViT-B/16 + linear head,grayscale,6,horse,0.99594927,6,True
stl10/test/01640,1640,8,ship,ViT-B/16 + linear head,grayscale,8,ship,0.99748635,8,True
stl10/test/01783,1783,8,ship,ViT-B/16 + linear head,grayscale,8,ship,0.99934036,8,True
stl10/test/03914,3914,3,cat,ViT-B/16 + linear head,grayscale,3,cat,0.9997074,3,True
stl10/test/01534,1534,6,horse,ViT-B/16 + linear head,grayscale,6,horse,0.9973858,6,True
stl10/test/00685,685,5,dog,ViT-B/16 + linear head,grayscale,5,dog,0.98778665,5,True
stl10/test/04617,4617,0,airplane,ViT-B/16 + linear head,grayscale,0,airplane,0.99914324,0,True
stl10/test/05508,5508,9,truck,ViT-B/16 + linear head,grayscale,9,truck,0.9970182,9,True
stl10/test/01022,1022,9,truck,ViT-B/16 + linear head,grayscale,2,car,0.5184317,9,False
stl10/test/01230,1230,1,bird,ViT-B/16 + linear head,grayscale,7,monkey,0.9017795,1,False
stl10/test/07475,7475,4,deer,ViT-B/16 + linear head,grayscale,4,deer,0.9293877,4,True
stl10/test/05756,5756,2,car,ViT-B/16 + linear head,grayscale,2,car,0.9986896,2,True
stl10/test/03122,3122,4,deer,ViT-B/16 + linear head,grayscale,4,deer,0.99484104,4,True
stl10/test/07202,7202,1,bird,ViT-B/16 + linear head,grayscale,1,bird,0.5899728,1,True
stl10/test/04723,4723,9,truck,ViT-B/16 + linear head,grayscale,9,truck,0.9923989,9,True
stl10/test/01552,1552,5,dog,ViT-B/16 + linear head,grayscale,5,dog,0.9973201,5,True
stl10/test/00603,603,9,truck,ViT-B/16 + linear head,grayscale,9,truck,0.99915504,9,True
stl10/test/02861,2861,3,cat,ViT-B/16 + linear head,grayscale,3,cat,0.9978796,3,True
stl10/test/06426,6426,2,car,ViT-B/16 + linear head,grayscale,2,car,0.99963844,2,True
stl10/test/07864,7864,4,deer,ViT-B/16 + linear head,grayscale,4,deer,0.9874765,4,True
stl10/test/05729,5729,6,horse,ViT-B/16 + linear head,grayscale,6,horse,0.9808775,6,True
stl10/test/07474,7474,5,dog,ViT-B/16 + linear head,grayscale,5,dog,0.99586934,5,True
stl10/test/04298,4298,1,bird,ViT-B/16 + linear head,grayscale,1,bird,0.9998529,1,True
stl10/test/01175,1175,0,airplane,ViT-B/16 + linear head,grayscale,0,airplane,0.99789196,0,True
stl10/test/03454,3454,2,car,ViT-B/16 + linear head,grayscale,2,car,0.9995616,2,True
stl10/test/02754,2754,3,cat,ViT-B/16 + linear head,grayscale,3,cat,0.9991574,3,True
stl10/test/00855,855,4,deer,ViT-B/16 + linear head,grayscale,4,deer,0.99431616,4,True
stl10/test/02854,2854,7,monkey,ViT-B/16 + linear head,grayscale,7,monkey,0.96932137,7,True
stl10/test/05092,5092,1,bird,ViT-B/16 + linear head,grayscale,1,bird,0.9969976,1,True
stl10/test/05590,5590,9,truck,ViT-B/16 + linear head,grayscale,9,truck,0.9963252,9,True
stl10/test/04463,4463,3,cat,ViT-B/16 + linear head,grayscale,3,cat,0.9998209,3,True
stl10/test/05318,5318,2,car,ViT-B/16 + linear head,grayscale,2,car,0.9627299,2,True
stl10/test/03515,3515,6,horse,ViT-B/16 + linear head,grayscale,6,horse,0.8269735,4,False
stl10/test/04642,4642,4,deer,ViT-B/16 + linear head,grayscale,4,deer,0.996612,4,True
stl10/test/00852,852,9,truck,ViT-B/16 + linear head,grayscale,9,truck,0.9994992,9,True
stl10/test/01247,1247,8,ship,ViT-B/16 + linear head,grayscale,8,ship,0.99685824,8,True
stl10/test/07084,7084,2,car,ViT-B/16 + linear head,grayscale,2,car,0.99984884,2,True
stl10/test/05301,5301,9,truck,ViT-B/16 + linear head,grayscale,9,truck,0.8747922,9,True
stl10/test/05082,5082,6,horse,ViT-B/16 + linear head,grayscale,6,horse,0.9988675,6,True
stl10/test/05077,5077,4,deer,ViT-B/16 + linear head,grayscale,4,deer,0.9818346,4,True
stl10/test/01563,1563,3,cat,ViT-B/16 + linear head,grayscale,3,cat,0.9662089,3,True
stl10/test/00029,29,7,monkey,ViT-B/16 + linear head,grayscale,7,monkey,0.99792874,7,True
stl10/test/03867,3867,7,monkey,ViT-B/16 + linear head,grayscale,7,monkey,0.9829113,7,True
stl10/test/04620,4620,6,horse,ViT-B/16 + linear head,grayscale,6,horse,0.8885756,6,True
stl10/test/04065,4065,2,car,ViT-B/16 + linear head,grayscale,2,car,0.9875365,2,True
stl10/test/01095,1095,5,dog,ViT-B/16 + linear head,grayscale,5,dog,0.97206163,5,True
stl10/test/04229,4229,3,cat,ViT-B/16 + linear head,grayscale,3,cat,0.9991191,3,True
stl10/test/03562,3562,3,cat,ViT-B/16 + linear head,grayscale,3,cat,0.9440604,3,True
stl10/test/02342,2342,8,ship,ViT-B/16 + linear head,grayscale,8,ship,0.9836744,8,True
stl10/test/01667,1667,6,horse,ViT-B/16 + linear head,grayscale,6,horse,0.9965192,6,True
stl10/test/07033,7033,1,bird,ViT-B/16 + linear head,grayscale,1,bird,0.99935764,1,True
stl10/test/01771,1771,7,monkey,ViT-B/16 + linear head,grayscale,5,dog,0.64793307,7,False
stl10/test/03157,3157,8,ship,ViT-B/16 + linear head,grayscale,8,ship,0.9623219,8,True
stl10/test/03851,3851,3,cat,ViT-B/16 + linear head,grayscale,3,cat,0.8752923,3,True
stl10/test/01287,1287,7,monkey,ViT-B/16 + linear head,grayscale,7,monkey,0.99835443,7,True
stl10/test/07320,7320,0,airplane,ViT-B/16 + linear head,grayscale,0,airplane,0.9948664,0,True
stl10/test/07600,7600,6,horse,ViT-B/16 + linear head,grayscale,6,horse,0.9997198,6,True
stl10/test/03852,3852,5,dog,ViT-B/16 + linear head,grayscale,5,dog,0.9010107,5,True
stl10/test/00269,269,7,monkey,ViT-B/16 + linear head,grayscale,7,monkey,0.986013,7,True
stl10/test/01703,1703,7,monkey,ViT-B/16 + linear head,grayscale,7,monkey,0.988116,7,True
stl10/test/07776,7776,5,dog,ViT-B/16 + linear head,grayscale,5,dog,0.99382824,5,True
stl10/test/03891,3891,4,deer,ViT-B/16 + linear head,grayscale,4,deer,0.95100254,4,True
stl10/test/07009,7009,0,airplane,ViT-B/16 + linear head,grayscale,0,airplane,0.998609,0,True
stl10/test/04893,4893,0,airplane,ViT-B/16 + linear head,grayscale,0,airplane,0.99801,0,True
stl10/test/02351,2351,9,truck,ViT-B/16 + linear head,grayscale,9,truck,0.99634606,9,True
stl10/test/03550,3550,1,bird,ViT-B/16 + linear head,grayscale,1,bird,0.993298,1,True
stl10/test/05719,5719,7,monkey,ViT-B/16 + linear head,grayscale,7,monkey,0.99116194,7,True
stl10/test/01884,1884,7,monkey,ViT-B/16 + linear head,grayscale,7,monkey,0.99573356,7,True
stl10/test/02898,2898,4,deer,ViT-B/16 + linear head,grayscale,4,deer,0.99882776,4,True
stl10/test/04640,4640,1,bird,ViT-B/16 + linear head,grayscale,7,monkey,0.90110713,1,False
stl10/test/07610,7610,4,deer,ViT-B/16 + linear head,grayscale,4,deer,0.9980945,4,True
stl10/test/01833,1833,8,ship,ViT-B/16 + linear head,grayscale,8,ship,0.99387664,8,True
stl10/test/06455,6455,0,airplane,ViT-B/16 + linear head,grayscale,0,airplane,0.99776506,0,True
stl10/test/03893,3893,9,truck,ViT-B/16 + linear head,grayscale,9,truck,0.99864215,9,True
stl10/test/04731,4731,6,horse,ViT-B/16 + linear head,grayscale,6,horse,0.9979236,6,True
stl10/test/00929,929,6,horse,ViT-B/16 + linear head,grayscale,6,horse,0.892398,6,True
stl10/test/03962,3962,6,horse,ViT-B/16 + linear head,grayscale,6,horse,0.99969804,6,True
stl10/test/03778,3778,3,cat,ViT-B/16 + linear head,grayscale,3,cat,0.662268,3,True
stl10/test/01429,1429,4,deer,ViT-B/16 + linear head,grayscale,4,deer,0.9985631,4,True
stl10/test/00049,49,2,car,ViT-B/16 + linear head,grayscale,2,car,0.9996989,2,True
stl10/test/00276,276,9,truck,ViT-B/16 + linear head,grayscale,9,truck,0.9891367,9,True
stl10/test/06076,6076,1,bird,ViT-B/16 + linear head,grayscale,1,bird,0.9997526,1,True
stl10/test/01389,1389,0,airplane,ViT-B/16 + linear head,grayscale,0,airplane,0.9982343,0,True
stl10/test/03362,3362,2,car,ViT-B/16 + linear head,grayscale,2,car,0.9995802,2,True
stl10/test/00317,317,2,car,ViT-B/16 + linear head,grayscale,2,car,0.9988525,2,True
stl10/test/04675,4675,0,airplane,ViT-B/16 + linear head,grayscale,0,airplane,0.99577206,0,True
stl10/test/05924,5924,5,dog,ViT-B/16 + linear head,grayscale,5,dog,0.9978551,5,True
stl10/test/00198,198,1,bird,ViT-B/16 + linear head,grayscale,1,bird,0.9919492,1,True
stl10/test/07779,7779,6,horse,ViT-B/16 + linear head,grayscale,6,horse,0.99820185,6,True
stl10/test/04054,4054,4,deer,ViT-B/16 + linear head,grayscale,4,deer,0.9796077,4,True
stl10/test/05556,5556,4,deer,ViT-B/16 + linear head,grayscale,4,deer,0.944967,4,True
stl10/test/02687,2687,1,bird,ViT-B/16 + linear head,grayscale,1,bird,0.99993193,1,True
stl10/test/01202,1202,2,car,ViT-B/16 + linear head,grayscale,2,car,0.9973411,2,True
stl10/test/00097,97,5,dog,ViT-B/16 + linear head,grayscale,5,dog,0.97533405,5,True
stl10/test/06033,6033,4,deer,ViT-B/16 + linear head,grayscale,4,deer,0.9902316,4,True
stl10/test/01711,1711,7,monkey,ViT-B/16 + linear head,grayscale,7,monkey,0.9987336,7,True
stl10/test/01430,1430,9,truck,ViT-B/16 + linear head,grayscale,9,truck,0.99325633,9,True
stl10/test/00739,739,8,ship,ViT-B/16 + linear head,grayscale,8,ship,0.9999399,8,True
stl10/test/03491,3491,1,bird,ViT-B/16 + linear head,grayscale,1,bird,0.997512,1,True
stl10/test/01568,1568,1,bird,ViT-B/16 + linear head,grayscale,1,bird,0.9886171,1,True
stl10/test/01211,1211,4,deer,ViT-B/16 + linear head,grayscale,4,deer,0.9918793,4,True
stl10/test/04913,4913,2,car,ViT-B/16 + linear head,grayscale,2,car,0.9991906,2,True
stl10/test/02502,2502,2,car,ViT-B/16 + linear head,grayscale,2,car,0.997889,2,True
stl10/test/02539,2539,3,cat,ViT-B/16 + linear head,grayscale,3,cat,0.9922941,3,True
stl10/test/00979,979,3,cat,ViT-B/16 + linear head,grayscale,3,cat,0.9952425,3,True
stl10/test/06354,6354,2,car,ViT-B/16 + linear head,grayscale,2,car,0.938643,2,True
stl10/test/04735,4735,2,car,ViT-B/16 + linear head,grayscale,2,car,0.9989248,2,True
stl10/test/05912,5912,0,airplane,ViT-B/16 + linear head,grayscale,0,airplane,0.99974746,0,True
stl10/test/03844,3844,6,horse,ViT-B/16 + linear head,grayscale,6,horse,0.99811953,6,True
stl10/test/01263,1263,3,cat,ViT-B/16 + linear head,grayscale,3,cat,0.99945706,3,True
stl10/test/03404,3404,7,monkey,ViT-B/16 + linear head,grayscale,7,monkey,0.99870265,7,True
stl10/test/03905,3905,8,ship,ViT-B/16 + linear head,grayscale,8,ship,0.99916375,8,True
stl10/test/01596,1596,0,airplane,ViT-B/16 + linear head,grayscale,0,airplane,0.99944586,0,True
stl10/test/03083,3083,0,airplane,ViT-B/16 + linear head,grayscale,0,airplane,0.99828064,0,True
stl10/test/02003,2003,6,horse,ViT-B/16 + linear head,grayscale,6,horse,0.9949126,6,True
stl10/test/05030,5030,2,car,ViT-B/16 + linear head,grayscale,2,car,0.99970263,2,True
stl10/test/00095,95,1,bird,ViT-B/16 + linear head,grayscale,1,bird,0.99884653,1,True
stl10/test/02757,2757,4,deer,ViT-B/16 + linear head,grayscale,4,deer,0.99111056,4,True
stl10/test/03413,3413,1,bird,ViT-B/16 + linear head,grayscale,1,bird,0.9997569,1,True
stl10/test/05488,5488,1,bird,ViT-B/16 + linear head,grayscale,7,monkey,0.87249976,1,False
stl10/test/04827,4827,6,horse,ViT-B/16 + linear head,grayscale,6,horse,0.99744844,6,True
stl10/test/01877,1877,5,dog,ViT-B/16 + linear head,grayscale,4,deer,0.9267424,5,False
stl10/test/02157,2157,1,bird,ViT-B/16 + linear head,grayscale,1,bird,0.9958364,1,True
stl10/test/04821,4821,3,cat,ViT-B/16 + linear head,grayscale,3,cat,0.99634176,3,True
stl10/test/04953,4953,5,dog,ViT-B/16 + linear head,grayscale,5,dog,0.8532092,5,True
stl10/test/05525,5525,8,ship,ViT-B/16 + linear head,grayscale,8,ship,0.99880695,8,True
stl10/test/05381,5381,5,dog,ViT-B/16 + linear head,grayscale,5,dog,0.99733895,5,True
stl10/test/00672,672,3,cat,ViT-B/16 + linear head,grayscale,3,cat,0.9999454,3,True
stl10/test/00323,323,7,monkey,ViT-B/16 + linear head,grayscale,7,monkey,0.99973613,7,True
stl10/test/05436,5436,7,monkey,ViT-B/16 + linear head,grayscale,7,monkey,0.9972006,7,True
stl10/test/05450,5450,7,monkey,ViT-B/16 + linear head,grayscale,7,monkey,0.9988721,7,True
stl10/test/06358,6358,5,dog,ViT-B/16 + linear head,grayscale,5,dog,0.98957133,5,True
stl10/test/00372,372,3,cat,ViT-B/16 + linear head,grayscale,3,cat,0.9574944,3,True
stl10/test/00378,378,5,dog,ViT-B/16 + linear head,grayscale,5,dog,0.98458487,5,True
stl10/test/07706,7706,5,dog,ViT-B/16 + linear head,grayscale,5,dog,0.81465155,5,True
stl10/test/02178,2178,1,bird,ViT-B/16 + linear head,grayscale,1,bird,0.9866976,1,True
stl10/test/05237,5237,2,car,ViT-B/16 + linear head,grayscale,2,car,0.9954751,2,True
stl10/test/05478,5478,0,airplane,ViT-B/16 + linear head,grayscale,0,airplane,0.88863754,0,True
stl10/test/05452,5452,9,truck,ViT-B/16 + linear head,grayscale,9,truck,0.9982698,9,True
stl10/test/05623,5623,4,deer,ViT-B/16 + linear head,grayscale,4,deer,0.9985361,4,True
stl10/test/06772,6772,7,monkey,ViT-B/16 + linear head,grayscale,7,monkey,0.8016951,7,True
stl10/test/01111,1111,4,deer,ViT-B/16 + linear head,grayscale,4,deer,0.9561304,4,True
stl10/test/05528,5528,3,cat,ViT-B/16 + linear head,grayscale,3,cat,0.98423994,3,True
stl10/test/03777,3777,6,horse,ViT-B/16 + linear head,grayscale,6,horse,0.9722859,6,True
stl10/test/02458,2458,5,dog,ViT-B/16 + linear head,grayscale,5,dog,0.9992698,5,True
stl10/test/04921,4921,2,car,ViT-B/16 + linear head,grayscale,2,car,0.99987125,2,True
stl10/test/03015,3015,8,ship,ViT-B/16 + linear head,grayscale,8,ship,0.9999032,8,True
stl10/test/07476,7476,8,ship,ViT-B/16 + linear head,grayscale,8,ship,0.85231495,0,False
stl10/test/01520,1520,2,car,ViT-B/16 + linear head,grayscale,2,car,0.9941532,2,True
stl10/test/06713,6713,6,horse,ViT-B/16 + linear head,grayscale,6,horse,0.98631084,6,True
stl10/test/01852,1852,1,bird,ViT-B/16 + linear head,grayscale,1,bird,0.998914,1,True
stl10/test/02268,2268,5,dog,ViT-B/16 + linear head,grayscale,5,dog,0.9740253,5,True
stl10/test/00151,151,8,ship,ViT-B/16 + linear head,grayscale,8,ship,0.9997688,8,True
stl10/test/00890,890,6,horse,ViT-B/16 + linear head,grayscale,6,horse,0.93250406,6,True
stl10/test/00825,825,1,bird,ViT-B/16 + linear head,grayscale,1,bird,0.9955728,1,True
stl10/test/02536,2536,3,cat,ViT-B/16 + linear head,grayscale,3,cat,0.9999324,3,True
stl10/test/00470,470,2,car,ViT-B/16 + linear head,grayscale,2,car,0.9996965,2,True
stl10/test/05256,5256,1,bird,ViT-B/16 + linear head,grayscale,1,bird,0.9987406,1,True
stl10/test/02011,2011,9,truck,ViT-B/16 + linear head,grayscale,9,truck,0.970226,9,True
stl10/test/07150,7150,0,airplane,ViT-B/16 + linear head,grayscale,0,airplane,0.9970886,0,True
stl10/test/00449,449,6,horse,ViT-B/16 + linear head,grayscale,6,horse,0.99905497,6,True
stl10/test/02704,2704,4,deer,ViT-B/16 + linear head,grayscale,4,deer,0.985879,4,True
stl10/test/03437,3437,0,airplane,ViT-B/16 + linear head,grayscale,0,airplane,0.9695173,0,True
stl10/test/03375,3375,3,cat,ViT-B/16 + linear head,grayscale,3,cat,0.9266535,3,True
stl10/test/04552,4552,8,ship,ViT-B/16 + linear head,grayscale,9,truck,0.9697327,8,False
stl10/test/00920,920,6,horse,ViT-B/16 + linear head,grayscale,6,horse,0.99287957,6,True
stl10/test/02242,2242,0,airplane,ViT-B/16 + linear head,grayscale,0,airplane,0.9979467,0,True
stl10/test/02745,2745,8,ship,ViT-B/16 + linear head,grayscale,8,ship,0.99997497,8,True
stl10/test/01032,1032,7,monkey,ViT-B/16 + linear head,grayscale,7,monkey,0.9937929,7,True
stl10/test/00365,365,3,cat,ViT-B/16 + linear head,grayscale,3,cat,0.9971149,3,True
stl10/test/04850,4850,5,dog,ViT-B/16 + linear head,grayscale,5,dog,0.9981102,5,True
stl10/test/04819,4819,0,airplane,ViT-B/16 + linear head,grayscale,0,airplane,0.9996381,0,True
stl10/test/07338,7338,6,horse,ViT-B/16 + linear head,grayscale,6,horse,0.9907217,6,True
stl10/test/07372,7372,0,airplane,ViT-B/16 + linear head,grayscale,0,airplane,0.990931,0,True
stl10/test/01090,1090,1,bird,ViT-B/16 + linear head,grayscale,1,bird,0.99231684,1,True
stl10/test/05062,5062,4,deer,ViT-B/16 + linear head,grayscale,4,deer,0.9612268,4,True
stl10/test/00981,981,2,car,ViT-B/16 + linear head,grayscale,2,car,0.99929476,2,True
stl10/test/05857,5857,6,horse,ViT-B/16 + linear head,grayscale,6,horse,0.5755941,4,False
stl10/test/01986,1986,1,bird,ViT-B/16 + linear head,grayscale,1,bird,0.99520653,1,True
stl10/test/05560,5560,1,bird,ViT-B/16 + linear head,grayscale,1,bird,0.97738826,1,True
stl10/test/01814,1814,2,car,ViT-B/16 + linear head,grayscale,2,car,0.9972805,2,True
stl10/test/00194,194,8,ship,ViT-B/16 + linear head,grayscale,8,ship,0.99996376,8,True
stl10/test/01993,1993,1,bird,ViT-B/16 + linear head,grayscale,1,bird,0.99372995,1,True
stl10/test/05333,5333,2,car,ViT-B/16 + linear head,grayscale,2,car,0.99826556,2,True
stl10/test/04311,4311,8,ship,ViT-B/16 + linear head,grayscale,8,ship,0.99959487,8,True
stl10/test/07425,7425,2,car,ViT-B/16 + linear head,grayscale,2,car,0.9998776,2,True
stl10/test/03889,3889,5,dog,ViT-B/16 + linear head,grayscale,5,dog,0.5083881,5,True
stl10/test/04308,4308,7,monkey,ViT-B/16 + linear head,grayscale,7,monkey,0.9971486,7,True
stl10/test/01960,1960,4,deer,ViT-B/16 + linear head,grayscale,4,deer,0.9815236,5,False
stl10/test/04399,4399,0,airplane,ViT-B/16 + linear head,grayscale,0,airplane,0.9926593,0,True
stl10/test/03191,3191,6,horse,ViT-B/16 + linear head,grayscale,6,horse,0.97072303,6,True
stl10/test/01626,1626,5,dog,ViT-B/16 + linear head,grayscale,5,dog,0.94894624,5,True
stl10/test/00176,176,3,cat,ViT-B/16 + linear head,grayscale,3,cat,0.9977192,3,True
stl10/test/07726,7726,6,horse,ViT-B/16 + linear head,grayscale,6,horse,0.8899993,6,True
stl10/test/02334,2334,5,dog,ViT-B/16 + linear head,grayscale,5,dog,0.99840087,5,True
stl10/test/01648,1648,0,airplane,ViT-B/16 + linear head,grayscale,0,airplane,0.9929549,0,True
stl10/test/06084,6084,7,monkey,ViT-B/16 + linear head,grayscale,7,monkey,0.9981268,7,True
stl10/test/03455,3455,0,airplane,ViT-B/16 + linear head,grayscale,0,airplane,0.99840814,0,True
stl10/test/01468,1468,9,truck,ViT-B/16 + linear head,grayscale,9,truck,0.99226826,9,True
stl10/test/01296,1296,7,monkey,ViT-B/16 + linear head,grayscale,7,monkey,0.99894315,7,True
stl10/test/05213,5213,4,deer,ViT-B/16 + linear head,grayscale,4,deer,0.98617446,4,True
stl10/test/07047,7047,9,truck,ViT-B/16 + linear head,grayscale,9,truck,0.99785894,9,True
stl10/test/05360,5360,9,truck,ViT-B/16 + linear head,grayscale,9,truck,0.99957806,9,True
stl10/test/05824,5824,2,car,ViT-B/16 + linear head,grayscale,2,car,0.78494525,2,True
stl10/test/07460,7460,8,ship,ViT-B/16 + linear head,grayscale,8,ship,0.90649015,8,True
stl10/test/04791,4791,7,monkey,ViT-B/16 + linear head,grayscale,7,monkey,0.9960448,7,True
stl10/test/06692,6692,2,car,ViT-B/16 + linear head,grayscale,2,car,0.999445,2,True
stl10/test/06931,6931,9,truck,ViT-B/16 + linear head,grayscale,9,truck,0.80062604,9,True
stl10/test/00667,667,8,ship,ViT-B/16 + linear head,grayscale,8,ship,0.99984217,8,True
stl10/test/07781,7781,6,horse,ViT-B/16 + linear head,grayscale,6,horse,0.99884605,6,True
stl10/test/07793,7793,3,cat,ViT-B/16 + linear head,grayscale,3,cat,0.52058446,3,True
stl10/test/01411,1411,9,truck,ViT-B/16 + linear head,grayscale,9,truck,0.991409,9,True
stl10/test/01473,1473,7,monkey,ViT-B/16 + linear head,grayscale,7,monkey,0.9909422,7,True
stl10/test/07130,7130,5,dog,ViT-B/16 + linear head,grayscale,5,dog,0.96978956,5,True
stl10/test/01956,1956,7,monkey,ViT-B/16 + linear head,grayscale,7,monkey,0.8653403,7,True
stl10/test/06716,6716,5,dog,ViT-B/16 + linear head,grayscale,4,deer,0.17680937,6,False
stl10/test/04106,4106,5,dog,ViT-B/16 + linear head,grayscale,5,dog,0.95455897,5,True
stl10/test/03494,3494,6,horse,ViT-B/16 + linear head,grayscale,6,horse,0.99977106,6,True
stl10/test/00691,691,4,deer,ViT-B/16 + linear head,grayscale,4,deer,0.99959844,4,True
stl10/test/05220,5220,1,bird,ViT-B/16 + linear head,grayscale,3,cat,0.23001474,1,False
stl10/test/04908,4908,3,cat,ViT-B/16 + linear head,grayscale,3,cat,0.99706715,3,True
stl10/test/07029,7029,1,bird,ViT-B/16 + linear head,grayscale,1,bird,0.99987876,1,True
stl10/test/04130,4130,0,airplane,ViT-B/16 + linear head,grayscale,0,airplane,0.99781525,0,True
stl10/test/07938,7938,9,truck,ViT-B/16 + linear head,grayscale,9,truck,0.99641716,9,True
stl10/test/05101,5101,5,dog,ViT-B/16 + linear head,grayscale,5,dog,0.79903233,2,False
stl10/test/01515,1515,9,truck,ViT-B/16 + linear head,grayscale,9,truck,0.999678,9,True
stl10/test/03287,3287,4,deer,ViT-B/16 + linear head,grayscale,4,deer,0.99753904,4,True
stl10/test/00716,716,8,ship,ViT-B/16 + linear head,grayscale,8,ship,0.9870372,8,True
stl10/test/04236,4236,7,monkey,ViT-B/16 + linear head,grayscale,7,monkey,0.9999664,7,True
stl10/test/05408,5408,6,horse,ViT-B/16 + linear head,grayscale,6,horse,0.98946965,6,True
stl10/test/05496,5496,5,dog,ViT-B/16 + linear head,grayscale,5,dog,0.95826834,5,True
stl10/test/03365,3365,4,deer,ViT-B/16 + linear head,grayscale,4,deer,0.99000996,4,True
stl10/test/04323,4323,3,cat,ViT-B/16 + linear head,grayscale,3,cat,0.9876853,3,True
stl10/test/05467,5467,4,deer,ViT-B/16 + linear head,grayscale,4,deer,0.9064824,4,True
stl10/test/01644,1644,5,dog,ViT-B/16 + linear head,grayscale,5,dog,0.9966433,5,True
stl10/test/03948,3948,8,ship,ViT-B/16 + linear head,grayscale,8,ship,0.99593663,8,True
stl10/test/06726,6726,7,monkey,ViT-B/16 + linear head,grayscale,7,monkey,0.99617445,7,True
stl10/test/05395,5395,2,car,ViT-B/16 + linear head,grayscale,2,car,0.99964595,2,True
stl10/test/01579,1579,7,monkey,ViT-B/16 + linear head,grayscale,7,monkey,0.999843,7,True
stl10/test/05918,5918,0,airplane,ViT-B/16 + linear head,grayscale,0,airplane,0.9996803,0,True
stl10/test/07041,7041,5,dog,ViT-B/16 + linear head,grayscale,5,dog,0.97905535,5,True
stl10/test/00506,506,4,deer,ViT-B/16 + linear head,grayscale,4,deer,0.99772817,4,True
stl10/test/04011,4011,6,horse,ViT-B/16 + linear head,grayscale,6,horse,0.99985576,6,True
stl10/test/05981,5981,9,truck,ViT-B/16 + linear head,grayscale,9,truck,0.9859387,9,True
stl10/test/00409,409,2,car,ViT-B/16 + linear head,grayscale,2,car,0.99980503,2,True
stl10/test/06954,6954,1,bird,ViT-B/16 + linear head,grayscale,1,bird,0.5833795,1,True
stl10/test/07555,7555,6,horse,ViT-B/16 + linear head,grayscale,6,horse,0.98290116,6,True
stl10/test/03965,3965,0,airplane,ViT-B/16 + linear head,grayscale,0,airplane,0.9938828,0,True
stl10/test/07266,7266,9,truck,ViT-B/16 + linear head,grayscale,9,truck,0.9436598,9,True
stl10/test/04785,4785,0,airplane,ViT-B/16 + linear head,grayscale,0,airplane,0.97879,0,True
stl10/test/06028,6028,2,car,ViT-B/16 + linear head,grayscale,2,car,0.9992724,2,True
stl10/test/06503,6503,2,car,ViT-B/16 + linear head,grayscale,2,car,0.99093413,2,True
stl10/test/06414,6414,5,dog,ViT-B/16 + linear head,grayscale,5,dog,0.9149785,5,True
stl10/test/05382,5382,6,horse,ViT-B/16 + linear head,grayscale,6,horse,0.9946786,6,True
stl10/test/06836,6836,1,bird,ViT-B/16 + linear head,grayscale,1,bird,0.997715,1,True
stl10/test/06508,6508,4,deer,ViT-B/16 + linear head,grayscale,4,deer,0.9958252,4,True
stl10/test/03994,3994,4,deer,ViT-B/16 + linear head,grayscale,4,deer,0.9961094,4,True
stl10/test/03942,3942,9,truck,ViT-B/16 + linear head,grayscale,9,truck,0.9992804,9,True
stl10/test/03542,3542,7,monkey,ViT-B/16 + linear head,grayscale,7,monkey,0.9996171,7,True
stl10/test/06952,6952,3,cat,ViT-B/16 + linear head,grayscale,3,cat,0.99903774,3,True
stl10/test/04290,4290,5,dog,ViT-B/16 + linear head,grayscale,4,deer,0.95159674,1,False
stl10/test/07446,7446,8,ship,ViT-B/16 + linear head,grayscale,8,ship,0.99710137,8,True
stl10/test/06169,6169,1,bird,ViT-B/16 + linear head,grayscale,0,airplane,0.5761986,1,False
stl10/test/01109,1109,1,bird,ViT-B/16 + linear head,grayscale,1,bird,0.8028651,1,True
stl10/test/03179,3179,4,deer,ViT-B/16 + linear head,grayscale,4,deer,0.99650204,4,True
stl10/test/07835,7835,7,monkey,ViT-B/16 + linear head,grayscale,7,monkey,0.98747057,7,True
stl10/test/07390,7390,1,bird,ViT-B/16 + linear head,grayscale,1,bird,0.9689387,1,True
stl10/test/00568,568,5,dog,ViT-B/16 + linear head,grayscale,5,dog,0.99024606,5,True
stl10/test/04629,4629,4,deer,ViT-B/16 + linear head,grayscale,4,deer,0.97008777,4,True
stl10/test/07138,7138,8,ship,ViT-B/16 + linear head,grayscale,8,ship,0.9903706,8,True
stl10/test/05284,5284,9,truck,ViT-B/16 + linear head,grayscale,9,truck,0.996431,9,True
stl10/test/00003,3,0,airplane,ViT-B/16 + linear head,grayscale,0,airplane,0.9780647,0,True
stl10/test/02690,2690,1,bird,ViT-B/16 + linear head,grayscale,1,bird,0.9956232,1,True
stl10/test/05858,5858,6,horse,ViT-B/16 + linear head,grayscale,6,horse,0.93920076,6,True
stl10/test/01266,1266,4,deer,ViT-B/16 + linear head,grayscale,4,deer,0.9976052,4,True
stl10/test/03034,3034,4,deer,ViT-B/16 + linear head,grayscale,4,deer,0.99917966,4,True
stl10/test/02655,2655,9,truck,ViT-B/16 + linear head,grayscale,9,truck,0.9952683,9,True
stl10/test/06190,6190,7,monkey,ViT-B/16 + linear head,grayscale,7,monkey,0.9993224,7,True
stl10/test/04170,4170,8,ship,ViT-B/16 + linear head,grayscale,8,ship,0.99625874,8,True
stl10/test/07380,7380,9,truck,ViT-B/16 + linear head,grayscale,9,truck,0.9961022,9,True
stl10/test/07752,7752,9,truck,ViT-B/16 + linear head,grayscale,9,truck,0.9983211,9,True
stl10/test/03996,3996,9,truck,ViT-B/16 + linear head,grayscale,9,truck,0.8657825,9,True
stl10/test/01204,1204,3,cat,ViT-B/16 + linear head,grayscale,3,cat,0.9996044,3,True
stl10/test/01654,1654,9,truck,ViT-B/16 + linear head,grayscale,9,truck,0.9994679,9,True
stl10/test/04746,4746,6,horse,ViT-B/16 + linear head,grayscale,6,horse,0.9997745,6,True
stl10/test/04590,4590,3,cat,ViT-B/16 + linear head,grayscale,3,cat,0.99897766,3,True
stl10/test/00562,562,0,airplane,ViT-B/16 + linear head,grayscale,0,airplane,0.99879116,0,True
stl10/test/07108,7108,6,horse,ViT-B/16 + linear head,grayscale,6,horse,0.9863382,6,True
stl10/test/05999,5999,0,airplane,ViT-B/16 + linear head,grayscale,0,airplane,0.9993782,0,True
stl10/test/01403,1403,2,car,ViT-B/16 + linear head,grayscale,2,car,0.9995529,2,True
stl10/test/04403,4403,7,monkey,ViT-B/16 + linear head,grayscale,7,monkey,0.99981695,7,True
stl10/test/06332,6332,2,car,ViT-B/16 + linear head,grayscale,2,car,0.99906105,2,True
stl10/test/06264,6264,2,car,ViT-B/16 + linear head,grayscale,2,car,0.99989414,2,True
stl10/test/00303,303,9,truck,ViT-B/16 + linear head,grayscale,9,truck,0.99541473,9,True
stl10/test/00791,791,3,cat,ViT-B/16 + linear head,grayscale,3,cat,0.99898785,3,True
stl10/test/03067,3067,2,car,ViT-B/16 + linear head,grayscale,2,car,0.9998093,2,True
stl10/test/00484,484,0,airplane,ViT-B/16 + linear head,grayscale,0,airplane,0.99790573,0,True
stl10/test/01370,1370,3,cat,ViT-B/16 + linear head,grayscale,3,cat,0.9998111,3,True
stl10/test/04069,4069,8,ship,ViT-B/16 + linear head,grayscale,8,ship,0.93198997,8,True
stl10/test/07373,7373,0,airplane,ViT-B/16 + linear head,grayscale,0,airplane,0.99506456,0,True
stl10/test/04330,4330,3,cat,ViT-B/16 + linear head,grayscale,3,cat,0.9888065,3,True
stl10/test/05701,5701,5,dog,ViT-B/16 + linear head,grayscale,5,dog,0.96306264,5,True
stl10/test/07465,7465,0,airplane,ViT-B/16 + linear head,grayscale,0,airplane,0.998312,0,True
stl10/test/01531,1531,3,cat,ViT-B/16 + linear head,grayscale,3,cat,0.9795242,3,True
stl10/test/04676,4676,8,ship,ViT-B/16 + linear head,grayscale,8,ship,0.9999343,8,True
stl10/test/04531,4531,3,cat,ViT-B/16 + linear head,grayscale,3,cat,0.9936558,3,True
stl10/test/00706,706,8,ship,ViT-B/16 + linear head,grayscale,8,ship,0.9996551,8,True
stl10/test/02844,2844,8,ship,ViT-B/16 + linear head,grayscale,8,ship,0.9994,8,True
stl10/test/03755,3755,2,car,ViT-B/16 + linear head,grayscale,2,car,0.99984944,2,True
stl10/test/05848,5848,7,monkey,ViT-B/16 + linear head,grayscale,7,monkey,0.9993437,7,True
stl10/test/02114,2114,9,truck,ViT-B/16 + linear head,grayscale,9,truck,0.9775873,9,True
stl10/test/03876,3876,0,airplane,ViT-B/16 + linear head,grayscale,0,airplane,0.9994204,0,True
stl10/test/00677,677,3,cat,ViT-B/16 + linear head,grayscale,3,cat,0.9948297,3,True
stl10/test/02116,2116,1,bird,ViT-B/16 + linear head,grayscale,3,cat,0.9809941,3,True
stl10/test/04661,4661,7,monkey,ViT-B/16 + linear head,grayscale,7,monkey,0.9560128,7,True
stl10/test/02676,2676,6,horse,ViT-B/16 + linear head,grayscale,2,car,0.34074318,6,False
stl10/test/03025,3025,0,airplane,ViT-B/16 + linear head,grayscale,0,airplane,0.99769896,0,True
stl10/test/04449,4449,9,truck,ViT-B/16 + linear head,grayscale,9,truck,0.92253745,9,True
stl10/test/00977,977,6,horse,ViT-B/16 + linear head,grayscale,6,horse,0.99492943,6,True
stl10/test/04990,4990,8,ship,ViT-B/16 + linear head,grayscale,8,ship,0.98511446,8,True
stl10/test/07309,7309,0,airplane,ViT-B/16 + linear head,grayscale,0,airplane,0.99738485,0,True
stl10/test/01048,1048,7,monkey,ViT-B/16 + linear head,grayscale,7,monkey,0.99032,7,True
stl10/test/03276,3276,3,cat,ViT-B/16 + linear head,grayscale,3,cat,0.821087,3,True
stl10/test/05512,5512,2,car,ViT-B/16 + linear head,grayscale,9,truck,0.71105254,9,True
stl10/test/07692,7692,4,deer,ViT-B/16 + linear head,grayscale,4,deer,0.9920368,4,True
stl10/test/01436,1436,1,bird,ViT-B/16 + linear head,grayscale,1,bird,0.99989796,1,True
stl10/test/07544,7544,9,truck,ViT-B/16 + linear head,grayscale,9,truck,0.9792612,9,True
stl10/test/03383,3383,3,cat,ViT-B/16 + linear head,grayscale,3,cat,0.998787,3,True
stl10/test/01977,1977,0,airplane,ViT-B/16 + linear head,grayscale,0,airplane,0.99372345,0,True
stl10/test/02750,2750,0,airplane,ViT-B/16 + linear head,grayscale,0,airplane,0.6486283,0,True
stl10/test/07996,7996,6,horse,ViT-B/16 + linear head,grayscale,6,horse,0.99940586,6,True
stl10/test/06989,6989,5,dog,ViT-B/16 + linear head,grayscale,5,dog,0.990577,5,True
stl10/test/01431,1431,3,cat,ViT-B/16 + linear head,grayscale,3,cat,0.8635042,3,True
stl10/test/07416,7416,3,cat,ViT-B/16 + linear head,grayscale,5,dog,0.67807424,3,False
stl10/test/04547,4547,5,dog,ViT-B/16 + linear head,grayscale,5,dog,0.84811395,5,True
stl10/test/00042,42,0,airplane,ViT-B/16 + linear head,grayscale,0,airplane,0.99876094,0,True
stl10/test/05117,5117,0,airplane,ViT-B/16 + linear head,grayscale,0,airplane,0.9991003,0,True
stl10/test/04411,4411,6,horse,ViT-B/16 + linear head,grayscale,6,horse,0.9976331,6,True
stl10/test/05789,5789,4,deer,ViT-B/16 + linear head,grayscale,4,deer,0.99409276,4,True
stl10/test/00483,483,2,car,ViT-B/16 + linear head,grayscale,2,car,0.9551534,2,True
stl10/test/06650,6650,7,monkey,ViT-B/16 + linear head,grayscale,7,monkey,0.9601276,7,True
stl10/test/04881,4881,3,cat,ViT-B/16 + linear head,grayscale,3,cat,0.8287011,3,True
stl10/test/00391,391,3,cat,ViT-B/16 + linear head,grayscale,3,cat,0.99988854,3,True
stl10/test/00370,370,7,monkey,ViT-B/16 + linear head,grayscale,7,monkey,0.9998373,7,True
stl10/test/00419,419,9,truck,ViT-B/16 + linear head,grayscale,9,truck,0.9915047,9,True
stl10/test/03318,3318,9,truck,ViT-B/16 + linear head,grayscale,9,truck,0.9915029,9,True
stl10/test/04355,4355,8,ship,ViT-B/16 + linear head,grayscale,8,ship,0.68353426,0,False
stl10/test/05402,5402,4,deer,ViT-B/16 + linear head,grayscale,4,deer,0.9710097,4,True
stl10/test/05332,5332,5,dog,ViT-B/16 + linear head,grayscale,5,dog,0.928595,5,True
stl10/test/00239,239,9,truck,ViT-B/16 + linear head,grayscale,9,truck,0.9998652,9,True
stl10/test/06271,6271,2,car,ViT-B/16 + linear head,grayscale,2,car,0.9970381,2,True
stl10/test/01129,1129,8,ship,ViT-B/16 + linear head,grayscale,8,ship,0.9871509,8,True
stl10/test/02391,2391,5,dog,ViT-B/16 + linear head,grayscale,4,deer,0.5119695,5,False
stl10/test/00191,191,9,truck,ViT-B/16 + linear head,grayscale,9,truck,0.980005,9,True
stl10/test/05447,5447,9,truck,ViT-B/16 + linear head,grayscale,9,truck,0.9995377,9,True
stl10/test/06528,6528,4,deer,ViT-B/16 + linear head,grayscale,4,deer,0.99815637,4,True
stl10/test/00632,632,3,cat,ViT-B/16 + linear head,hue_rotation,3,cat,0.9997116,3,True
stl10/test/00131,131,9,truck,ViT-B/16 + linear head,hue_rotation,9,truck,0.95755917,9,True
stl10/test/07081,7081,7,monkey,ViT-B/16 + linear head,hue_rotation,7,monkey,0.9726388,7,True
stl10/test/01836,1836,9,truck,ViT-B/16 + linear head,hue_rotation,9,truck,0.9865296,9,True
stl10/test/06437,6437,0,airplane,ViT-B/16 + linear head,hue_rotation,0,airplane,0.9932835,0,True
stl10/test/06609,6609,0,airplane,ViT-B/16 + linear head,hue_rotation,0,airplane,0.99960536,0,True
stl10/test/03467,3467,7,monkey,ViT-B/16 + linear head,hue_rotation,4,deer,0.4547578,7,False
stl10/test/01401,1401,3,cat,ViT-B/16 + linear head,hue_rotation,3,cat,0.9996216,3,True
stl10/test/01839,1839,2,car,ViT-B/16 + linear head,hue_rotation,2,car,0.9991128,2,True
stl10/test/04168,4168,3,cat,ViT-B/16 + linear head,hue_rotation,3,cat,0.99983096,3,True
stl10/test/00035,35,2,car,ViT-B/16 + linear head,hue_rotation,2,car,0.9974511,2,True
stl10/test/04177,4177,8,ship,ViT-B/16 + linear head,hue_rotation,8,ship,0.998836,8,True
stl10/test/07270,7270,7,monkey,ViT-B/16 + linear head,hue_rotation,7,monkey,0.9990969,7,True
stl10/test/02265,2265,5,dog,ViT-B/16 + linear head,hue_rotation,5,dog,0.941811,5,True
stl10/test/03288,3288,7,monkey,ViT-B/16 + linear head,hue_rotation,7,monkey,0.9975629,7,True
stl10/test/05451,5451,8,ship,ViT-B/16 + linear head,hue_rotation,8,ship,0.99968076,8,True
stl10/test/04023,4023,3,cat,ViT-B/16 + linear head,hue_rotation,3,cat,0.9706801,3,True
stl10/test/00261,261,1,bird,ViT-B/16 + linear head,hue_rotation,1,bird,0.99023914,1,True
stl10/test/04570,4570,5,dog,ViT-B/16 + linear head,hue_rotation,5,dog,0.95779926,5,True
stl10/test/04966,4966,5,dog,ViT-B/16 + linear head,hue_rotation,5,dog,0.20275253,5,True
stl10/test/07955,7955,1,bird,ViT-B/16 + linear head,hue_rotation,1,bird,0.99997604,1,True
stl10/test/06288,6288,4,deer,ViT-B/16 + linear head,hue_rotation,4,deer,0.99405056,4,True
stl10/test/07810,7810,8,ship,ViT-B/16 + linear head,hue_rotation,8,ship,0.99959356,8,True
stl10/test/01927,1927,7,monkey,ViT-B/16 + linear head,hue_rotation,7,monkey,0.9992169,7,True
stl10/test/01871,1871,1,bird,ViT-B/16 + linear head,hue_rotation,1,bird,0.99512815,1,True
stl10/test/06922,6922,5,dog,ViT-B/16 + linear head,hue_rotation,5,dog,0.99783665,5,True
stl10/test/03512,3512,4,deer,ViT-B/16 + linear head,hue_rotation,4,deer,0.9988951,4,True
stl10/test/04754,4754,6,horse,ViT-B/16 + linear head,hue_rotation,6,horse,0.9666686,6,True
stl10/test/00714,714,2,car,ViT-B/16 + linear head,hue_rotation,2,car,0.87366855,2,True
stl10/test/02191,2191,8,ship,ViT-B/16 + linear head,hue_rotation,8,ship,0.9822254,8,True
stl10/test/04615,4615,0,airplane,ViT-B/16 + linear head,hue_rotation,0,airplane,0.9992112,0,True
stl10/test/04662,4662,8,ship,ViT-B/16 + linear head,hue_rotation,8,ship,0.999716,8,True
stl10/test/05915,5915,9,truck,ViT-B/16 + linear head,hue_rotation,9,truck,0.98508376,9,True
stl10/test/00766,766,4,deer,ViT-B/16 + linear head,hue_rotation,5,dog,0.5447021,6,False
stl10/test/05218,5218,2,car,ViT-B/16 + linear head,hue_rotation,2,car,0.9989203,2,True
stl10/test/02340,2340,8,ship,ViT-B/16 + linear head,hue_rotation,8,ship,0.99839836,8,True
stl10/test/01954,1954,8,ship,ViT-B/16 + linear head,hue_rotation,8,ship,0.7663447,8,True
stl10/test/07875,7875,8,ship,ViT-B/16 + linear head,hue_rotation,8,ship,0.9963865,8,True
stl10/test/03418,3418,6,horse,ViT-B/16 + linear head,hue_rotation,6,horse,0.9959764,6,True
stl10/test/05572,5572,9,truck,ViT-B/16 + linear head,hue_rotation,9,truck,0.9808549,9,True
stl10/test/05977,5977,7,monkey,ViT-B/16 + linear head,hue_rotation,7,monkey,0.9956275,7,True
stl10/test/05123,5123,1,bird,ViT-B/16 + linear head,hue_rotation,1,bird,0.9998832,1,True
stl10/test/05851,5851,9,truck,ViT-B/16 + linear head,hue_rotation,9,truck,0.99550843,9,True
stl10/test/04094,4094,9,truck,ViT-B/16 + linear head,hue_rotation,9,truck,0.9972089,9,True
stl10/test/04254,4254,6,horse,ViT-B/16 + linear head,hue_rotation,6,horse,0.97744715,6,True
stl10/test/02501,2501,7,monkey,ViT-B/16 + linear head,hue_rotation,7,monkey,0.99328786,7,True
stl10/test/06938,6938,1,bird,ViT-B/16 + linear head,hue_rotation,1,bird,0.9998006,1,True
stl10/test/00171,171,4,deer,ViT-B/16 + linear head,hue_rotation,4,deer,0.9987161,4,True
stl10/test/04215,4215,3,cat,ViT-B/16 + linear head,hue_rotation,8,ship,0.29307076,3,False
stl10/test/05705,5705,8,ship,ViT-B/16 + linear head,hue_rotation,8,ship,0.9999397,8,True
stl10/test/03458,3458,4,deer,ViT-B/16 + linear head,hue_rotation,4,deer,0.99897087,4,True
stl10/test/01220,1220,7,monkey,ViT-B/16 + linear head,hue_rotation,7,monkey,0.9996075,7,True
stl10/test/00962,962,8,ship,ViT-B/16 + linear head,hue_rotation,8,ship,0.99670887,8,True
stl10/test/02950,2950,5,dog,ViT-B/16 + linear head,hue_rotation,5,dog,0.9904571,5,True
stl10/test/02623,2623,5,dog,ViT-B/16 + linear head,hue_rotation,3,cat,0.29150444,5,False
stl10/test/04539,4539,0,airplane,ViT-B/16 + linear head,hue_rotation,0,airplane,0.99957496,0,True
stl10/test/01553,1553,0,airplane,ViT-B/16 + linear head,hue_rotation,0,airplane,0.99448484,0,True
stl10/test/04740,4740,4,deer,ViT-B/16 + linear head,hue_rotation,4,deer,0.5724286,4,True
stl10/test/06844,6844,0,airplane,ViT-B/16 + linear head,hue_rotation,0,airplane,0.9956928,0,True
stl10/test/02668,2668,7,monkey,ViT-B/16 + linear head,hue_rotation,7,monkey,0.999503,7,True
stl10/test/03153,3153,7,monkey,ViT-B/16 + linear head,hue_rotation,7,monkey,0.9935475,7,True
stl10/test/05135,5135,4,deer,ViT-B/16 + linear head,hue_rotation,4,deer,0.5035409,4,True
stl10/test/02291,2291,3,cat,ViT-B/16 + linear head,hue_rotation,3,cat,0.9617525,3,True
stl10/test/00116,116,1,bird,ViT-B/16 + linear head,hue_rotation,1,bird,0.9991849,1,True
stl10/test/07797,7797,3,cat,ViT-B/16 + linear head,hue_rotation,3,cat,0.9991549,3,True
stl10/test/04609,4609,3,cat,ViT-B/16 + linear head,hue_rotation,3,cat,0.9858554,3,True
stl10/test/00081,81,0,airplane,ViT-B/16 + linear head,hue_rotation,0,airplane,0.9944471,0,True
stl10/test/05580,5580,6,horse,ViT-B/16 + linear head,hue_rotation,5,dog,0.7155143,5,True
stl10/test/03024,3024,2,car,ViT-B/16 + linear head,hue_rotation,2,car,0.9996997,2,True
stl10/test/02766,2766,5,dog,ViT-B/16 + linear head,hue_rotation,5,dog,0.9803535,5,True
stl10/test/05000,5000,8,ship,ViT-B/16 + linear head,hue_rotation,8,ship,0.9780888,8,True
stl10/test/02610,2610,6,horse,ViT-B/16 + linear head,hue_rotation,6,horse,0.60004,6,True
stl10/test/02024,2024,0,airplane,ViT-B/16 + linear head,hue_rotation,0,airplane,0.9855601,0,True
stl10/test/06097,6097,4,deer,ViT-B/16 + linear head,hue_rotation,4,deer,0.8028527,4,True
stl10/test/00964,964,6,horse,ViT-B/16 + linear head,hue_rotation,6,horse,0.9485857,6,True
stl10/test/07634,7634,0,airplane,ViT-B/16 + linear head,hue_rotation,0,airplane,0.99673754,0,True
stl10/test/06434,6434,8,ship,ViT-B/16 + linear head,hue_rotation,8,ship,0.99956137,8,True
stl10/test/05183,5183,2,car,ViT-B/16 + linear head,hue_rotation,2,car,0.9978522,2,True
stl10/test/06986,6986,0,airplane,ViT-B/16 + linear head,hue_rotation,0,airplane,0.9997197,0,True
stl10/test/00645,645,5,dog,ViT-B/16 + linear head,hue_rotation,5,dog,0.84126127,5,True
stl10/test/03347,3347,0,airplane,ViT-B/16 + linear head,hue_rotation,0,airplane,0.9998611,0,True
stl10/test/05677,5677,2,car,ViT-B/16 + linear head,hue_rotation,2,car,0.99818665,2,True
stl10/test/03412,3412,8,ship,ViT-B/16 + linear head,hue_rotation,8,ship,0.9805337,8,True
stl10/test/03937,3937,1,bird,ViT-B/16 + linear head,hue_rotation,1,bird,0.9927418,1,True
stl10/test/00873,873,6,horse,ViT-B/16 + linear head,hue_rotation,6,horse,0.9984945,6,True
stl10/test/02167,2167,9,truck,ViT-B/16 + linear head,hue_rotation,9,truck,0.9970311,9,True
stl10/test/06490,6490,3,cat,ViT-B/16 + linear head,hue_rotation,3,cat,0.996657,3,True
stl10/test/00738,738,3,cat,ViT-B/16 + linear head,hue_rotation,5,dog,0.20502408,3,False
stl10/test/06616,6616,2,car,ViT-B/16 + linear head,hue_rotation,2,car,0.9971636,2,True
stl10/test/04093,4093,6,horse,ViT-B/16 + linear head,hue_rotation,6,horse,0.9545312,6,True
stl10/test/05788,5788,9,truck,ViT-B/16 + linear head,hue_rotation,9,truck,0.999961,9,True
stl10/test/07818,7818,8,ship,ViT-B/16 + linear head,hue_rotation,8,ship,0.994204,8,True
stl10/test/00304,304,1,bird,ViT-B/16 + linear head,hue_rotation,1,bird,0.4274731,1,True
stl10/test/02082,2082,2,car,ViT-B/16 + linear head,hue_rotation,2,car,0.9956299,2,True
stl10/test/02746,2746,7,monkey,ViT-B/16 + linear head,hue_rotation,7,monkey,0.99985397,7,True
stl10/test/07944,7944,4,deer,ViT-B/16 + linear head,hue_rotation,0,airplane,0.49309912,4,False
stl10/test/06689,6689,8,ship,ViT-B/16 + linear head,hue_rotation,8,ship,0.8607533,8,True
stl10/test/02414,2414,9,truck,ViT-B/16 + linear head,hue_rotation,9,truck,0.9398489,9,True
stl10/test/03779,3779,6,horse,ViT-B/16 + linear head,hue_rotation,6,horse,0.9911005,6,True
stl10/test/02095,2095,1,bird,ViT-B/16 + linear head,hue_rotation,1,bird,0.99611676,1,True
stl10/test/07262,7262,0,airplane,ViT-B/16 + linear head,hue_rotation,0,airplane,0.9999453,0,True
stl10/test/05694,5694,8,ship,ViT-B/16 + linear head,hue_rotation,8,ship,0.995304,8,True
stl10/test/07413,7413,5,dog,ViT-B/16 + linear head,hue_rotation,5,dog,0.82450396,5,True
stl10/test/06805,6805,1,bird,ViT-B/16 + linear head,hue_rotation,1,bird,0.87722576,1,True
stl10/test/03446,3446,7,monkey,ViT-B/16 + linear head,hue_rotation,7,monkey,0.9987658,7,True
stl10/test/02807,2807,5,dog,ViT-B/16 + linear head,hue_rotation,5,dog,0.46844423,4,False
stl10/test/07940,7940,4,deer,ViT-B/16 + linear head,hue_rotation,4,deer,0.9986871,4,True
stl10/test/04172,4172,7,monkey,ViT-B/16 + linear head,hue_rotation,7,monkey,0.9897844,7,True
stl10/test/07744,7744,3,cat,ViT-B/16 + linear head,hue_rotation,3,cat,0.6219187,3,True
stl10/test/01586,1586,2,car,ViT-B/16 + linear head,hue_rotation,2,car,0.9997218,2,True
stl10/test/07999,7999,8,ship,ViT-B/16 + linear head,hue_rotation,8,ship,0.9903532,8,True
stl10/test/06349,6349,1,bird,ViT-B/16 + linear head,hue_rotation,1,bird,0.99788374,1,True
stl10/test/06594,6594,1,bird,ViT-B/16 + linear head,hue_rotation,1,bird,0.98294765,1,True
stl10/test/02109,2109,8,ship,ViT-B/16 + linear head,hue_rotation,8,ship,0.9994617,8,True
stl10/test/03079,3079,1,bird,ViT-B/16 + linear head,hue_rotation,1,bird,0.9999516,1,True
stl10/test/02070,2070,1,bird,ViT-B/16 + linear head,hue_rotation,1,bird,0.97835803,1,True
stl10/test/00319,319,5,dog,ViT-B/16 + linear head,hue_rotation,5,dog,0.9786815,5,True
stl10/test/02888,2888,0,airplane,ViT-B/16 + linear head,hue_rotation,0,airplane,0.9907293,0,True
stl10/test/06224,6224,5,dog,ViT-B/16 + linear head,hue_rotation,5,dog,0.7850491,5,True
stl10/test/03353,3353,5,dog,ViT-B/16 + linear head,hue_rotation,5,dog,0.6184437,5,True
stl10/test/06244,6244,2,car,ViT-B/16 + linear head,hue_rotation,2,car,0.9974552,2,True
stl10/test/04704,4704,7,monkey,ViT-B/16 + linear head,hue_rotation,7,monkey,0.9807494,7,True
stl10/test/02427,2427,5,dog,ViT-B/16 + linear head,hue_rotation,5,dog,0.95966256,5,True
stl10/test/07995,7995,9,truck,ViT-B/16 + linear head,hue_rotation,2,car,0.5844521,9,False
stl10/test/01124,1124,4,deer,ViT-B/16 + linear head,hue_rotation,4,deer,0.99787486,4,True
stl10/test/06733,6733,1,bird,ViT-B/16 + linear head,hue_rotation,1,bird,0.994426,1,True
stl10/test/02062,2062,9,truck,ViT-B/16 + linear head,hue_rotation,9,truck,0.9977586,9,True
stl10/test/00805,805,9,truck,ViT-B/16 + linear head,hue_rotation,9,truck,0.993522,9,True
stl10/test/02028,2028,3,cat,ViT-B/16 + linear head,hue_rotation,3,cat,0.99969614,3,True
stl10/test/02392,2392,2,car,ViT-B/16 + linear head,hue_rotation,2,car,0.9999114,2,True
stl10/test/03292,3292,6,horse,ViT-B/16 + linear head,hue_rotation,6,horse,0.59780866,6,True
stl10/test/01440,1440,7,monkey,ViT-B/16 + linear head,hue_rotation,7,monkey,0.9995097,7,True
stl10/test/01115,1115,1,bird,ViT-B/16 + linear head,hue_rotation,5,dog,0.25273505,1,False
stl10/test/04242,4242,8,ship,ViT-B/16 + linear head,hue_rotation,8,ship,0.99488044,8,True
stl10/test/02230,2230,8,ship,ViT-B/16 + linear head,hue_rotation,8,ship,0.4966533,8,True
stl10/test/03163,3163,2,car,ViT-B/16 + linear head,hue_rotation,2,car,0.9997502,2,True
stl10/test/00545,545,6,horse,ViT-B/16 + linear head,hue_rotation,6,horse,0.80743974,6,True
stl10/test/03863,3863,5,dog,ViT-B/16 + linear head,hue_rotation,5,dog,0.90777147,5,True
stl10/test/04748,4748,7,monkey,ViT-B/16 + linear head,hue_rotation,7,monkey,0.9975309,7,True
stl10/test/02399,2399,4,deer,ViT-B/16 + linear head,hue_rotation,4,deer,0.92338413,4,True
stl10/test/04341,4341,6,horse,ViT-B/16 + linear head,hue_rotation,6,horse,0.9981036,6,True
stl10/test/03078,3078,4,deer,ViT-B/16 + linear head,hue_rotation,4,deer,0.96795595,4,True
stl10/test/03763,3763,4,deer,ViT-B/16 + linear head,hue_rotation,4,deer,0.9793265,4,True
stl10/test/02958,2958,6,horse,ViT-B/16 + linear head,hue_rotation,6,horse,0.9968702,6,True
stl10/test/06381,6381,6,horse,ViT-B/16 + linear head,hue_rotation,6,horse,0.9895019,6,True
stl10/test/01640,1640,8,ship,ViT-B/16 + linear head,hue_rotation,8,ship,0.88720375,8,True
stl10/test/01783,1783,8,ship,ViT-B/16 + linear head,hue_rotation,8,ship,0.99971324,8,True
stl10/test/03914,3914,3,cat,ViT-B/16 + linear head,hue_rotation,3,cat,0.99956626,3,True
stl10/test/01534,1534,6,horse,ViT-B/16 + linear head,hue_rotation,6,horse,0.99576,6,True
stl10/test/00685,685,5,dog,ViT-B/16 + linear head,hue_rotation,5,dog,0.9931711,5,True
stl10/test/04617,4617,0,airplane,ViT-B/16 + linear head,hue_rotation,0,airplane,0.99989843,0,True
stl10/test/05508,5508,9,truck,ViT-B/16 + linear head,hue_rotation,9,truck,0.9970572,9,True
stl10/test/01022,1022,9,truck,ViT-B/16 + linear head,hue_rotation,9,truck,0.84824705,9,True
stl10/test/01230,1230,1,bird,ViT-B/16 + linear head,hue_rotation,7,monkey,0.8065137,1,False
stl10/test/07475,7475,4,deer,ViT-B/16 + linear head,hue_rotation,4,deer,0.65338904,4,True
stl10/test/05756,5756,2,car,ViT-B/16 + linear head,hue_rotation,2,car,0.99927825,2,True
stl10/test/03122,3122,4,deer,ViT-B/16 + linear head,hue_rotation,4,deer,0.98457366,4,True
stl10/test/07202,7202,1,bird,ViT-B/16 + linear head,hue_rotation,1,bird,0.98479825,1,True
stl10/test/04723,4723,9,truck,ViT-B/16 + linear head,hue_rotation,9,truck,0.9403002,9,True
stl10/test/01552,1552,5,dog,ViT-B/16 + linear head,hue_rotation,5,dog,0.9618416,5,True
stl10/test/00603,603,9,truck,ViT-B/16 + linear head,hue_rotation,9,truck,0.99888355,9,True
stl10/test/02861,2861,3,cat,ViT-B/16 + linear head,hue_rotation,3,cat,0.99788386,3,True
stl10/test/06426,6426,2,car,ViT-B/16 + linear head,hue_rotation,2,car,0.9997739,2,True
stl10/test/07864,7864,4,deer,ViT-B/16 + linear head,hue_rotation,4,deer,0.98184144,4,True
stl10/test/05729,5729,6,horse,ViT-B/16 + linear head,hue_rotation,6,horse,0.9277386,6,True
stl10/test/07474,7474,5,dog,ViT-B/16 + linear head,hue_rotation,5,dog,0.99398947,5,True
stl10/test/04298,4298,1,bird,ViT-B/16 + linear head,hue_rotation,1,bird,0.9998652,1,True
stl10/test/01175,1175,0,airplane,ViT-B/16 + linear head,hue_rotation,0,airplane,0.99843043,0,True
stl10/test/03454,3454,2,car,ViT-B/16 + linear head,hue_rotation,2,car,0.9993818,2,True
stl10/test/02754,2754,3,cat,ViT-B/16 + linear head,hue_rotation,3,cat,0.99942267,3,True
stl10/test/00855,855,4,deer,ViT-B/16 + linear head,hue_rotation,4,deer,0.9980184,4,True
stl10/test/02854,2854,7,monkey,ViT-B/16 + linear head,hue_rotation,7,monkey,0.99966955,7,True
stl10/test/05092,5092,1,bird,ViT-B/16 + linear head,hue_rotation,1,bird,0.99961495,1,True
stl10/test/05590,5590,9,truck,ViT-B/16 + linear head,hue_rotation,9,truck,0.9704823,9,True
stl10/test/04463,4463,3,cat,ViT-B/16 + linear head,hue_rotation,3,cat,0.999553,3,True
stl10/test/05318,5318,2,car,ViT-B/16 + linear head,hue_rotation,2,car,0.96883196,2,True
stl10/test/03515,3515,6,horse,ViT-B/16 + linear head,hue_rotation,6,horse,0.5509541,4,False
stl10/test/04642,4642,4,deer,ViT-B/16 + linear head,hue_rotation,4,deer,0.9996662,4,True
stl10/test/00852,852,9,truck,ViT-B/16 + linear head,hue_rotation,9,truck,0.9995473,9,True
stl10/test/01247,1247,8,ship,ViT-B/16 + linear head,hue_rotation,8,ship,0.9961881,8,True
stl10/test/07084,7084,2,car,ViT-B/16 + linear head,hue_rotation,2,car,0.9998147,2,True
stl10/test/05301,5301,9,truck,ViT-B/16 + linear head,hue_rotation,9,truck,0.9050503,9,True
stl10/test/05082,5082,6,horse,ViT-B/16 + linear head,hue_rotation,6,horse,0.99078184,6,True
stl10/test/05077,5077,4,deer,ViT-B/16 + linear head,hue_rotation,4,deer,0.83400923,4,True
stl10/test/01563,1563,3,cat,ViT-B/16 + linear head,hue_rotation,3,cat,0.9782802,3,True
stl10/test/00029,29,7,monkey,ViT-B/16 + linear head,hue_rotation,7,monkey,0.99793077,7,True
stl10/test/03867,3867,7,monkey,ViT-B/16 + linear head,hue_rotation,7,monkey,0.99667156,7,True
stl10/test/04620,4620,6,horse,ViT-B/16 + linear head,hue_rotation,6,horse,0.60825306,6,True
stl10/test/04065,4065,2,car,ViT-B/16 + linear head,hue_rotation,2,car,0.9959889,2,True
stl10/test/01095,1095,5,dog,ViT-B/16 + linear head,hue_rotation,5,dog,0.9097833,5,True
stl10/test/04229,4229,3,cat,ViT-B/16 + linear head,hue_rotation,3,cat,0.9993197,3,True
stl10/test/03562,3562,3,cat,ViT-B/16 + linear head,hue_rotation,3,cat,0.99557304,3,True
stl10/test/02342,2342,8,ship,ViT-B/16 + linear head,hue_rotation,8,ship,0.9856634,8,True
stl10/test/01667,1667,6,horse,ViT-B/16 + linear head,hue_rotation,6,horse,0.99651897,6,True
stl10/test/07033,7033,1,bird,ViT-B/16 + linear head,hue_rotation,1,bird,0.9901571,1,True
stl10/test/01771,1771,7,monkey,ViT-B/16 + linear head,hue_rotation,5,dog,0.52645177,7,False
stl10/test/03157,3157,8,ship,ViT-B/16 + linear head,hue_rotation,8,ship,0.9931899,8,True
stl10/test/03851,3851,3,cat,ViT-B/16 + linear head,hue_rotation,3,cat,0.8641946,3,True
stl10/test/01287,1287,7,monkey,ViT-B/16 + linear head,hue_rotation,7,monkey,0.9986413,7,True
stl10/test/07320,7320,0,airplane,ViT-B/16 + linear head,hue_rotation,0,airplane,0.9784975,0,True
stl10/test/07600,7600,6,horse,ViT-B/16 + linear head,hue_rotation,6,horse,0.99904734,6,True
stl10/test/03852,3852,5,dog,ViT-B/16 + linear head,hue_rotation,5,dog,0.8437844,5,True
stl10/test/00269,269,7,monkey,ViT-B/16 + linear head,hue_rotation,7,monkey,0.99583083,7,True
stl10/test/01703,1703,7,monkey,ViT-B/16 + linear head,hue_rotation,7,monkey,0.7252787,7,True
stl10/test/07776,7776,5,dog,ViT-B/16 + linear head,hue_rotation,5,dog,0.98379993,5,True
stl10/test/03891,3891,4,deer,ViT-B/16 + linear head,hue_rotation,4,deer,0.97127175,4,True
stl10/test/07009,7009,0,airplane,ViT-B/16 + linear head,hue_rotation,0,airplane,0.9980134,0,True
stl10/test/04893,4893,0,airplane,ViT-B/16 + linear head,hue_rotation,0,airplane,0.9982674,0,True
stl10/test/02351,2351,9,truck,ViT-B/16 + linear head,hue_rotation,9,truck,0.9956328,9,True
stl10/test/03550,3550,1,bird,ViT-B/16 + linear head,hue_rotation,1,bird,0.9972921,1,True
stl10/test/05719,5719,7,monkey,ViT-B/16 + linear head,hue_rotation,7,monkey,0.99085706,7,True
stl10/test/01884,1884,7,monkey,ViT-B/16 + linear head,hue_rotation,7,monkey,0.9988029,7,True
stl10/test/02898,2898,4,deer,ViT-B/16 + linear head,hue_rotation,4,deer,0.9992969,4,True
stl10/test/04640,4640,1,bird,ViT-B/16 + linear head,hue_rotation,1,bird,0.9622084,1,True
stl10/test/07610,7610,4,deer,ViT-B/16 + linear head,hue_rotation,4,deer,0.9941934,4,True
stl10/test/01833,1833,8,ship,ViT-B/16 + linear head,hue_rotation,8,ship,0.9983456,8,True
stl10/test/06455,6455,0,airplane,ViT-B/16 + linear head,hue_rotation,0,airplane,0.9975286,0,True
stl10/test/03893,3893,9,truck,ViT-B/16 + linear head,hue_rotation,9,truck,0.9836128,9,True
stl10/test/04731,4731,6,horse,ViT-B/16 + linear head,hue_rotation,6,horse,0.9916011,6,True
stl10/test/00929,929,6,horse,ViT-B/16 + linear head,hue_rotation,6,horse,0.8352675,6,True
stl10/test/03962,3962,6,horse,ViT-B/16 + linear head,hue_rotation,6,horse,0.9981797,6,True
stl10/test/03778,3778,3,cat,ViT-B/16 + linear head,hue_rotation,3,cat,0.8010103,3,True
stl10/test/01429,1429,4,deer,ViT-B/16 + linear head,hue_rotation,4,deer,0.9979627,4,True
stl10/test/00049,49,2,car,ViT-B/16 + linear head,hue_rotation,2,car,0.998137,2,True
stl10/test/00276,276,9,truck,ViT-B/16 + linear head,hue_rotation,9,truck,0.99399006,9,True
stl10/test/06076,6076,1,bird,ViT-B/16 + linear head,hue_rotation,1,bird,0.99995065,1,True
stl10/test/01389,1389,0,airplane,ViT-B/16 + linear head,hue_rotation,0,airplane,0.99847144,0,True
stl10/test/03362,3362,2,car,ViT-B/16 + linear head,hue_rotation,2,car,0.9997359,2,True
stl10/test/00317,317,2,car,ViT-B/16 + linear head,hue_rotation,2,car,0.9994466,2,True
stl10/test/04675,4675,0,airplane,ViT-B/16 + linear head,hue_rotation,0,airplane,0.997799,0,True
stl10/test/05924,5924,5,dog,ViT-B/16 + linear head,hue_rotation,5,dog,0.9970457,5,True
stl10/test/00198,198,1,bird,ViT-B/16 + linear head,hue_rotation,1,bird,0.93618625,1,True
stl10/test/07779,7779,6,horse,ViT-B/16 + linear head,hue_rotation,6,horse,0.989035,6,True
stl10/test/04054,4054,4,deer,ViT-B/16 + linear head,hue_rotation,4,deer,0.95665336,4,True
stl10/test/05556,5556,4,deer,ViT-B/16 + linear head,hue_rotation,4,deer,0.58003896,4,True
stl10/test/02687,2687,1,bird,ViT-B/16 + linear head,hue_rotation,1,bird,0.9994061,1,True
stl10/test/01202,1202,2,car,ViT-B/16 + linear head,hue_rotation,2,car,0.9975848,2,True
stl10/test/00097,97,5,dog,ViT-B/16 + linear head,hue_rotation,5,dog,0.9427699,5,True
stl10/test/06033,6033,4,deer,ViT-B/16 + linear head,hue_rotation,4,deer,0.96698296,4,True
stl10/test/01711,1711,7,monkey,ViT-B/16 + linear head,hue_rotation,7,monkey,0.994131,7,True
stl10/test/01430,1430,9,truck,ViT-B/16 + linear head,hue_rotation,9,truck,0.99896586,9,True
stl10/test/00739,739,8,ship,ViT-B/16 + linear head,hue_rotation,8,ship,0.99297005,8,True
stl10/test/03491,3491,1,bird,ViT-B/16 + linear head,hue_rotation,1,bird,0.991338,1,True
stl10/test/01568,1568,1,bird,ViT-B/16 + linear head,hue_rotation,1,bird,0.92082095,1,True
stl10/test/01211,1211,4,deer,ViT-B/16 + linear head,hue_rotation,4,deer,0.9937011,4,True
stl10/test/04913,4913,2,car,ViT-B/16 + linear head,hue_rotation,2,car,0.9967546,2,True
stl10/test/02502,2502,2,car,ViT-B/16 + linear head,hue_rotation,2,car,0.99758637,2,True
stl10/test/02539,2539,3,cat,ViT-B/16 + linear head,hue_rotation,3,cat,0.9975183,3,True
stl10/test/00979,979,3,cat,ViT-B/16 + linear head,hue_rotation,3,cat,0.9796587,3,True
stl10/test/06354,6354,2,car,ViT-B/16 + linear head,hue_rotation,2,car,0.9843093,2,True
stl10/test/04735,4735,2,car,ViT-B/16 + linear head,hue_rotation,2,car,0.9953401,2,True
stl10/test/05912,5912,0,airplane,ViT-B/16 + linear head,hue_rotation,0,airplane,0.9989568,0,True
stl10/test/03844,3844,6,horse,ViT-B/16 + linear head,hue_rotation,6,horse,0.9957973,6,True
stl10/test/01263,1263,3,cat,ViT-B/16 + linear head,hue_rotation,3,cat,0.9859666,3,True
stl10/test/03404,3404,7,monkey,ViT-B/16 + linear head,hue_rotation,7,monkey,0.99682033,7,True
stl10/test/03905,3905,8,ship,ViT-B/16 + linear head,hue_rotation,8,ship,0.9993406,8,True
stl10/test/01596,1596,0,airplane,ViT-B/16 + linear head,hue_rotation,0,airplane,0.99962044,0,True
stl10/test/03083,3083,0,airplane,ViT-B/16 + linear head,hue_rotation,0,airplane,0.9822728,0,True
stl10/test/02003,2003,6,horse,ViT-B/16 + linear head,hue_rotation,6,horse,0.9949993,6,True
stl10/test/05030,5030,2,car,ViT-B/16 + linear head,hue_rotation,2,car,0.99955004,2,True
stl10/test/00095,95,1,bird,ViT-B/16 + linear head,hue_rotation,1,bird,0.9984889,1,True
stl10/test/02757,2757,4,deer,ViT-B/16 + linear head,hue_rotation,4,deer,0.77536166,4,True
stl10/test/03413,3413,1,bird,ViT-B/16 + linear head,hue_rotation,1,bird,0.999969,1,True
stl10/test/05488,5488,1,bird,ViT-B/16 + linear head,hue_rotation,7,monkey,0.8133909,1,False
stl10/test/04827,4827,6,horse,ViT-B/16 + linear head,hue_rotation,6,horse,0.6105318,6,True
stl10/test/01877,1877,5,dog,ViT-B/16 + linear head,hue_rotation,4,deer,0.4336944,5,False
stl10/test/02157,2157,1,bird,ViT-B/16 + linear head,hue_rotation,1,bird,0.9503715,1,True
stl10/test/04821,4821,3,cat,ViT-B/16 + linear head,hue_rotation,3,cat,0.99611425,3,True
stl10/test/04953,4953,5,dog,ViT-B/16 + linear head,hue_rotation,5,dog,0.66193914,5,True
stl10/test/05525,5525,8,ship,ViT-B/16 + linear head,hue_rotation,8,ship,0.9992756,8,True
stl10/test/05381,5381,5,dog,ViT-B/16 + linear head,hue_rotation,5,dog,0.8769101,5,True
stl10/test/00672,672,3,cat,ViT-B/16 + linear head,hue_rotation,3,cat,0.9999243,3,True
stl10/test/00323,323,7,monkey,ViT-B/16 + linear head,hue_rotation,7,monkey,0.99971896,7,True
stl10/test/05436,5436,7,monkey,ViT-B/16 + linear head,hue_rotation,7,monkey,0.995667,7,True
stl10/test/05450,5450,7,monkey,ViT-B/16 + linear head,hue_rotation,7,monkey,0.9989427,7,True
stl10/test/06358,6358,5,dog,ViT-B/16 + linear head,hue_rotation,5,dog,0.78845483,5,True
stl10/test/00372,372,3,cat,ViT-B/16 + linear head,hue_rotation,3,cat,0.6486867,3,True
stl10/test/00378,378,5,dog,ViT-B/16 + linear head,hue_rotation,5,dog,0.9634186,5,True
stl10/test/07706,7706,5,dog,ViT-B/16 + linear head,hue_rotation,5,dog,0.78323174,5,True
stl10/test/02178,2178,1,bird,ViT-B/16 + linear head,hue_rotation,1,bird,0.9989231,1,True
stl10/test/05237,5237,2,car,ViT-B/16 + linear head,hue_rotation,2,car,0.99560416,2,True
stl10/test/05478,5478,0,airplane,ViT-B/16 + linear head,hue_rotation,0,airplane,0.43473214,0,True
stl10/test/05452,5452,9,truck,ViT-B/16 + linear head,hue_rotation,9,truck,0.99839574,9,True
stl10/test/05623,5623,4,deer,ViT-B/16 + linear head,hue_rotation,4,deer,0.99808574,4,True
stl10/test/06772,6772,7,monkey,ViT-B/16 + linear head,hue_rotation,3,cat,0.6964352,7,False
stl10/test/01111,1111,4,deer,ViT-B/16 + linear head,hue_rotation,4,deer,0.49789608,4,True
stl10/test/05528,5528,3,cat,ViT-B/16 + linear head,hue_rotation,3,cat,0.9942198,3,True
stl10/test/03777,3777,6,horse,ViT-B/16 + linear head,hue_rotation,6,horse,0.9955194,6,True
stl10/test/02458,2458,5,dog,ViT-B/16 + linear head,hue_rotation,5,dog,0.99947387,5,True
stl10/test/04921,4921,2,car,ViT-B/16 + linear head,hue_rotation,2,car,0.99989605,2,True
stl10/test/03015,3015,8,ship,ViT-B/16 + linear head,hue_rotation,8,ship,0.99975926,8,True
stl10/test/07476,7476,8,ship,ViT-B/16 + linear head,hue_rotation,8,ship,0.6137943,0,False
stl10/test/01520,1520,2,car,ViT-B/16 + linear head,hue_rotation,2,car,0.96662647,2,True
stl10/test/06713,6713,6,horse,ViT-B/16 + linear head,hue_rotation,6,horse,0.9737872,6,True
stl10/test/01852,1852,1,bird,ViT-B/16 + linear head,hue_rotation,1,bird,0.9996941,1,True
stl10/test/02268,2268,5,dog,ViT-B/16 + linear head,hue_rotation,5,dog,0.9654691,5,True
stl10/test/00151,151,8,ship,ViT-B/16 + linear head,hue_rotation,8,ship,0.9997503,8,True
stl10/test/00890,890,6,horse,ViT-B/16 + linear head,hue_rotation,6,horse,0.9692755,6,True
stl10/test/00825,825,1,bird,ViT-B/16 + linear head,hue_rotation,1,bird,0.9905663,1,True
stl10/test/02536,2536,3,cat,ViT-B/16 + linear head,hue_rotation,3,cat,0.9986823,3,True
stl10/test/00470,470,2,car,ViT-B/16 + linear head,hue_rotation,2,car,0.9994942,2,True
stl10/test/05256,5256,1,bird,ViT-B/16 + linear head,hue_rotation,1,bird,0.99991465,1,True
stl10/test/02011,2011,9,truck,ViT-B/16 + linear head,hue_rotation,9,truck,0.99026275,9,True
stl10/test/07150,7150,0,airplane,ViT-B/16 + linear head,hue_rotation,0,airplane,0.99860865,0,True
stl10/test/00449,449,6,horse,ViT-B/16 + linear head,hue_rotation,6,horse,0.99853194,6,True
stl10/test/02704,2704,4,deer,ViT-B/16 + linear head,hue_rotation,4,deer,0.9935368,4,True
stl10/test/03437,3437,0,airplane,ViT-B/16 + linear head,hue_rotation,0,airplane,0.9596091,0,True
stl10/test/03375,3375,3,cat,ViT-B/16 + linear head,hue_rotation,3,cat,0.9995345,3,True
stl10/test/04552,4552,8,ship,ViT-B/16 + linear head,hue_rotation,9,truck,0.9208869,8,False
stl10/test/00920,920,6,horse,ViT-B/16 + linear head,hue_rotation,6,horse,0.99574924,6,True
stl10/test/02242,2242,0,airplane,ViT-B/16 + linear head,hue_rotation,0,airplane,0.9835917,0,True
stl10/test/02745,2745,8,ship,ViT-B/16 + linear head,hue_rotation,8,ship,0.9999627,8,True
stl10/test/01032,1032,7,monkey,ViT-B/16 + linear head,hue_rotation,7,monkey,0.98829937,7,True
stl10/test/00365,365,3,cat,ViT-B/16 + linear head,hue_rotation,3,cat,0.99876785,3,True
stl10/test/04850,4850,5,dog,ViT-B/16 + linear head,hue_rotation,5,dog,0.98419803,5,True
stl10/test/04819,4819,0,airplane,ViT-B/16 + linear head,hue_rotation,0,airplane,0.9990038,0,True
stl10/test/07338,7338,6,horse,ViT-B/16 + linear head,hue_rotation,6,horse,0.9638574,6,True
stl10/test/07372,7372,0,airplane,ViT-B/16 + linear head,hue_rotation,0,airplane,0.9928104,0,True
stl10/test/01090,1090,1,bird,ViT-B/16 + linear head,hue_rotation,1,bird,0.9947672,1,True
stl10/test/05062,5062,4,deer,ViT-B/16 + linear head,hue_rotation,4,deer,0.9653594,4,True
stl10/test/00981,981,2,car,ViT-B/16 + linear head,hue_rotation,2,car,0.99898714,2,True
stl10/test/05857,5857,6,horse,ViT-B/16 + linear head,hue_rotation,4,deer,0.53136015,4,True
stl10/test/01986,1986,1,bird,ViT-B/16 + linear head,hue_rotation,1,bird,0.9912102,1,True
stl10/test/05560,5560,1,bird,ViT-B/16 + linear head,hue_rotation,1,bird,0.9738097,1,True
stl10/test/01814,1814,2,car,ViT-B/16 + linear head,hue_rotation,2,car,0.9874577,2,True
stl10/test/00194,194,8,ship,ViT-B/16 + linear head,hue_rotation,8,ship,0.9999825,8,True
stl10/test/01993,1993,1,bird,ViT-B/16 + linear head,hue_rotation,1,bird,0.99995184,1,True
stl10/test/05333,5333,2,car,ViT-B/16 + linear head,hue_rotation,2,car,0.99864393,2,True
stl10/test/04311,4311,8,ship,ViT-B/16 + linear head,hue_rotation,8,ship,0.9983198,8,True
stl10/test/07425,7425,2,car,ViT-B/16 + linear head,hue_rotation,2,car,0.9999347,2,True
stl10/test/03889,3889,5,dog,ViT-B/16 + linear head,hue_rotation,3,cat,0.3651617,5,False
stl10/test/04308,4308,7,monkey,ViT-B/16 + linear head,hue_rotation,7,monkey,0.9995522,7,True
stl10/test/01960,1960,4,deer,ViT-B/16 + linear head,hue_rotation,4,deer,0.9683801,5,False
stl10/test/04399,4399,0,airplane,ViT-B/16 + linear head,hue_rotation,0,airplane,0.92638564,0,True
stl10/test/03191,3191,6,horse,ViT-B/16 + linear head,hue_rotation,6,horse,0.9183399,6,True
stl10/test/01626,1626,5,dog,ViT-B/16 + linear head,hue_rotation,5,dog,0.5246858,5,True
stl10/test/00176,176,3,cat,ViT-B/16 + linear head,hue_rotation,3,cat,0.9880475,3,True
stl10/test/07726,7726,6,horse,ViT-B/16 + linear head,hue_rotation,6,horse,0.7738493,6,True
stl10/test/02334,2334,5,dog,ViT-B/16 + linear head,hue_rotation,5,dog,0.9978333,5,True
stl10/test/01648,1648,0,airplane,ViT-B/16 + linear head,hue_rotation,0,airplane,0.9965905,0,True
stl10/test/06084,6084,7,monkey,ViT-B/16 + linear head,hue_rotation,7,monkey,0.99679935,7,True
stl10/test/03455,3455,0,airplane,ViT-B/16 + linear head,hue_rotation,0,airplane,0.9966253,0,True
stl10/test/01468,1468,9,truck,ViT-B/16 + linear head,hue_rotation,9,truck,0.9877577,9,True
stl10/test/01296,1296,7,monkey,ViT-B/16 + linear head,hue_rotation,7,monkey,0.96596265,7,True
stl10/test/05213,5213,4,deer,ViT-B/16 + linear head,hue_rotation,4,deer,0.98630583,4,True
stl10/test/07047,7047,9,truck,ViT-B/16 + linear head,hue_rotation,9,truck,0.997835,9,True
stl10/test/05360,5360,9,truck,ViT-B/16 + linear head,hue_rotation,9,truck,0.9999727,9,True
stl10/test/05824,5824,2,car,ViT-B/16 + linear head,hue_rotation,2,car,0.9839315,2,True
stl10/test/07460,7460,8,ship,ViT-B/16 + linear head,hue_rotation,8,ship,0.9316189,8,True
stl10/test/04791,4791,7,monkey,ViT-B/16 + linear head,hue_rotation,7,monkey,0.99582785,7,True
stl10/test/06692,6692,2,car,ViT-B/16 + linear head,hue_rotation,2,car,0.99737597,2,True
stl10/test/06931,6931,9,truck,ViT-B/16 + linear head,hue_rotation,9,truck,0.5481684,9,True
stl10/test/00667,667,8,ship,ViT-B/16 + linear head,hue_rotation,8,ship,0.99880254,8,True
stl10/test/07781,7781,6,horse,ViT-B/16 + linear head,hue_rotation,6,horse,0.99453706,6,True
stl10/test/07793,7793,3,cat,ViT-B/16 + linear head,hue_rotation,3,cat,0.63728595,3,True
stl10/test/01411,1411,9,truck,ViT-B/16 + linear head,hue_rotation,9,truck,0.9867503,9,True
stl10/test/01473,1473,7,monkey,ViT-B/16 + linear head,hue_rotation,7,monkey,0.9942293,7,True
stl10/test/07130,7130,5,dog,ViT-B/16 + linear head,hue_rotation,5,dog,0.93383986,5,True
stl10/test/01956,1956,7,monkey,ViT-B/16 + linear head,hue_rotation,7,monkey,0.31524718,7,True
stl10/test/06716,6716,5,dog,ViT-B/16 + linear head,hue_rotation,7,monkey,0.18270026,6,False
stl10/test/04106,4106,5,dog,ViT-B/16 + linear head,hue_rotation,5,dog,0.83680576,5,True
stl10/test/03494,3494,6,horse,ViT-B/16 + linear head,hue_rotation,6,horse,0.9994355,6,True
stl10/test/00691,691,4,deer,ViT-B/16 + linear head,hue_rotation,4,deer,0.99985075,4,True
stl10/test/05220,5220,1,bird,ViT-B/16 + linear head,hue_rotation,1,bird,0.35618535,1,True
stl10/test/04908,4908,3,cat,ViT-B/16 + linear head,hue_rotation,3,cat,0.99251187,3,True
stl10/test/07029,7029,1,bird,ViT-B/16 + linear head,hue_rotation,1,bird,0.999974,1,True
stl10/test/04130,4130,0,airplane,ViT-B/16 + linear head,hue_rotation,0,airplane,0.99626654,0,True
stl10/test/07938,7938,9,truck,ViT-B/16 + linear head,hue_rotation,9,truck,0.9866327,9,True
stl10/test/05101,5101,5,dog,ViT-B/16 + linear head,hue_rotation,5,dog,0.6125177,2,False
stl10/test/01515,1515,9,truck,ViT-B/16 + linear head,hue_rotation,9,truck,0.9988745,9,True
stl10/test/03287,3287,4,deer,ViT-B/16 + linear head,hue_rotation,4,deer,0.99393034,4,True
stl10/test/00716,716,8,ship,ViT-B/16 + linear head,hue_rotation,8,ship,0.9889888,8,True
stl10/test/04236,4236,7,monkey,ViT-B/16 + linear head,hue_rotation,7,monkey,0.99990296,7,True
stl10/test/05408,5408,6,horse,ViT-B/16 + linear head,hue_rotation,6,horse,0.9468967,6,True
stl10/test/05496,5496,5,dog,ViT-B/16 + linear head,hue_rotation,5,dog,0.95909244,5,True
stl10/test/03365,3365,4,deer,ViT-B/16 + linear head,hue_rotation,4,deer,0.9792909,4,True
stl10/test/04323,4323,3,cat,ViT-B/16 + linear head,hue_rotation,3,cat,0.95601726,3,True
stl10/test/05467,5467,4,deer,ViT-B/16 + linear head,hue_rotation,4,deer,0.53049016,4,True
stl10/test/01644,1644,5,dog,ViT-B/16 + linear head,hue_rotation,5,dog,0.9790004,5,True
stl10/test/03948,3948,8,ship,ViT-B/16 + linear head,hue_rotation,8,ship,0.9990621,8,True
stl10/test/06726,6726,7,monkey,ViT-B/16 + linear head,hue_rotation,7,monkey,0.99210644,7,True
stl10/test/05395,5395,2,car,ViT-B/16 + linear head,hue_rotation,2,car,0.9995338,2,True
stl10/test/01579,1579,7,monkey,ViT-B/16 + linear head,hue_rotation,7,monkey,0.99330634,7,True
stl10/test/05918,5918,0,airplane,ViT-B/16 + linear head,hue_rotation,0,airplane,0.99909973,0,True
stl10/test/07041,7041,5,dog,ViT-B/16 + linear head,hue_rotation,5,dog,0.736813,5,True
stl10/test/00506,506,4,deer,ViT-B/16 + linear head,hue_rotation,4,deer,0.99222964,4,True
stl10/test/04011,4011,6,horse,ViT-B/16 + linear head,hue_rotation,6,horse,0.999808,6,True
stl10/test/05981,5981,9,truck,ViT-B/16 + linear head,hue_rotation,9,truck,0.6027997,9,True
stl10/test/00409,409,2,car,ViT-B/16 + linear head,hue_rotation,2,car,0.999676,2,True
stl10/test/06954,6954,1,bird,ViT-B/16 + linear head,hue_rotation,1,bird,0.94111544,1,True
stl10/test/07555,7555,6,horse,ViT-B/16 + linear head,hue_rotation,6,horse,0.9396562,6,True
stl10/test/03965,3965,0,airplane,ViT-B/16 + linear head,hue_rotation,0,airplane,0.99672073,0,True
stl10/test/07266,7266,9,truck,ViT-B/16 + linear head,hue_rotation,9,truck,0.91524136,9,True
stl10/test/04785,4785,0,airplane,ViT-B/16 + linear head,hue_rotation,0,airplane,0.98736274,0,True
stl10/test/06028,6028,2,car,ViT-B/16 + linear head,hue_rotation,2,car,0.9998511,2,True
stl10/test/06503,6503,2,car,ViT-B/16 + linear head,hue_rotation,2,car,0.99626154,2,True
stl10/test/06414,6414,5,dog,ViT-B/16 + linear head,hue_rotation,5,dog,0.6099512,5,True
stl10/test/05382,5382,6,horse,ViT-B/16 + linear head,hue_rotation,6,horse,0.99085706,6,True
stl10/test/06836,6836,1,bird,ViT-B/16 + linear head,hue_rotation,1,bird,0.9685374,1,True
stl10/test/06508,6508,4,deer,ViT-B/16 + linear head,hue_rotation,4,deer,0.9985973,4,True
stl10/test/03994,3994,4,deer,ViT-B/16 + linear head,hue_rotation,4,deer,0.9990447,4,True
stl10/test/03942,3942,9,truck,ViT-B/16 + linear head,hue_rotation,9,truck,0.99540085,9,True
stl10/test/03542,3542,7,monkey,ViT-B/16 + linear head,hue_rotation,7,monkey,0.9998474,7,True
stl10/test/06952,6952,3,cat,ViT-B/16 + linear head,hue_rotation,3,cat,0.8834141,3,True
stl10/test/04290,4290,5,dog,ViT-B/16 + linear head,hue_rotation,1,bird,0.708893,1,True
stl10/test/07446,7446,8,ship,ViT-B/16 + linear head,hue_rotation,8,ship,0.99636817,8,True
stl10/test/06169,6169,1,bird,ViT-B/16 + linear head,hue_rotation,0,airplane,0.62905216,1,False
stl10/test/01109,1109,1,bird,ViT-B/16 + linear head,hue_rotation,1,bird,0.9623909,1,True
stl10/test/03179,3179,4,deer,ViT-B/16 + linear head,hue_rotation,4,deer,0.9211857,4,True
stl10/test/07835,7835,7,monkey,ViT-B/16 + linear head,hue_rotation,7,monkey,0.99321073,7,True
stl10/test/07390,7390,1,bird,ViT-B/16 + linear head,hue_rotation,1,bird,0.9820417,1,True
stl10/test/00568,568,5,dog,ViT-B/16 + linear head,hue_rotation,5,dog,0.9884201,5,True
stl10/test/04629,4629,4,deer,ViT-B/16 + linear head,hue_rotation,4,deer,0.9977209,4,True
stl10/test/07138,7138,8,ship,ViT-B/16 + linear head,hue_rotation,8,ship,0.99501306,8,True
stl10/test/05284,5284,9,truck,ViT-B/16 + linear head,hue_rotation,9,truck,0.9984127,9,True
stl10/test/00003,3,0,airplane,ViT-B/16 + linear head,hue_rotation,0,airplane,0.98896396,0,True
stl10/test/02690,2690,1,bird,ViT-B/16 + linear head,hue_rotation,1,bird,0.92377627,1,True
stl10/test/05858,5858,6,horse,ViT-B/16 + linear head,hue_rotation,6,horse,0.9978969,6,True
stl10/test/01266,1266,4,deer,ViT-B/16 + linear head,hue_rotation,4,deer,0.9995059,4,True
stl10/test/03034,3034,4,deer,ViT-B/16 + linear head,hue_rotation,4,deer,0.9984403,4,True
stl10/test/02655,2655,9,truck,ViT-B/16 + linear head,hue_rotation,9,truck,0.99156183,9,True
stl10/test/06190,6190,7,monkey,ViT-B/16 + linear head,hue_rotation,7,monkey,0.9990079,7,True
stl10/test/04170,4170,8,ship,ViT-B/16 + linear head,hue_rotation,8,ship,0.9914057,8,True
stl10/test/07380,7380,9,truck,ViT-B/16 + linear head,hue_rotation,9,truck,0.9973009,9,True
stl10/test/07752,7752,9,truck,ViT-B/16 + linear head,hue_rotation,9,truck,0.99967456,9,True
stl10/test/03996,3996,9,truck,ViT-B/16 + linear head,hue_rotation,9,truck,0.82716537,9,True
stl10/test/01204,1204,3,cat,ViT-B/16 + linear head,hue_rotation,3,cat,0.9975332,3,True
stl10/test/01654,1654,9,truck,ViT-B/16 + linear head,hue_rotation,9,truck,0.99471766,9,True
stl10/test/04746,4746,6,horse,ViT-B/16 + linear head,hue_rotation,6,horse,0.98437804,6,True
stl10/test/04590,4590,3,cat,ViT-B/16 + linear head,hue_rotation,3,cat,0.9991554,3,True
stl10/test/00562,562,0,airplane,ViT-B/16 + linear head,hue_rotation,0,airplane,0.99976,0,True
stl10/test/07108,7108,6,horse,ViT-B/16 + linear head,hue_rotation,6,horse,0.9842337,6,True
stl10/test/05999,5999,0,airplane,ViT-B/16 + linear head,hue_rotation,0,airplane,0.99706024,0,True
stl10/test/01403,1403,2,car,ViT-B/16 + linear head,hue_rotation,2,car,0.99971503,2,True
stl10/test/04403,4403,7,monkey,ViT-B/16 + linear head,hue_rotation,7,monkey,0.9988097,7,True
stl10/test/06332,6332,2,car,ViT-B/16 + linear head,hue_rotation,2,car,0.9985898,2,True
stl10/test/06264,6264,2,car,ViT-B/16 + linear head,hue_rotation,2,car,0.9998771,2,True
stl10/test/00303,303,9,truck,ViT-B/16 + linear head,hue_rotation,9,truck,0.99614525,9,True
stl10/test/00791,791,3,cat,ViT-B/16 + linear head,hue_rotation,3,cat,0.9973768,3,True
stl10/test/03067,3067,2,car,ViT-B/16 + linear head,hue_rotation,2,car,0.9993955,2,True
stl10/test/00484,484,0,airplane,ViT-B/16 + linear head,hue_rotation,0,airplane,0.99921715,0,True
stl10/test/01370,1370,3,cat,ViT-B/16 + linear head,hue_rotation,3,cat,0.99758697,3,True
stl10/test/04069,4069,8,ship,ViT-B/16 + linear head,hue_rotation,8,ship,0.87900347,8,True
stl10/test/07373,7373,0,airplane,ViT-B/16 + linear head,hue_rotation,0,airplane,0.98951495,0,True
stl10/test/04330,4330,3,cat,ViT-B/16 + linear head,hue_rotation,3,cat,0.8785776,3,True
stl10/test/05701,5701,5,dog,ViT-B/16 + linear head,hue_rotation,5,dog,0.98677385,5,True
stl10/test/07465,7465,0,airplane,ViT-B/16 + linear head,hue_rotation,0,airplane,0.99944705,0,True
stl10/test/01531,1531,3,cat,ViT-B/16 + linear head,hue_rotation,3,cat,0.99487513,3,True
stl10/test/04676,4676,8,ship,ViT-B/16 + linear head,hue_rotation,8,ship,0.99984944,8,True
stl10/test/04531,4531,3,cat,ViT-B/16 + linear head,hue_rotation,3,cat,0.954062,3,True
stl10/test/00706,706,8,ship,ViT-B/16 + linear head,hue_rotation,8,ship,0.99978894,8,True
stl10/test/02844,2844,8,ship,ViT-B/16 + linear head,hue_rotation,8,ship,0.9993808,8,True
stl10/test/03755,3755,2,car,ViT-B/16 + linear head,hue_rotation,2,car,0.99974734,2,True
stl10/test/05848,5848,7,monkey,ViT-B/16 + linear head,hue_rotation,7,monkey,0.99837744,7,True
stl10/test/02114,2114,9,truck,ViT-B/16 + linear head,hue_rotation,9,truck,0.96577835,9,True
stl10/test/03876,3876,0,airplane,ViT-B/16 + linear head,hue_rotation,0,airplane,0.9981754,0,True
stl10/test/00677,677,3,cat,ViT-B/16 + linear head,hue_rotation,3,cat,0.99645233,3,True
stl10/test/02116,2116,1,bird,ViT-B/16 + linear head,hue_rotation,3,cat,0.9673904,3,True
stl10/test/04661,4661,7,monkey,ViT-B/16 + linear head,hue_rotation,7,monkey,0.7643081,7,True
stl10/test/02676,2676,6,horse,ViT-B/16 + linear head,hue_rotation,6,horse,0.36647254,6,True
stl10/test/03025,3025,0,airplane,ViT-B/16 + linear head,hue_rotation,0,airplane,0.9976966,0,True
stl10/test/04449,4449,9,truck,ViT-B/16 + linear head,hue_rotation,9,truck,0.84041756,9,True
stl10/test/00977,977,6,horse,ViT-B/16 + linear head,hue_rotation,6,horse,0.9981029,6,True
stl10/test/04990,4990,8,ship,ViT-B/16 + linear head,hue_rotation,8,ship,0.95211476,8,True
stl10/test/07309,7309,0,airplane,ViT-B/16 + linear head,hue_rotation,0,airplane,0.9983192,0,True
stl10/test/01048,1048,7,monkey,ViT-B/16 + linear head,hue_rotation,7,monkey,0.99154776,7,True
stl10/test/03276,3276,3,cat,ViT-B/16 + linear head,hue_rotation,3,cat,0.9399483,3,True
stl10/test/05512,5512,2,car,ViT-B/16 + linear head,hue_rotation,2,car,0.22697492,9,False
stl10/test/07692,7692,4,deer,ViT-B/16 + linear head,hue_rotation,4,deer,0.9962436,4,True
stl10/test/01436,1436,1,bird,ViT-B/16 + linear head,hue_rotation,1,bird,0.99996316,1,True
stl10/test/07544,7544,9,truck,ViT-B/16 + linear head,hue_rotation,9,truck,0.865407,9,True
stl10/test/03383,3383,3,cat,ViT-B/16 + linear head,hue_rotation,3,cat,0.99931943,3,True
stl10/test/01977,1977,0,airplane,ViT-B/16 + linear head,hue_rotation,0,airplane,0.99234396,0,True
stl10/test/02750,2750,0,airplane,ViT-B/16 + linear head,hue_rotation,0,airplane,0.98158586,0,True
stl10/test/07996,7996,6,horse,ViT-B/16 + linear head,hue_rotation,6,horse,0.99499977,6,True
stl10/test/06989,6989,5,dog,ViT-B/16 + linear head,hue_rotation,5,dog,0.9355112,5,True
stl10/test/01431,1431,3,cat,ViT-B/16 + linear head,hue_rotation,3,cat,0.77607,3,True
stl10/test/07416,7416,3,cat,ViT-B/16 + linear head,hue_rotation,5,dog,0.60888106,3,False
stl10/test/04547,4547,5,dog,ViT-B/16 + linear head,hue_rotation,5,dog,0.82556313,5,True
stl10/test/00042,42,0,airplane,ViT-B/16 + linear head,hue_rotation,0,airplane,0.9985814,0,True
stl10/test/05117,5117,0,airplane,ViT-B/16 + linear head,hue_rotation,0,airplane,0.9996494,0,True
stl10/test/04411,4411,6,horse,ViT-B/16 + linear head,hue_rotation,5,dog,0.87923586,6,False
stl10/test/05789,5789,4,deer,ViT-B/16 + linear head,hue_rotation,4,deer,0.9981823,4,True
stl10/test/00483,483,2,car,ViT-B/16 + linear head,hue_rotation,2,car,0.9895768,2,True
stl10/test/06650,6650,7,monkey,ViT-B/16 + linear head,hue_rotation,7,monkey,0.9989894,7,True
stl10/test/04881,4881,3,cat,ViT-B/16 + linear head,hue_rotation,3,cat,0.9968125,3,True
stl10/test/00391,391,3,cat,ViT-B/16 + linear head,hue_rotation,3,cat,0.9998023,3,True
stl10/test/00370,370,7,monkey,ViT-B/16 + linear head,hue_rotation,7,monkey,0.9988589,7,True
stl10/test/00419,419,9,truck,ViT-B/16 + linear head,hue_rotation,9,truck,0.9885805,9,True
stl10/test/03318,3318,9,truck,ViT-B/16 + linear head,hue_rotation,9,truck,0.99075973,9,True
stl10/test/04355,4355,8,ship,ViT-B/16 + linear head,hue_rotation,0,airplane,0.54147285,0,True
stl10/test/05402,5402,4,deer,ViT-B/16 + linear head,hue_rotation,4,deer,0.86988,4,True
stl10/test/05332,5332,5,dog,ViT-B/16 + linear head,hue_rotation,5,dog,0.85427195,5,True
stl10/test/00239,239,9,truck,ViT-B/16 + linear head,hue_rotation,9,truck,0.99963677,9,True
stl10/test/06271,6271,2,car,ViT-B/16 + linear head,hue_rotation,2,car,0.9933293,2,True
stl10/test/01129,1129,8,ship,ViT-B/16 + linear head,hue_rotation,8,ship,0.92395186,8,True
stl10/test/02391,2391,5,dog,ViT-B/16 + linear head,hue_rotation,1,bird,0.7622053,5,False
stl10/test/00191,191,9,truck,ViT-B/16 + linear head,hue_rotation,9,truck,0.7110125,9,True
stl10/test/05447,5447,9,truck,ViT-B/16 + linear head,hue_rotation,9,truck,0.99963796,9,True
stl10/test/06528,6528,4,deer,ViT-B/16 + linear head,hue_rotation,4,deer,0.9990695,4,True
stl10/test/00632,632,3,cat,CLIP ViT-B/32 + linear head,grayscale,3,cat,0.14649372,3,True
stl10/test/00131,131,9,truck,CLIP ViT-B/32 + linear head,grayscale,9,truck,0.1263873,9,True
stl10/test/07081,7081,7,monkey,CLIP ViT-B/32 + linear head,grayscale,7,monkey,0.13682854,7,True
stl10/test/01836,1836,9,truck,CLIP ViT-B/32 + linear head,grayscale,9,truck,0.13744569,9,True
stl10/test/06437,6437,0,airplane,CLIP ViT-B/32 + linear head,grayscale,0,airplane,0.14832944,0,True
stl10/test/06609,6609,0,airplane,CLIP ViT-B/32 + linear head,grayscale,0,airplane,0.14798416,0,True
stl10/test/03467,3467,7,monkey,CLIP ViT-B/32 + linear head,grayscale,7,monkey,0.13428526,7,True
stl10/test/01401,1401,3,cat,CLIP ViT-B/32 + linear head,grayscale,3,cat,0.14089032,3,True
stl10/test/01839,1839,2,car,CLIP ViT-B/32 + linear head,grayscale,2,car,0.14032122,2,True
stl10/test/04168,4168,3,cat,CLIP ViT-B/32 + linear head,grayscale,3,cat,0.13446562,3,True
stl10/test/00035,35,2,car,CLIP ViT-B/32 + linear head,grayscale,0,airplane,0.11773603,2,False
stl10/test/04177,4177,8,ship,CLIP ViT-B/32 + linear head,grayscale,8,ship,0.15622705,8,True
stl10/test/07270,7270,7,monkey,CLIP ViT-B/32 + linear head,grayscale,7,monkey,0.11990735,7,True
stl10/test/02265,2265,5,dog,CLIP ViT-B/32 + linear head,grayscale,5,dog,0.13654011,5,True
stl10/test/03288,3288,7,monkey,CLIP ViT-B/32 + linear head,grayscale,7,monkey,0.14525686,7,True
stl10/test/05451,5451,8,ship,CLIP ViT-B/32 + linear head,grayscale,8,ship,0.15189399,8,True
stl10/test/04023,4023,3,cat,CLIP ViT-B/32 + linear head,grayscale,3,cat,0.12144238,3,True
stl10/test/00261,261,1,bird,CLIP ViT-B/32 + linear head,grayscale,1,bird,0.12956056,1,True
stl10/test/04570,4570,5,dog,CLIP ViT-B/32 + linear head,grayscale,5,dog,0.13534862,5,True
stl10/test/04966,4966,5,dog,CLIP ViT-B/32 + linear head,grayscale,5,dog,0.12620056,5,True
stl10/test/07955,7955,1,bird,CLIP ViT-B/32 + linear head,grayscale,1,bird,0.14227849,1,True
stl10/test/06288,6288,4,deer,CLIP ViT-B/32 + linear head,grayscale,4,deer,0.1445256,4,True
stl10/test/07810,7810,8,ship,CLIP ViT-B/32 + linear head,grayscale,8,ship,0.141444,8,True
stl10/test/01927,1927,7,monkey,CLIP ViT-B/32 + linear head,grayscale,7,monkey,0.14231382,7,True
stl10/test/01871,1871,1,bird,CLIP ViT-B/32 + linear head,grayscale,1,bird,0.12938064,1,True
stl10/test/06922,6922,5,dog,CLIP ViT-B/32 + linear head,grayscale,5,dog,0.13831472,5,True
stl10/test/03512,3512,4,deer,CLIP ViT-B/32 + linear head,grayscale,4,deer,0.14137706,4,True
stl10/test/04754,4754,6,horse,CLIP ViT-B/32 + linear head,grayscale,6,horse,0.13972037,6,True
stl10/test/00714,714,2,car,CLIP ViT-B/32 + linear head,grayscale,2,car,0.12108376,9,False
stl10/test/02191,2191,8,ship,CLIP ViT-B/32 + linear head,grayscale,8,ship,0.15306011,8,True
stl10/test/04615,4615,0,airplane,CLIP ViT-B/32 + linear head,grayscale,0,airplane,0.1453125,0,True
stl10/test/04662,4662,8,ship,CLIP ViT-B/32 + linear head,grayscale,8,ship,0.16489467,8,True
stl10/test/05915,5915,9,truck,CLIP ViT-B/32 + linear head,grayscale,9,truck,0.1286297,9,True
stl10/test/00766,766,4,deer,CLIP ViT-B/32 + linear head,grayscale,4,deer,0.12171985,6,False
stl10/test/05218,5218,2,car,CLIP ViT-B/32 + linear head,grayscale,2,car,0.14587897,2,True
stl10/test/02340,2340,8,ship,CLIP ViT-B/32 + linear head,grayscale,8,ship,0.16136475,8,True
stl10/test/01954,1954,8,ship,CLIP ViT-B/32 + linear head,grayscale,8,ship,0.13649079,8,True
stl10/test/07875,7875,8,ship,CLIP ViT-B/32 + linear head,grayscale,8,ship,0.14249836,8,True
stl10/test/03418,3418,6,horse,CLIP ViT-B/32 + linear head,grayscale,6,horse,0.1451706,6,True
stl10/test/05572,5572,9,truck,CLIP ViT-B/32 + linear head,grayscale,9,truck,0.122033216,9,True
stl10/test/05977,5977,7,monkey,CLIP ViT-B/32 + linear head,grayscale,7,monkey,0.14681064,7,True
stl10/test/05123,5123,1,bird,CLIP ViT-B/32 + linear head,grayscale,1,bird,0.13061355,1,True
stl10/test/05851,5851,9,truck,CLIP ViT-B/32 + linear head,grayscale,9,truck,0.14265057,9,True
stl10/test/04094,4094,9,truck,CLIP ViT-B/32 + linear head,grayscale,9,truck,0.1325131,9,True
stl10/test/04254,4254,6,horse,CLIP ViT-B/32 + linear head,grayscale,6,horse,0.14086115,6,True
stl10/test/02501,2501,7,monkey,CLIP ViT-B/32 + linear head,grayscale,7,monkey,0.13815476,7,True
stl10/test/06938,6938,1,bird,CLIP ViT-B/32 + linear head,grayscale,1,bird,0.15175721,1,True
stl10/test/00171,171,4,deer,CLIP ViT-B/32 + linear head,grayscale,4,deer,0.13708837,4,True
stl10/test/04215,4215,3,cat,CLIP ViT-B/32 + linear head,grayscale,3,cat,0.11713167,3,True
stl10/test/05705,5705,8,ship,CLIP ViT-B/32 + linear head,grayscale,8,ship,0.16422369,8,True
stl10/test/03458,3458,4,deer,CLIP ViT-B/32 + linear head,grayscale,4,deer,0.15725593,4,True
stl10/test/01220,1220,7,monkey,CLIP ViT-B/32 + linear head,grayscale,7,monkey,0.14478251,7,True
stl10/test/00962,962,8,ship,CLIP ViT-B/32 + linear head,grayscale,8,ship,0.14655063,8,True
stl10/test/02950,2950,5,dog,CLIP ViT-B/32 + linear head,grayscale,5,dog,0.13381039,5,True
stl10/test/02623,2623,5,dog,CLIP ViT-B/32 + linear head,grayscale,4,deer,0.1224601,5,False
stl10/test/04539,4539,0,airplane,CLIP ViT-B/32 + linear head,grayscale,0,airplane,0.14934163,0,True
stl10/test/01553,1553,0,airplane,CLIP ViT-B/32 + linear head,grayscale,0,airplane,0.14340672,0,True
stl10/test/04740,4740,4,deer,CLIP ViT-B/32 + linear head,grayscale,4,deer,0.14517723,4,True
stl10/test/06844,6844,0,airplane,CLIP ViT-B/32 + linear head,grayscale,0,airplane,0.1425937,0,True
stl10/test/02668,2668,7,monkey,CLIP ViT-B/32 + linear head,grayscale,7,monkey,0.14047647,7,True
stl10/test/03153,3153,7,monkey,CLIP ViT-B/32 + linear head,grayscale,7,monkey,0.12442206,7,True
stl10/test/05135,5135,4,deer,CLIP ViT-B/32 + linear head,grayscale,4,deer,0.13839877,4,True
stl10/test/02291,2291,3,cat,CLIP ViT-B/32 + linear head,grayscale,3,cat,0.12359297,3,True
stl10/test/00116,116,1,bird,CLIP ViT-B/32 + linear head,grayscale,1,bird,0.13328396,1,True
stl10/test/07797,7797,3,cat,CLIP ViT-B/32 + linear head,grayscale,3,cat,0.13512239,3,True
stl10/test/04609,4609,3,cat,CLIP ViT-B/32 + linear head,grayscale,7,monkey,0.13942459,3,False
stl10/test/00081,81,0,airplane,CLIP ViT-B/32 + linear head,grayscale,0,airplane,0.13508897,0,True
stl10/test/05580,5580,6,horse,CLIP ViT-B/32 + linear head,grayscale,6,horse,0.12982413,6,True
stl10/test/03024,3024,2,car,CLIP ViT-B/32 + linear head,grayscale,2,car,0.1418049,2,True
stl10/test/02766,2766,5,dog,CLIP ViT-B/32 + linear head,grayscale,5,dog,0.13939863,5,True
stl10/test/05000,5000,8,ship,CLIP ViT-B/32 + linear head,grayscale,8,ship,0.14459941,8,True
stl10/test/02610,2610,6,horse,CLIP ViT-B/32 + linear head,grayscale,6,horse,0.13469787,6,True
stl10/test/02024,2024,0,airplane,CLIP ViT-B/32 + linear head,grayscale,0,airplane,0.13726251,0,True
stl10/test/06097,6097,4,deer,CLIP ViT-B/32 + linear head,grayscale,4,deer,0.15424706,4,True
stl10/test/00964,964,6,horse,CLIP ViT-B/32 + linear head,grayscale,6,horse,0.12864186,6,True
stl10/test/07634,7634,0,airplane,CLIP ViT-B/32 + linear head,grayscale,0,airplane,0.15696982,0,True
stl10/test/06434,6434,8,ship,CLIP ViT-B/32 + linear head,grayscale,8,ship,0.15520345,8,True
stl10/test/05183,5183,2,car,CLIP ViT-B/32 + linear head,grayscale,2,car,0.13694526,2,True
stl10/test/06986,6986,0,airplane,CLIP ViT-B/32 + linear head,grayscale,0,airplane,0.14356849,0,True
stl10/test/00645,645,5,dog,CLIP ViT-B/32 + linear head,grayscale,5,dog,0.13642573,5,True
stl10/test/03347,3347,0,airplane,CLIP ViT-B/32 + linear head,grayscale,0,airplane,0.14913933,0,True
stl10/test/05677,5677,2,car,CLIP ViT-B/32 + linear head,grayscale,2,car,0.14081003,2,True
stl10/test/03412,3412,8,ship,CLIP ViT-B/32 + linear head,grayscale,8,ship,0.15124117,8,True
stl10/test/03937,3937,1,bird,CLIP ViT-B/32 + linear head,grayscale,1,bird,0.15149365,1,True
stl10/test/00873,873,6,horse,CLIP ViT-B/32 + linear head,grayscale,6,horse,0.13085341,4,False
stl10/test/02167,2167,9,truck,CLIP ViT-B/32 + linear head,grayscale,9,truck,0.13209476,9,True
stl10/test/06490,6490,3,cat,CLIP ViT-B/32 + linear head,grayscale,3,cat,0.12471578,3,True
stl10/test/00738,738,3,cat,CLIP ViT-B/32 + linear head,grayscale,3,cat,0.12695947,3,True
stl10/test/06616,6616,2,car,CLIP ViT-B/32 + linear head,grayscale,2,car,0.13246459,2,True
stl10/test/04093,4093,6,horse,CLIP ViT-B/32 + linear head,grayscale,6,horse,0.13573697,6,True
stl10/test/05788,5788,9,truck,CLIP ViT-B/32 + linear head,grayscale,9,truck,0.12964211,9,True
stl10/test/07818,7818,8,ship,CLIP ViT-B/32 + linear head,grayscale,8,ship,0.15628365,8,True
stl10/test/00304,304,1,bird,CLIP ViT-B/32 + linear head,grayscale,1,bird,0.120936915,1,True
stl10/test/02082,2082,2,car,CLIP ViT-B/32 + linear head,grayscale,2,car,0.12989523,2,True
stl10/test/02746,2746,7,monkey,CLIP ViT-B/32 + linear head,grayscale,7,monkey,0.13915743,7,True
stl10/test/07944,7944,4,deer,CLIP ViT-B/32 + linear head,grayscale,4,deer,0.13318376,4,True
stl10/test/06689,6689,8,ship,CLIP ViT-B/32 + linear head,grayscale,8,ship,0.13904308,8,True
stl10/test/02414,2414,9,truck,CLIP ViT-B/32 + linear head,grayscale,9,truck,0.12630601,9,True
stl10/test/03779,3779,6,horse,CLIP ViT-B/32 + linear head,grayscale,6,horse,0.14296627,6,True
stl10/test/02095,2095,1,bird,CLIP ViT-B/32 + linear head,grayscale,1,bird,0.13264528,1,True
stl10/test/07262,7262,0,airplane,CLIP ViT-B/32 + linear head,grayscale,0,airplane,0.14911966,0,True
stl10/test/05694,5694,8,ship,CLIP ViT-B/32 + linear head,grayscale,8,ship,0.15107125,8,True
stl10/test/07413,7413,5,dog,CLIP ViT-B/32 + linear head,grayscale,3,cat,0.12359964,3,True
stl10/test/06805,6805,1,bird,CLIP ViT-B/32 + linear head,grayscale,1,bird,0.13062224,1,True
stl10/test/03446,3446,7,monkey,CLIP ViT-B/32 + linear head,grayscale,7,monkey,0.13572907,7,True
stl10/test/02807,2807,5,dog,CLIP ViT-B/32 + linear head,grayscale,3,cat,0.11723789,4,False
stl10/test/07940,7940,4,deer,CLIP ViT-B/32 + linear head,grayscale,4,deer,0.1461121,4,True
stl10/test/04172,4172,7,monkey,CLIP ViT-B/32 + linear head,grayscale,7,monkey,0.13815087,7,True
stl10/test/07744,7744,3,cat,CLIP ViT-B/32 + linear head,grayscale,3,cat,0.13346468,3,True
stl10/test/01586,1586,2,car,CLIP ViT-B/32 + linear head,grayscale,2,car,0.14710456,2,True
stl10/test/07999,7999,8,ship,CLIP ViT-B/32 + linear head,grayscale,8,ship,0.14592274,8,True
stl10/test/06349,6349,1,bird,CLIP ViT-B/32 + linear head,grayscale,1,bird,0.12377605,1,True
stl10/test/06594,6594,1,bird,CLIP ViT-B/32 + linear head,grayscale,1,bird,0.13704747,1,True
stl10/test/02109,2109,8,ship,CLIP ViT-B/32 + linear head,grayscale,8,ship,0.1596402,8,True
stl10/test/03079,3079,1,bird,CLIP ViT-B/32 + linear head,grayscale,1,bird,0.1491065,1,True
stl10/test/02070,2070,1,bird,CLIP ViT-B/32 + linear head,grayscale,1,bird,0.13458161,1,True
stl10/test/00319,319,5,dog,CLIP ViT-B/32 + linear head,grayscale,5,dog,0.13313776,5,True
stl10/test/02888,2888,0,airplane,CLIP ViT-B/32 + linear head,grayscale,0,airplane,0.14737509,0,True
stl10/test/06224,6224,5,dog,CLIP ViT-B/32 + linear head,grayscale,5,dog,0.12858342,5,True
stl10/test/03353,3353,5,dog,CLIP ViT-B/32 + linear head,grayscale,5,dog,0.120601274,5,True
stl10/test/06244,6244,2,car,CLIP ViT-B/32 + linear head,grayscale,2,car,0.13113888,2,True
stl10/test/04704,4704,7,monkey,CLIP ViT-B/32 + linear head,grayscale,7,monkey,0.14477281,7,True
stl10/test/02427,2427,5,dog,CLIP ViT-B/32 + linear head,grayscale,5,dog,0.13778138,5,True
stl10/test/07995,7995,9,truck,CLIP ViT-B/32 + linear head,grayscale,2,car,0.1227286,9,False
stl10/test/01124,1124,4,deer,CLIP ViT-B/32 + linear head,grayscale,4,deer,0.13807106,4,True
stl10/test/06733,6733,1,bird,CLIP ViT-B/32 + linear head,grayscale,1,bird,0.122959584,1,True
stl10/test/02062,2062,9,truck,CLIP ViT-B/32 + linear head,grayscale,9,truck,0.14276657,9,True
stl10/test/00805,805,9,truck,CLIP ViT-B/32 + linear head,grayscale,9,truck,0.12522319,9,True
stl10/test/02028,2028,3,cat,CLIP ViT-B/32 + linear head,grayscale,3,cat,0.14182718,3,True
stl10/test/02392,2392,2,car,CLIP ViT-B/32 + linear head,grayscale,2,car,0.14001381,2,True
stl10/test/03292,3292,6,horse,CLIP ViT-B/32 + linear head,grayscale,6,horse,0.114333756,6,True
stl10/test/01440,1440,7,monkey,CLIP ViT-B/32 + linear head,grayscale,7,monkey,0.14861444,7,True
stl10/test/01115,1115,1,bird,CLIP ViT-B/32 + linear head,grayscale,1,bird,0.12982373,1,True
stl10/test/04242,4242,8,ship,CLIP ViT-B/32 + linear head,grayscale,8,ship,0.15312526,8,True
stl10/test/02230,2230,8,ship,CLIP ViT-B/32 + linear head,grayscale,8,ship,0.1461692,8,True
stl10/test/03163,3163,2,car,CLIP ViT-B/32 + linear head,grayscale,2,car,0.14449961,2,True
stl10/test/00545,545,6,horse,CLIP ViT-B/32 + linear head,grayscale,6,horse,0.12542213,6,True
stl10/test/03863,3863,5,dog,CLIP ViT-B/32 + linear head,grayscale,5,dog,0.13421643,5,True
stl10/test/04748,4748,7,monkey,CLIP ViT-B/32 + linear head,grayscale,7,monkey,0.14598793,7,True
stl10/test/02399,2399,4,deer,CLIP ViT-B/32 + linear head,grayscale,4,deer,0.13992481,4,True
stl10/test/04341,4341,6,horse,CLIP ViT-B/32 + linear head,grayscale,6,horse,0.14132139,6,True
stl10/test/03078,3078,4,deer,CLIP ViT-B/32 + linear head,grayscale,4,deer,0.15222645,4,True
stl10/test/03763,3763,4,deer,CLIP ViT-B/32 + linear head,grayscale,4,deer,0.15821469,4,True
stl10/test/02958,2958,6,horse,CLIP ViT-B/32 + linear head,grayscale,6,horse,0.14742418,6,True
stl10/test/06381,6381,6,horse,CLIP ViT-B/32 + linear head,grayscale,6,horse,0.14381362,6,True
stl10/test/01640,1640,8,ship,CLIP ViT-B/32 + linear head,grayscale,8,ship,0.15451919,8,True
stl10/test/01783,1783,8,ship,CLIP ViT-B/32 + linear head,grayscale,8,ship,0.16139954,8,True
stl10/test/03914,3914,3,cat,CLIP ViT-B/32 + linear head,grayscale,3,cat,0.1443142,3,True
stl10/test/01534,1534,6,horse,CLIP ViT-B/32 + linear head,grayscale,6,horse,0.12434492,6,True
stl10/test/00685,685,5,dog,CLIP ViT-B/32 + linear head,grayscale,5,dog,0.13690522,5,True
stl10/test/04617,4617,0,airplane,CLIP ViT-B/32 + linear head,grayscale,0,airplane,0.15014663,0,True
stl10/test/05508,5508,9,truck,CLIP ViT-B/32 + linear head,grayscale,9,truck,0.1389746,9,True
stl10/test/01022,1022,9,truck,CLIP ViT-B/32 + linear head,grayscale,2,car,0.11740796,9,False
stl10/test/01230,1230,1,bird,CLIP ViT-B/32 + linear head,grayscale,7,monkey,0.12967224,7,True
stl10/test/07475,7475,4,deer,CLIP ViT-B/32 + linear head,grayscale,4,deer,0.16103211,4,True
stl10/test/05756,5756,2,car,CLIP ViT-B/32 + linear head,grayscale,2,car,0.14314009,2,True
stl10/test/03122,3122,4,deer,CLIP ViT-B/32 + linear head,grayscale,4,deer,0.13779071,4,True
stl10/test/07202,7202,1,bird,CLIP ViT-B/32 + linear head,grayscale,1,bird,0.14059791,1,True
stl10/test/04723,4723,9,truck,CLIP ViT-B/32 + linear head,grayscale,9,truck,0.12575705,9,True
stl10/test/01552,1552,5,dog,CLIP ViT-B/32 + linear head,grayscale,4,deer,0.1386002,5,False
stl10/test/00603,603,9,truck,CLIP ViT-B/32 + linear head,grayscale,9,truck,0.13753895,9,True
stl10/test/02861,2861,3,cat,CLIP ViT-B/32 + linear head,grayscale,3,cat,0.13797605,3,True
stl10/test/06426,6426,2,car,CLIP ViT-B/32 + linear head,grayscale,2,car,0.15047373,2,True
stl10/test/07864,7864,4,deer,CLIP ViT-B/32 + linear head,grayscale,4,deer,0.15963884,4,True
stl10/test/05729,5729,6,horse,CLIP ViT-B/32 + linear head,grayscale,6,horse,0.13616282,6,True
stl10/test/07474,7474,5,dog,CLIP ViT-B/32 + linear head,grayscale,5,dog,0.1435845,5,True
stl10/test/04298,4298,1,bird,CLIP ViT-B/32 + linear head,grayscale,1,bird,0.15141264,1,True
stl10/test/01175,1175,0,airplane,CLIP ViT-B/32 + linear head,grayscale,0,airplane,0.14895684,0,True
stl10/test/03454,3454,2,car,CLIP ViT-B/32 + linear head,grayscale,2,car,0.14827983,2,True
stl10/test/02754,2754,3,cat,CLIP ViT-B/32 + linear head,grayscale,3,cat,0.14597212,3,True
stl10/test/00855,855,4,deer,CLIP ViT-B/32 + linear head,grayscale,4,deer,0.14947483,4,True
stl10/test/02854,2854,7,monkey,CLIP ViT-B/32 + linear head,grayscale,7,monkey,0.13764358,7,True
stl10/test/05092,5092,1,bird,CLIP ViT-B/32 + linear head,grayscale,1,bird,0.14243488,1,True
stl10/test/05590,5590,9,truck,CLIP ViT-B/32 + linear head,grayscale,9,truck,0.12608154,9,True
stl10/test/04463,4463,3,cat,CLIP ViT-B/32 + linear head,grayscale,3,cat,0.13849194,3,True
stl10/test/05318,5318,2,car,CLIP ViT-B/32 + linear head,grayscale,2,car,0.11722728,2,True
stl10/test/03515,3515,6,horse,CLIP ViT-B/32 + linear head,grayscale,6,horse,0.13866884,6,True
stl10/test/04642,4642,4,deer,CLIP ViT-B/32 + linear head,grayscale,4,deer,0.15155518,4,True
stl10/test/00852,852,9,truck,CLIP ViT-B/32 + linear head,grayscale,9,truck,0.14117783,9,True
stl10/test/01247,1247,8,ship,CLIP ViT-B/32 + linear head,grayscale,8,ship,0.14542226,8,True
stl10/test/07084,7084,2,car,CLIP ViT-B/32 + linear head,grayscale,2,car,0.1305399,2,True
stl10/test/05301,5301,9,truck,CLIP ViT-B/32 + linear head,grayscale,9,truck,0.1226952,9,True
stl10/test/05082,5082,6,horse,CLIP ViT-B/32 + linear head,grayscale,6,horse,0.1449538,6,True
stl10/test/05077,5077,4,deer,CLIP ViT-B/32 + linear head,grayscale,4,deer,0.14167103,4,True
stl10/test/01563,1563,3,cat,CLIP ViT-B/32 + linear head,grayscale,3,cat,0.12515572,7,False
stl10/test/00029,29,7,monkey,CLIP ViT-B/32 + linear head,grayscale,7,monkey,0.14973038,7,True
stl10/test/03867,3867,7,monkey,CLIP ViT-B/32 + linear head,grayscale,7,monkey,0.1430986,7,True
stl10/test/04620,4620,6,horse,CLIP ViT-B/32 + linear head,grayscale,6,horse,0.14010917,6,True
stl10/test/04065,4065,2,car,CLIP ViT-B/32 + linear head,grayscale,2,car,0.1298517,2,True
stl10/test/01095,1095,5,dog,CLIP ViT-B/32 + linear head,grayscale,5,dog,0.13521573,5,True
stl10/test/04229,4229,3,cat,CLIP ViT-B/32 + linear head,grayscale,3,cat,0.14330485,3,True
stl10/test/03562,3562,3,cat,CLIP ViT-B/32 + linear head,grayscale,4,deer,0.124377504,3,False
stl10/test/02342,2342,8,ship,CLIP ViT-B/32 + linear head,grayscale,8,ship,0.1534439,8,True
stl10/test/01667,1667,6,horse,CLIP ViT-B/32 + linear head,grayscale,6,horse,0.14354995,6,True
stl10/test/07033,7033,1,bird,CLIP ViT-B/32 + linear head,grayscale,1,bird,0.13291377,1,True
stl10/test/01771,1771,7,monkey,CLIP ViT-B/32 + linear head,grayscale,7,monkey,0.12694621,7,True
stl10/test/03157,3157,8,ship,CLIP ViT-B/32 + linear head,grayscale,8,ship,0.14512375,8,True
stl10/test/03851,3851,3,cat,CLIP ViT-B/32 + linear head,grayscale,3,cat,0.1335845,3,True
stl10/test/01287,1287,7,monkey,CLIP ViT-B/32 + linear head,grayscale,7,monkey,0.12660211,7,True
stl10/test/07320,7320,0,airplane,CLIP ViT-B/32 + linear head,grayscale,0,airplane,0.13854322,0,True
stl10/test/07600,7600,6,horse,CLIP ViT-B/32 + linear head,grayscale,6,horse,0.14515741,6,True
stl10/test/03852,3852,5,dog,CLIP ViT-B/32 + linear head,grayscale,5,dog,0.13522696,5,True
stl10/test/00269,269,7,monkey,CLIP ViT-B/32 + linear head,grayscale,7,monkey,0.14046891,7,True
stl10/test/01703,1703,7,monkey,CLIP ViT-B/32 + linear head,grayscale,7,monkey,0.13089393,7,True
stl10/test/07776,7776,5,dog,CLIP ViT-B/32 + linear head,grayscale,5,dog,0.116628535,5,True
stl10/test/03891,3891,4,deer,CLIP ViT-B/32 + linear head,grayscale,4,deer,0.13935243,4,True
stl10/test/07009,7009,0,airplane,CLIP ViT-B/32 + linear head,grayscale,0,airplane,0.13264231,0,True
stl10/test/04893,4893,0,airplane,CLIP ViT-B/32 + linear head,grayscale,0,airplane,0.15389849,0,True
stl10/test/02351,2351,9,truck,CLIP ViT-B/32 + linear head,grayscale,9,truck,0.13361375,9,True
stl10/test/03550,3550,1,bird,CLIP ViT-B/32 + linear head,grayscale,1,bird,0.13234162,1,True
stl10/test/05719,5719,7,monkey,CLIP ViT-B/32 + linear head,grayscale,7,monkey,0.14303038,7,True
stl10/test/01884,1884,7,monkey,CLIP ViT-B/32 + linear head,grayscale,7,monkey,0.13693042,7,True
stl10/test/02898,2898,4,deer,CLIP ViT-B/32 + linear head,grayscale,4,deer,0.1556157,4,True
stl10/test/04640,4640,1,bird,CLIP ViT-B/32 + linear head,grayscale,1,bird,0.124650754,1,True
stl10/test/07610,7610,4,deer,CLIP ViT-B/32 + linear head,grayscale,4,deer,0.14935982,4,True
stl10/test/01833,1833,8,ship,CLIP ViT-B/32 + linear head,grayscale,8,ship,0.15467325,8,True
stl10/test/06455,6455,0,airplane,CLIP ViT-B/32 + linear head,grayscale,0,airplane,0.14068605,0,True
stl10/test/03893,3893,9,truck,CLIP ViT-B/32 + linear head,grayscale,9,truck,0.12763628,9,True
stl10/test/04731,4731,6,horse,CLIP ViT-B/32 + linear head,grayscale,6,horse,0.14697573,6,True
stl10/test/00929,929,6,horse,CLIP ViT-B/32 + linear head,grayscale,6,horse,0.14713421,6,True
stl10/test/03962,3962,6,horse,CLIP ViT-B/32 + linear head,grayscale,6,horse,0.13305442,6,True
stl10/test/03778,3778,3,cat,CLIP ViT-B/32 + linear head,grayscale,3,cat,0.12514141,3,True
stl10/test/01429,1429,4,deer,CLIP ViT-B/32 + linear head,grayscale,4,deer,0.12599102,4,True
stl10/test/00049,49,2,car,CLIP ViT-B/32 + linear head,grayscale,2,car,0.13832821,2,True
stl10/test/00276,276,9,truck,CLIP ViT-B/32 + linear head,grayscale,9,truck,0.121952824,9,True
stl10/test/06076,6076,1,bird,CLIP ViT-B/32 + linear head,grayscale,1,bird,0.14676294,1,True
stl10/test/01389,1389,0,airplane,CLIP ViT-B/32 + linear head,grayscale,0,airplane,0.14786163,0,True
stl10/test/03362,3362,2,car,CLIP ViT-B/32 + linear head,grayscale,2,car,0.13932256,2,True
stl10/test/00317,317,2,car,CLIP ViT-B/32 + linear head,grayscale,2,car,0.14234056,2,True
stl10/test/04675,4675,0,airplane,CLIP ViT-B/32 + linear head,grayscale,0,airplane,0.13962983,0,True
stl10/test/05924,5924,5,dog,CLIP ViT-B/32 + linear head,grayscale,7,monkey,0.11864149,5,False
stl10/test/00198,198,1,bird,CLIP ViT-B/32 + linear head,grayscale,1,bird,0.1436289,1,True
stl10/test/07779,7779,6,horse,CLIP ViT-B/32 + linear head,grayscale,6,horse,0.13816242,6,True
stl10/test/04054,4054,4,deer,CLIP ViT-B/32 + linear head,grayscale,4,deer,0.14373884,4,True
stl10/test/05556,5556,4,deer,CLIP ViT-B/32 + linear head,grayscale,4,deer,0.15580799,4,True
stl10/test/02687,2687,1,bird,CLIP ViT-B/32 + linear head,grayscale,1,bird,0.14672983,1,True
stl10/test/01202,1202,2,car,CLIP ViT-B/32 + linear head,grayscale,2,car,0.14895849,2,True
stl10/test/00097,97,5,dog,CLIP ViT-B/32 + linear head,grayscale,5,dog,0.11636707,5,True
stl10/test/06033,6033,4,deer,CLIP ViT-B/32 + linear head,grayscale,4,deer,0.116815016,4,True
stl10/test/01711,1711,7,monkey,CLIP ViT-B/32 + linear head,grayscale,7,monkey,0.14168839,7,True
stl10/test/01430,1430,9,truck,CLIP ViT-B/32 + linear head,grayscale,9,truck,0.13784781,9,True
stl10/test/00739,739,8,ship,CLIP ViT-B/32 + linear head,grayscale,8,ship,0.14409126,8,True
stl10/test/03491,3491,1,bird,CLIP ViT-B/32 + linear head,grayscale,1,bird,0.14450774,1,True
stl10/test/01568,1568,1,bird,CLIP ViT-B/32 + linear head,grayscale,1,bird,0.14053382,1,True
stl10/test/01211,1211,4,deer,CLIP ViT-B/32 + linear head,grayscale,4,deer,0.1397999,4,True
stl10/test/04913,4913,2,car,CLIP ViT-B/32 + linear head,grayscale,2,car,0.1368221,2,True
stl10/test/02502,2502,2,car,CLIP ViT-B/32 + linear head,grayscale,2,car,0.14184481,2,True
stl10/test/02539,2539,3,cat,CLIP ViT-B/32 + linear head,grayscale,3,cat,0.13897175,3,True
stl10/test/00979,979,3,cat,CLIP ViT-B/32 + linear head,grayscale,3,cat,0.13307999,3,True
stl10/test/06354,6354,2,car,CLIP ViT-B/32 + linear head,grayscale,2,car,0.12198418,2,True
stl10/test/04735,4735,2,car,CLIP ViT-B/32 + linear head,grayscale,2,car,0.1352544,2,True
stl10/test/05912,5912,0,airplane,CLIP ViT-B/32 + linear head,grayscale,0,airplane,0.14509751,0,True
stl10/test/03844,3844,6,horse,CLIP ViT-B/32 + linear head,grayscale,6,horse,0.13803041,6,True
stl10/test/01263,1263,3,cat,CLIP ViT-B/32 + linear head,grayscale,3,cat,0.13493508,3,True
stl10/test/03404,3404,7,monkey,CLIP ViT-B/32 + linear head,grayscale,7,monkey,0.14276797,7,True
stl10/test/03905,3905,8,ship,CLIP ViT-B/32 + linear head,grayscale,8,ship,0.15481521,8,True
stl10/test/01596,1596,0,airplane,CLIP ViT-B/32 + linear head,grayscale,0,airplane,0.1544092,0,True
stl10/test/03083,3083,0,airplane,CLIP ViT-B/32 + linear head,grayscale,0,airplane,0.14279912,0,True
stl10/test/02003,2003,6,horse,CLIP ViT-B/32 + linear head,grayscale,6,horse,0.14289157,6,True
stl10/test/05030,5030,2,car,CLIP ViT-B/32 + linear head,grayscale,2,car,0.14245592,2,True
stl10/test/00095,95,1,bird,CLIP ViT-B/32 + linear head,grayscale,1,bird,0.1473161,1,True
stl10/test/02757,2757,4,deer,CLIP ViT-B/32 + linear head,grayscale,4,deer,0.14874382,4,True
stl10/test/03413,3413,1,bird,CLIP ViT-B/32 + linear head,grayscale,1,bird,0.15727234,1,True
stl10/test/05488,5488,1,bird,CLIP ViT-B/32 + linear head,grayscale,1,bird,0.122217424,1,True
stl10/test/04827,4827,6,horse,CLIP ViT-B/32 + linear head,grayscale,6,horse,0.12954682,6,True
stl10/test/01877,1877,5,dog,CLIP ViT-B/32 + linear head,grayscale,4,deer,0.11810158,5,False
stl10/test/02157,2157,1,bird,CLIP ViT-B/32 + linear head,grayscale,1,bird,0.1379385,1,True
stl10/test/04821,4821,3,cat,CLIP ViT-B/32 + linear head,grayscale,3,cat,0.13055825,3,True
stl10/test/04953,4953,5,dog,CLIP ViT-B/32 + linear head,grayscale,5,dog,0.11609115,5,True
stl10/test/05525,5525,8,ship,CLIP ViT-B/32 + linear head,grayscale,8,ship,0.1496694,8,True
stl10/test/05381,5381,5,dog,CLIP ViT-B/32 + linear head,grayscale,5,dog,0.13140838,5,True
stl10/test/00672,672,3,cat,CLIP ViT-B/32 + linear head,grayscale,3,cat,0.14203693,3,True
stl10/test/00323,323,7,monkey,CLIP ViT-B/32 + linear head,grayscale,7,monkey,0.14503093,7,True
stl10/test/05436,5436,7,monkey,CLIP ViT-B/32 + linear head,grayscale,7,monkey,0.13494377,7,True
stl10/test/05450,5450,7,monkey,CLIP ViT-B/32 + linear head,grayscale,7,monkey,0.1459528,7,True
stl10/test/06358,6358,5,dog,CLIP ViT-B/32 + linear head,grayscale,5,dog,0.120388635,5,True
stl10/test/00372,372,3,cat,CLIP ViT-B/32 + linear head,grayscale,3,cat,0.13890763,3,True
stl10/test/00378,378,5,dog,CLIP ViT-B/32 + linear head,grayscale,5,dog,0.14403127,5,True
stl10/test/07706,7706,5,dog,CLIP ViT-B/32 + linear head,grayscale,5,dog,0.11471137,5,True
stl10/test/02178,2178,1,bird,CLIP ViT-B/32 + linear head,grayscale,1,bird,0.13127291,1,True
stl10/test/05237,5237,2,car,CLIP ViT-B/32 + linear head,grayscale,2,car,0.1323827,2,True
stl10/test/05478,5478,0,airplane,CLIP ViT-B/32 + linear head,grayscale,0,airplane,0.13968132,0,True
stl10/test/05452,5452,9,truck,CLIP ViT-B/32 + linear head,grayscale,9,truck,0.122630484,9,True
stl10/test/05623,5623,4,deer,CLIP ViT-B/32 + linear head,grayscale,4,deer,0.15194438,4,True
stl10/test/06772,6772,7,monkey,CLIP ViT-B/32 + linear head,grayscale,4,deer,0.11720942,7,False
stl10/test/01111,1111,4,deer,CLIP ViT-B/32 + linear head,grayscale,4,deer,0.15691294,4,True
stl10/test/05528,5528,3,cat,CLIP ViT-B/32 + linear head,grayscale,3,cat,0.1357939,3,True
stl10/test/03777,3777,6,horse,CLIP ViT-B/32 + linear head,grayscale,6,horse,0.13590252,6,True
stl10/test/02458,2458,5,dog,CLIP ViT-B/32 + linear head,grayscale,5,dog,0.139638,5,True
stl10/test/04921,4921,2,car,CLIP ViT-B/32 + linear head,grayscale,2,car,0.13030194,2,True
stl10/test/03015,3015,8,ship,CLIP ViT-B/32 + linear head,grayscale,8,ship,0.1606918,8,True
stl10/test/07476,7476,8,ship,CLIP ViT-B/32 + linear head,grayscale,8,ship,0.12757564,8,True
stl10/test/01520,1520,2,car,CLIP ViT-B/32 + linear head,grayscale,2,car,0.12273767,2,True
stl10/test/06713,6713,6,horse,CLIP ViT-B/32 + linear head,grayscale,6,horse,0.13170165,6,True
stl10/test/01852,1852,1,bird,CLIP ViT-B/32 + linear head,grayscale,1,bird,0.15499055,1,True
stl10/test/02268,2268,5,dog,CLIP ViT-B/32 + linear head,grayscale,5,dog,0.13584621,5,True
stl10/test/00151,151,8,ship,CLIP ViT-B/32 + linear head,grayscale,8,ship,0.14005813,8,True
stl10/test/00890,890,6,horse,CLIP ViT-B/32 + linear head,grayscale,6,horse,0.1439943,6,True
stl10/test/00825,825,1,bird,CLIP ViT-B/32 + linear head,grayscale,1,bird,0.13404699,1,True
stl10/test/02536,2536,3,cat,CLIP ViT-B/32 + linear head,grayscale,3,cat,0.13750894,3,True
stl10/test/00470,470,2,car,CLIP ViT-B/32 + linear head,grayscale,2,car,0.14644735,2,True
stl10/test/05256,5256,1,bird,CLIP ViT-B/32 + linear head,grayscale,1,bird,0.13853465,1,True
stl10/test/02011,2011,9,truck,CLIP ViT-B/32 + linear head,grayscale,9,truck,0.12790437,9,True
stl10/test/07150,7150,0,airplane,CLIP ViT-B/32 + linear head,grayscale,0,airplane,0.14888,0,True
stl10/test/00449,449,6,horse,CLIP ViT-B/32 + linear head,grayscale,6,horse,0.1390209,6,True
stl10/test/02704,2704,4,deer,CLIP ViT-B/32 + linear head,grayscale,4,deer,0.14602096,4,True
stl10/test/03437,3437,0,airplane,CLIP ViT-B/32 + linear head,grayscale,0,airplane,0.13328604,0,True
stl10/test/03375,3375,3,cat,CLIP ViT-B/32 + linear head,grayscale,3,cat,0.13823262,3,True
stl10/test/04552,4552,8,ship,CLIP ViT-B/32 + linear head,grayscale,8,ship,0.1350793,8,True
stl10/test/00920,920,6,horse,CLIP ViT-B/32 + linear head,grayscale,6,horse,0.140074,6,True
stl10/test/02242,2242,0,airplane,CLIP ViT-B/32 + linear head,grayscale,0,airplane,0.13989295,0,True
stl10/test/02745,2745,8,ship,CLIP ViT-B/32 + linear head,grayscale,8,ship,0.15818596,8,True
stl10/test/01032,1032,7,monkey,CLIP ViT-B/32 + linear head,grayscale,7,monkey,0.115698285,7,True
stl10/test/00365,365,3,cat,CLIP ViT-B/32 + linear head,grayscale,3,cat,0.1417788,3,True
stl10/test/04850,4850,5,dog,CLIP ViT-B/32 + linear head,grayscale,5,dog,0.1376582,5,True
stl10/test/04819,4819,0,airplane,CLIP ViT-B/32 + linear head,grayscale,0,airplane,0.15001617,0,True
stl10/test/07338,7338,6,horse,CLIP ViT-B/32 + linear head,grayscale,6,horse,0.13642128,6,True
stl10/test/07372,7372,0,airplane,CLIP ViT-B/32 + linear head,grayscale,0,airplane,0.14538991,0,True
stl10/test/01090,1090,1,bird,CLIP ViT-B/32 + linear head,grayscale,1,bird,0.13005929,1,True
stl10/test/05062,5062,4,deer,CLIP ViT-B/32 + linear head,grayscale,4,deer,0.14737128,4,True
stl10/test/00981,981,2,car,CLIP ViT-B/32 + linear head,grayscale,2,car,0.1396323,2,True
stl10/test/05857,5857,6,horse,CLIP ViT-B/32 + linear head,grayscale,6,horse,0.13255168,6,True
stl10/test/01986,1986,1,bird,CLIP ViT-B/32 + linear head,grayscale,1,bird,0.1231938,1,True
stl10/test/05560,5560,1,bird,CLIP ViT-B/32 + linear head,grayscale,1,bird,0.12751247,1,True
stl10/test/01814,1814,2,car,CLIP ViT-B/32 + linear head,grayscale,2,car,0.13860653,2,True
stl10/test/00194,194,8,ship,CLIP ViT-B/32 + linear head,grayscale,8,ship,0.16027248,8,True
stl10/test/01993,1993,1,bird,CLIP ViT-B/32 + linear head,grayscale,1,bird,0.14297041,1,True
stl10/test/05333,5333,2,car,CLIP ViT-B/32 + linear head,grayscale,2,car,0.14861284,2,True
stl10/test/04311,4311,8,ship,CLIP ViT-B/32 + linear head,grayscale,8,ship,0.1566416,8,True
stl10/test/07425,7425,2,car,CLIP ViT-B/32 + linear head,grayscale,2,car,0.14412288,2,True
stl10/test/03889,3889,5,dog,CLIP ViT-B/32 + linear head,grayscale,5,dog,0.13935189,5,True
stl10/test/04308,4308,7,monkey,CLIP ViT-B/32 + linear head,grayscale,7,monkey,0.12328449,7,True
stl10/test/01960,1960,4,deer,CLIP ViT-B/32 + linear head,grayscale,4,deer,0.13376497,4,True
stl10/test/04399,4399,0,airplane,CLIP ViT-B/32 + linear head,grayscale,0,airplane,0.1377188,0,True
stl10/test/03191,3191,6,horse,CLIP ViT-B/32 + linear head,grayscale,6,horse,0.1197197,6,True
stl10/test/01626,1626,5,dog,CLIP ViT-B/32 + linear head,grayscale,5,dog,0.13242334,5,True
stl10/test/00176,176,3,cat,CLIP ViT-B/32 + linear head,grayscale,3,cat,0.13416381,3,True
stl10/test/07726,7726,6,horse,CLIP ViT-B/32 + linear head,grayscale,6,horse,0.13607113,6,True
stl10/test/02334,2334,5,dog,CLIP ViT-B/32 + linear head,grayscale,5,dog,0.1451239,5,True
stl10/test/01648,1648,0,airplane,CLIP ViT-B/32 + linear head,grayscale,0,airplane,0.14268374,0,True
stl10/test/06084,6084,7,monkey,CLIP ViT-B/32 + linear head,grayscale,7,monkey,0.15402904,7,True
stl10/test/03455,3455,0,airplane,CLIP ViT-B/32 + linear head,grayscale,0,airplane,0.13898699,0,True
stl10/test/01468,1468,9,truck,CLIP ViT-B/32 + linear head,grayscale,9,truck,0.124145195,9,True
stl10/test/01296,1296,7,monkey,CLIP ViT-B/32 + linear head,grayscale,4,deer,0.11734324,7,False
stl10/test/05213,5213,4,deer,CLIP ViT-B/32 + linear head,grayscale,4,deer,0.14707904,4,True
stl10/test/07047,7047,9,truck,CLIP ViT-B/32 + linear head,grayscale,9,truck,0.1348504,9,True
stl10/test/05360,5360,9,truck,CLIP ViT-B/32 + linear head,grayscale,9,truck,0.1286488,9,True
stl10/test/05824,5824,2,car,CLIP ViT-B/32 + linear head,grayscale,9,truck,0.11623987,2,False
stl10/test/07460,7460,8,ship,CLIP ViT-B/32 + linear head,grayscale,8,ship,0.12730466,8,True
stl10/test/04791,4791,7,monkey,CLIP ViT-B/32 + linear head,grayscale,7,monkey,0.14544018,7,True
stl10/test/06692,6692,2,car,CLIP ViT-B/32 + linear head,grayscale,2,car,0.13189745,2,True
stl10/test/06931,6931,9,truck,CLIP ViT-B/32 + linear head,grayscale,9,truck,0.12376841,9,True
stl10/test/00667,667,8,ship,CLIP ViT-B/32 + linear head,grayscale,8,ship,0.1500717,8,True
stl10/test/07781,7781,6,horse,CLIP ViT-B/32 + linear head,grayscale,6,horse,0.14580439,6,True
stl10/test/07793,7793,3,cat,CLIP ViT-B/32 + linear head,grayscale,3,cat,0.12968454,5,False
stl10/test/01411,1411,9,truck,CLIP ViT-B/32 + linear head,grayscale,9,truck,0.13650385,9,True
stl10/test/01473,1473,7,monkey,CLIP ViT-B/32 + linear head,grayscale,7,monkey,0.1515256,7,True
stl10/test/07130,7130,5,dog,CLIP ViT-B/32 + linear head,grayscale,5,dog,0.13362782,5,True
stl10/test/01956,1956,7,monkey,CLIP ViT-B/32 + linear head,grayscale,7,monkey,0.12751746,7,True
stl10/test/06716,6716,5,dog,CLIP ViT-B/32 + linear head,grayscale,5,dog,0.115616,5,True
stl10/test/04106,4106,5,dog,CLIP ViT-B/32 + linear head,grayscale,5,dog,0.12534459,5,True
stl10/test/03494,3494,6,horse,CLIP ViT-B/32 + linear head,grayscale,6,horse,0.1473458,6,True
stl10/test/00691,691,4,deer,CLIP ViT-B/32 + linear head,grayscale,4,deer,0.1486215,4,True
stl10/test/05220,5220,1,bird,CLIP ViT-B/32 + linear head,grayscale,3,cat,0.11200612,3,True
stl10/test/04908,4908,3,cat,CLIP ViT-B/32 + linear head,grayscale,3,cat,0.14260446,3,True
stl10/test/07029,7029,1,bird,CLIP ViT-B/32 + linear head,grayscale,1,bird,0.14590709,1,True
stl10/test/04130,4130,0,airplane,CLIP ViT-B/32 + linear head,grayscale,0,airplane,0.14293009,0,True
stl10/test/07938,7938,9,truck,CLIP ViT-B/32 + linear head,grayscale,9,truck,0.123894714,9,True
stl10/test/05101,5101,5,dog,CLIP ViT-B/32 + linear head,grayscale,5,dog,0.13362692,5,True
stl10/test/01515,1515,9,truck,CLIP ViT-B/32 + linear head,grayscale,9,truck,0.1360143,9,True
stl10/test/03287,3287,4,deer,CLIP ViT-B/32 + linear head,grayscale,4,deer,0.16106942,4,True
stl10/test/00716,716,8,ship,CLIP ViT-B/32 + linear head,grayscale,8,ship,0.154233,8,True
stl10/test/04236,4236,7,monkey,CLIP ViT-B/32 + linear head,grayscale,7,monkey,0.12450695,7,True
stl10/test/05408,5408,6,horse,CLIP ViT-B/32 + linear head,grayscale,6,horse,0.13305122,6,True
stl10/test/05496,5496,5,dog,CLIP ViT-B/32 + linear head,grayscale,5,dog,0.13484699,5,True
stl10/test/03365,3365,4,deer,CLIP ViT-B/32 + linear head,grayscale,4,deer,0.15217595,4,True
stl10/test/04323,4323,3,cat,CLIP ViT-B/32 + linear head,grayscale,3,cat,0.12875445,3,True
stl10/test/05467,5467,4,deer,CLIP ViT-B/32 + linear head,grayscale,4,deer,0.15034847,4,True
stl10/test/01644,1644,5,dog,CLIP ViT-B/32 + linear head,grayscale,5,dog,0.13758133,5,True
stl10/test/03948,3948,8,ship,CLIP ViT-B/32 + linear head,grayscale,8,ship,0.1413632,8,True
stl10/test/06726,6726,7,monkey,CLIP ViT-B/32 + linear head,grayscale,7,monkey,0.13310604,7,True
stl10/test/05395,5395,2,car,CLIP ViT-B/32 + linear head,grayscale,2,car,0.14624362,2,True
stl10/test/01579,1579,7,monkey,CLIP ViT-B/32 + linear head,grayscale,7,monkey,0.12507711,7,True
stl10/test/05918,5918,0,airplane,CLIP ViT-B/32 + linear head,grayscale,0,airplane,0.14400114,0,True
stl10/test/07041,7041,5,dog,CLIP ViT-B/32 + linear head,grayscale,6,horse,0.108981684,5,False
stl10/test/00506,506,4,deer,CLIP ViT-B/32 + linear head,grayscale,4,deer,0.13201725,4,True
stl10/test/04011,4011,6,horse,CLIP ViT-B/32 + linear head,grayscale,6,horse,0.15384722,6,True
stl10/test/05981,5981,9,truck,CLIP ViT-B/32 + linear head,grayscale,9,truck,0.122287825,9,True
stl10/test/00409,409,2,car,CLIP ViT-B/32 + linear head,grayscale,2,car,0.15382338,2,True
stl10/test/06954,6954,1,bird,CLIP ViT-B/32 + linear head,grayscale,1,bird,0.1306395,1,True
stl10/test/07555,7555,6,horse,CLIP ViT-B/32 + linear head,grayscale,6,horse,0.12106558,6,True
stl10/test/03965,3965,0,airplane,CLIP ViT-B/32 + linear head,grayscale,0,airplane,0.1424208,0,True
stl10/test/07266,7266,9,truck,CLIP ViT-B/32 + linear head,grayscale,9,truck,0.12358343,9,True
stl10/test/04785,4785,0,airplane,CLIP ViT-B/32 + linear head,grayscale,0,airplane,0.14102946,0,True
stl10/test/06028,6028,2,car,CLIP ViT-B/32 + linear head,grayscale,2,car,0.1438714,2,True
stl10/test/06503,6503,2,car,CLIP ViT-B/32 + linear head,grayscale,2,car,0.13177314,2,True
stl10/test/06414,6414,5,dog,CLIP ViT-B/32 + linear head,grayscale,5,dog,0.11042493,5,True
stl10/test/05382,5382,6,horse,CLIP ViT-B/32 + linear head,grayscale,6,horse,0.12575625,6,True
stl10/test/06836,6836,1,bird,CLIP ViT-B/32 + linear head,grayscale,1,bird,0.13267966,1,True
stl10/test/06508,6508,4,deer,CLIP ViT-B/32 + linear head,grayscale,4,deer,0.1523652,4,True
stl10/test/03994,3994,4,deer,CLIP ViT-B/32 + linear head,grayscale,4,deer,0.15328407,4,True
stl10/test/03942,3942,9,truck,CLIP ViT-B/32 + linear head,grayscale,9,truck,0.13561842,9,True
stl10/test/03542,3542,7,monkey,CLIP ViT-B/32 + linear head,grayscale,7,monkey,0.15001352,7,True
stl10/test/06952,6952,3,cat,CLIP ViT-B/32 + linear head,grayscale,3,cat,0.1303898,3,True
stl10/test/04290,4290,5,dog,CLIP ViT-B/32 + linear head,grayscale,1,bird,0.12391498,4,False
stl10/test/07446,7446,8,ship,CLIP ViT-B/32 + linear head,grayscale,8,ship,0.14292587,8,True
stl10/test/06169,6169,1,bird,CLIP ViT-B/32 + linear head,grayscale,6,horse,0.1061323,1,False
stl10/test/01109,1109,1,bird,CLIP ViT-B/32 + linear head,grayscale,1,bird,0.13133499,1,True
stl10/test/03179,3179,4,deer,CLIP ViT-B/32 + linear head,grayscale,4,deer,0.15459001,4,True
stl10/test/07835,7835,7,monkey,CLIP ViT-B/32 + linear head,grayscale,7,monkey,0.14142464,7,True
stl10/test/07390,7390,1,bird,CLIP ViT-B/32 + linear head,grayscale,1,bird,0.14106378,1,True
stl10/test/00568,568,5,dog,CLIP ViT-B/32 + linear head,grayscale,5,dog,0.12701777,3,False
stl10/test/04629,4629,4,deer,CLIP ViT-B/32 + linear head,grayscale,4,deer,0.14532147,4,True
stl10/test/07138,7138,8,ship,CLIP ViT-B/32 + linear head,grayscale,8,ship,0.13991658,8,True
stl10/test/05284,5284,9,truck,CLIP ViT-B/32 + linear head,grayscale,9,truck,0.119615555,9,True
stl10/test/00003,3,0,airplane,CLIP ViT-B/32 + linear head,grayscale,0,airplane,0.13913092,0,True
stl10/test/02690,2690,1,bird,CLIP ViT-B/32 + linear head,grayscale,1,bird,0.14439832,1,True
stl10/test/05858,5858,6,horse,CLIP ViT-B/32 + linear head,grayscale,6,horse,0.12561834,6,True
stl10/test/01266,1266,4,deer,CLIP ViT-B/32 + linear head,grayscale,4,deer,0.14825797,4,True
stl10/test/03034,3034,4,deer,CLIP ViT-B/32 + linear head,grayscale,4,deer,0.15130956,4,True
stl10/test/02655,2655,9,truck,CLIP ViT-B/32 + linear head,grayscale,9,truck,0.12555438,9,True
stl10/test/06190,6190,7,monkey,CLIP ViT-B/32 + linear head,grayscale,7,monkey,0.15442713,7,True
stl10/test/04170,4170,8,ship,CLIP ViT-B/32 + linear head,grayscale,8,ship,0.149755,8,True
stl10/test/07380,7380,9,truck,CLIP ViT-B/32 + linear head,grayscale,9,truck,0.14145556,9,True
stl10/test/07752,7752,9,truck,CLIP ViT-B/32 + linear head,grayscale,9,truck,0.12853523,9,True
stl10/test/03996,3996,9,truck,CLIP ViT-B/32 + linear head,grayscale,9,truck,0.13616204,9,True
stl10/test/01204,1204,3,cat,CLIP ViT-B/32 + linear head,grayscale,3,cat,0.13680314,3,True
stl10/test/01654,1654,9,truck,CLIP ViT-B/32 + linear head,grayscale,9,truck,0.1376442,9,True
stl10/test/04746,4746,6,horse,CLIP ViT-B/32 + linear head,grayscale,6,horse,0.14262287,6,True
stl10/test/04590,4590,3,cat,CLIP ViT-B/32 + linear head,grayscale,3,cat,0.1365947,3,True
stl10/test/00562,562,0,airplane,CLIP ViT-B/32 + linear head,grayscale,0,airplane,0.12539554,0,True
stl10/test/07108,7108,6,horse,CLIP ViT-B/32 + linear head,grayscale,6,horse,0.13852471,6,True
stl10/test/05999,5999,0,airplane,CLIP ViT-B/32 + linear head,grayscale,0,airplane,0.1378923,0,True
stl10/test/01403,1403,2,car,CLIP ViT-B/32 + linear head,grayscale,2,car,0.14168185,2,True
stl10/test/04403,4403,7,monkey,CLIP ViT-B/32 + linear head,grayscale,7,monkey,0.1509725,7,True
stl10/test/06332,6332,2,car,CLIP ViT-B/32 + linear head,grayscale,2,car,0.13608198,2,True
stl10/test/06264,6264,2,car,CLIP ViT-B/32 + linear head,grayscale,2,car,0.14579101,2,True
stl10/test/00303,303,9,truck,CLIP ViT-B/32 + linear head,grayscale,9,truck,0.13566674,9,True
stl10/test/00791,791,3,cat,CLIP ViT-B/32 + linear head,grayscale,3,cat,0.14247349,3,True
stl10/test/03067,3067,2,car,CLIP ViT-B/32 + linear head,grayscale,2,car,0.14022596,2,True
stl10/test/00484,484,0,airplane,CLIP ViT-B/32 + linear head,grayscale,0,airplane,0.14955467,0,True
stl10/test/01370,1370,3,cat,CLIP ViT-B/32 + linear head,grayscale,3,cat,0.13629694,3,True
stl10/test/04069,4069,8,ship,CLIP ViT-B/32 + linear head,grayscale,8,ship,0.114382565,8,True
stl10/test/07373,7373,0,airplane,CLIP ViT-B/32 + linear head,grayscale,0,airplane,0.14877176,0,True
stl10/test/04330,4330,3,cat,CLIP ViT-B/32 + linear head,grayscale,3,cat,0.13243039,5,False
stl10/test/05701,5701,5,dog,CLIP ViT-B/32 + linear head,grayscale,5,dog,0.13315874,5,True
stl10/test/07465,7465,0,airplane,CLIP ViT-B/32 + linear head,grayscale,0,airplane,0.1430062,0,True
stl10/test/01531,1531,3,cat,CLIP ViT-B/32 + linear head,grayscale,3,cat,0.12840149,3,True
stl10/test/04676,4676,8,ship,CLIP ViT-B/32 + linear head,grayscale,8,ship,0.15408598,8,True
stl10/test/04531,4531,3,cat,CLIP ViT-B/32 + linear head,grayscale,3,cat,0.13427716,3,True
stl10/test/00706,706,8,ship,CLIP ViT-B/32 + linear head,grayscale,8,ship,0.15175106,8,True
stl10/test/02844,2844,8,ship,CLIP ViT-B/32 + linear head,grayscale,8,ship,0.14838824,8,True
stl10/test/03755,3755,2,car,CLIP ViT-B/32 + linear head,grayscale,2,car,0.13505957,2,True
stl10/test/05848,5848,7,monkey,CLIP ViT-B/32 + linear head,grayscale,7,monkey,0.14809854,7,True
stl10/test/02114,2114,9,truck,CLIP ViT-B/32 + linear head,grayscale,9,truck,0.124757744,9,True
stl10/test/03876,3876,0,airplane,CLIP ViT-B/32 + linear head,grayscale,0,airplane,0.13278422,0,True
stl10/test/00677,677,3,cat,CLIP ViT-B/32 + linear head,grayscale,3,cat,0.13367112,3,True
stl10/test/02116,2116,1,bird,CLIP ViT-B/32 + linear head,grayscale,1,bird,0.13022734,1,True
stl10/test/04661,4661,7,monkey,CLIP ViT-B/32 + linear head,grayscale,7,monkey,0.15399247,7,True
stl10/test/02676,2676,6,horse,CLIP ViT-B/32 + linear head,grayscale,6,horse,0.12433876,6,True
stl10/test/03025,3025,0,airplane,CLIP ViT-B/32 + linear head,grayscale,0,airplane,0.13747439,0,True
stl10/test/04449,4449,9,truck,CLIP ViT-B/32 + linear head,grayscale,9,truck,0.120904855,9,True
stl10/test/00977,977,6,horse,CLIP ViT-B/32 + linear head,grayscale,6,horse,0.14894603,6,True
stl10/test/04990,4990,8,ship,CLIP ViT-B/32 + linear head,grayscale,8,ship,0.12694484,8,True
stl10/test/07309,7309,0,airplane,CLIP ViT-B/32 + linear head,grayscale,0,airplane,0.13951941,0,True
stl10/test/01048,1048,7,monkey,CLIP ViT-B/32 + linear head,grayscale,7,monkey,0.113433726,7,True
stl10/test/03276,3276,3,cat,CLIP ViT-B/32 + linear head,grayscale,3,cat,0.12286162,7,False
stl10/test/05512,5512,2,car,CLIP ViT-B/32 + linear head,grayscale,9,truck,0.11958123,9,True
stl10/test/07692,7692,4,deer,CLIP ViT-B/32 + linear head,grayscale,4,deer,0.14263749,4,True
stl10/test/01436,1436,1,bird,CLIP ViT-B/32 + linear head,grayscale,1,bird,0.14814809,1,True
stl10/test/07544,7544,9,truck,CLIP ViT-B/32 + linear head,grayscale,9,truck,0.12907566,9,True
stl10/test/03383,3383,3,cat,CLIP ViT-B/32 + linear head,grayscale,3,cat,0.14498435,3,True
stl10/test/01977,1977,0,airplane,CLIP ViT-B/32 + linear head,grayscale,0,airplane,0.14331731,0,True
stl10/test/02750,2750,0,airplane,CLIP ViT-B/32 + linear head,grayscale,8,ship,0.12118262,0,False
stl10/test/07996,7996,6,horse,CLIP ViT-B/32 + linear head,grayscale,6,horse,0.14914446,6,True
stl10/test/06989,6989,5,dog,CLIP ViT-B/32 + linear head,grayscale,5,dog,0.12852712,5,True
stl10/test/01431,1431,3,cat,CLIP ViT-B/32 + linear head,grayscale,3,cat,0.13422139,3,True
stl10/test/07416,7416,3,cat,CLIP ViT-B/32 + linear head,grayscale,3,cat,0.13012753,3,True
stl10/test/04547,4547,5,dog,CLIP ViT-B/32 + linear head,grayscale,5,dog,0.13670352,5,True
stl10/test/00042,42,0,airplane,CLIP ViT-B/32 + linear head,grayscale,0,airplane,0.1440904,0,True
stl10/test/05117,5117,0,airplane,CLIP ViT-B/32 + linear head,grayscale,0,airplane,0.14644195,0,True
stl10/test/04411,4411,6,horse,CLIP ViT-B/32 + linear head,grayscale,6,horse,0.13004725,6,True
stl10/test/05789,5789,4,deer,CLIP ViT-B/32 + linear head,grayscale,4,deer,0.15621576,4,True
stl10/test/00483,483,2,car,CLIP ViT-B/32 + linear head,grayscale,2,car,0.13815726,2,True
stl10/test/06650,6650,7,monkey,CLIP ViT-B/32 + linear head,grayscale,7,monkey,0.13791676,7,True
stl10/test/04881,4881,3,cat,CLIP ViT-B/32 + linear head,grayscale,1,bird,0.10856051,3,False
stl10/test/00391,391,3,cat,CLIP ViT-B/32 + linear head,grayscale,3,cat,0.13306212,3,True
stl10/test/00370,370,7,monkey,CLIP ViT-B/32 + linear head,grayscale,7,monkey,0.13702774,7,True
stl10/test/00419,419,9,truck,CLIP ViT-B/32 + linear head,grayscale,9,truck,0.12991342,9,True
stl10/test/03318,3318,9,truck,CLIP ViT-B/32 + linear head,grayscale,9,truck,0.12736495,9,True
stl10/test/04355,4355,8,ship,CLIP ViT-B/32 + linear head,grayscale,8,ship,0.14477015,8,True
stl10/test/05402,5402,4,deer,CLIP ViT-B/32 + linear head,grayscale,4,deer,0.16097873,4,True
stl10/test/05332,5332,5,dog,CLIP ViT-B/32 + linear head,grayscale,5,dog,0.12147956,5,True
stl10/test/00239,239,9,truck,CLIP ViT-B/32 + linear head,grayscale,9,truck,0.13664483,9,True
stl10/test/06271,6271,2,car,CLIP ViT-B/32 + linear head,grayscale,2,car,0.14652705,2,True
stl10/test/01129,1129,8,ship,CLIP ViT-B/32 + linear head,grayscale,8,ship,0.13752533,8,True
stl10/test/02391,2391,5,dog,CLIP ViT-B/32 + linear head,grayscale,5,dog,0.114434145,5,True
stl10/test/00191,191,9,truck,CLIP ViT-B/32 + linear head,grayscale,9,truck,0.12613875,9,True
stl10/test/05447,5447,9,truck,CLIP ViT-B/32 + linear head,grayscale,9,truck,0.12763222,9,True
stl10/test/06528,6528,4,deer,CLIP ViT-B/32 + linear head,grayscale,4,deer,0.13160662,4,True
stl10/test/00632,632,3,cat,CLIP ViT-B/32 zero-shot,grayscale,3,cat,0.9627399,3,True
stl10/test/00131,131,9,truck,CLIP ViT-B/32 zero-shot,grayscale,9,truck,0.9549538,9,True
stl10/test/07081,7081,7,monkey,CLIP ViT-B/32 zero-shot,grayscale,7,monkey,0.9943499,7,True
stl10/test/01836,1836,9,truck,CLIP ViT-B/32 zero-shot,grayscale,9,truck,0.9913646,9,True
stl10/test/06437,6437,0,airplane,CLIP ViT-B/32 zero-shot,grayscale,0,airplane,0.9833718,0,True
stl10/test/06609,6609,0,airplane,CLIP ViT-B/32 zero-shot,grayscale,0,airplane,0.98451483,0,True
stl10/test/03467,3467,7,monkey,CLIP ViT-B/32 zero-shot,grayscale,7,monkey,0.8835537,7,True
stl10/test/01401,1401,3,cat,CLIP ViT-B/32 zero-shot,grayscale,3,cat,0.803017,3,True
stl10/test/01839,1839,2,car,CLIP ViT-B/32 zero-shot,grayscale,2,car,0.9782608,2,True
stl10/test/04168,4168,3,cat,CLIP ViT-B/32 zero-shot,grayscale,3,cat,0.8984432,3,True
stl10/test/00035,35,2,car,CLIP ViT-B/32 zero-shot,grayscale,0,airplane,0.4702242,2,False
stl10/test/04177,4177,8,ship,CLIP ViT-B/32 zero-shot,grayscale,8,ship,0.99405295,8,True
stl10/test/07270,7270,7,monkey,CLIP ViT-B/32 zero-shot,grayscale,7,monkey,0.88534665,7,True
stl10/test/02265,2265,5,dog,CLIP ViT-B/32 zero-shot,grayscale,5,dog,0.8895108,5,True
stl10/test/03288,3288,7,monkey,CLIP ViT-B/32 zero-shot,grayscale,7,monkey,0.999065,7,True
stl10/test/05451,5451,8,ship,CLIP ViT-B/32 zero-shot,grayscale,8,ship,0.99912673,8,True
stl10/test/04023,4023,3,cat,CLIP ViT-B/32 zero-shot,grayscale,4,deer,0.6943162,3,False
stl10/test/00261,261,1,bird,CLIP ViT-B/32 zero-shot,grayscale,1,bird,0.99143183,1,True
stl10/test/04570,4570,5,dog,CLIP ViT-B/32 zero-shot,grayscale,5,dog,0.95101666,5,True
stl10/test/04966,4966,5,dog,CLIP ViT-B/32 zero-shot,grayscale,5,dog,0.89470965,5,True
stl10/test/07955,7955,1,bird,CLIP ViT-B/32 zero-shot,grayscale,1,bird,0.9984989,1,True
stl10/test/06288,6288,4,deer,CLIP ViT-B/32 zero-shot,grayscale,4,deer,0.9983657,4,True
stl10/test/07810,7810,8,ship,CLIP ViT-B/32 zero-shot,grayscale,8,ship,0.9990477,8,True
stl10/test/01927,1927,7,monkey,CLIP ViT-B/32 zero-shot,grayscale,7,monkey,0.9939114,7,True
stl10/test/01871,1871,1,bird,CLIP ViT-B/32 zero-shot,grayscale,1,bird,0.9941508,1,True
stl10/test/06922,6922,5,dog,CLIP ViT-B/32 zero-shot,grayscale,5,dog,0.95856136,5,True
stl10/test/03512,3512,4,deer,CLIP ViT-B/32 zero-shot,grayscale,4,deer,0.9988882,4,True
stl10/test/04754,4754,6,horse,CLIP ViT-B/32 zero-shot,grayscale,6,horse,0.99252325,6,True
stl10/test/00714,714,2,car,CLIP ViT-B/32 zero-shot,grayscale,2,car,0.7456232,2,True
stl10/test/02191,2191,8,ship,CLIP ViT-B/32 zero-shot,grayscale,8,ship,0.9982591,8,True
stl10/test/04615,4615,0,airplane,CLIP ViT-B/32 zero-shot,grayscale,0,airplane,0.94896334,0,True
stl10/test/04662,4662,8,ship,CLIP ViT-B/32 zero-shot,grayscale,8,ship,0.995365,8,True
stl10/test/05915,5915,9,truck,CLIP ViT-B/32 zero-shot,grayscale,9,truck,0.886265,9,True
stl10/test/00766,766,4,deer,CLIP ViT-B/32 zero-shot,grayscale,4,deer,0.5769607,6,False
stl10/test/05218,5218,2,car,CLIP ViT-B/32 zero-shot,grayscale,2,car,0.9775283,2,True
stl10/test/02340,2340,8,ship,CLIP ViT-B/32 zero-shot,grayscale,8,ship,0.9969613,8,True
stl10/test/01954,1954,8,ship,CLIP ViT-B/32 zero-shot,grayscale,8,ship,0.9888024,8,True
stl10/test/07875,7875,8,ship,CLIP ViT-B/32 zero-shot,grayscale,8,ship,0.9974685,8,True
stl10/test/03418,3418,6,horse,CLIP ViT-B/32 zero-shot,grayscale,6,horse,0.9984596,6,True
stl10/test/05572,5572,9,truck,CLIP ViT-B/32 zero-shot,grayscale,9,truck,0.827373,9,True
stl10/test/05977,5977,7,monkey,CLIP ViT-B/32 zero-shot,grayscale,7,monkey,0.995413,7,True
stl10/test/05123,5123,1,bird,CLIP ViT-B/32 zero-shot,grayscale,1,bird,0.9919511,1,True
stl10/test/05851,5851,9,truck,CLIP ViT-B/32 zero-shot,grayscale,9,truck,0.9949968,9,True
stl10/test/04094,4094,9,truck,CLIP ViT-B/32 zero-shot,grayscale,9,truck,0.9722045,9,True
stl10/test/04254,4254,6,horse,CLIP ViT-B/32 zero-shot,grayscale,6,horse,0.9980716,6,True
stl10/test/02501,2501,7,monkey,CLIP ViT-B/32 zero-shot,grayscale,7,monkey,0.985429,7,True
stl10/test/06938,6938,1,bird,CLIP ViT-B/32 zero-shot,grayscale,1,bird,0.99898666,1,True
stl10/test/00171,171,4,deer,CLIP ViT-B/32 zero-shot,grayscale,4,deer,0.99724424,4,True
stl10/test/04215,4215,3,cat,CLIP ViT-B/32 zero-shot,grayscale,3,cat,0.7997816,3,True
stl10/test/05705,5705,8,ship,CLIP ViT-B/32 zero-shot,grayscale,8,ship,0.99702674,8,True
stl10/test/03458,3458,4,deer,CLIP ViT-B/32 zero-shot,grayscale,4,deer,0.99810314,4,True
stl10/test/01220,1220,7,monkey,CLIP ViT-B/32 zero-shot,grayscale,7,monkey,0.9964199,7,True
stl10/test/00962,962,8,ship,CLIP ViT-B/32 zero-shot,grayscale,8,ship,0.9930565,8,True
stl10/test/02950,2950,5,dog,CLIP ViT-B/32 zero-shot,grayscale,5,dog,0.93770957,5,True
stl10/test/02623,2623,5,dog,CLIP ViT-B/32 zero-shot,grayscale,4,deer,0.8415151,5,False
stl10/test/04539,4539,0,airplane,CLIP ViT-B/32 zero-shot,grayscale,0,airplane,0.9751194,0,True
stl10/test/01553,1553,0,airplane,CLIP ViT-B/32 zero-shot,grayscale,0,airplane,0.9804002,0,True
stl10/test/04740,4740,4,deer,CLIP ViT-B/32 zero-shot,grayscale,4,deer,0.9847482,4,True
stl10/test/06844,6844,0,airplane,CLIP ViT-B/32 zero-shot,grayscale,0,airplane,0.8948579,0,True
stl10/test/02668,2668,7,monkey,CLIP ViT-B/32 zero-shot,grayscale,7,monkey,0.997563,7,True
stl10/test/03153,3153,7,monkey,CLIP ViT-B/32 zero-shot,grayscale,7,monkey,0.8927246,7,True
stl10/test/05135,5135,4,deer,CLIP ViT-B/32 zero-shot,grayscale,4,deer,0.99654776,4,True
stl10/test/02291,2291,3,cat,CLIP ViT-B/32 zero-shot,grayscale,3,cat,0.5486014,3,True
stl10/test/00116,116,1,bird,CLIP ViT-B/32 zero-shot,grayscale,1,bird,0.9967912,1,True
stl10/test/07797,7797,3,cat,CLIP ViT-B/32 zero-shot,grayscale,3,cat,0.8222617,3,True
stl10/test/04609,4609,3,cat,CLIP ViT-B/32 zero-shot,grayscale,7,monkey,0.9916419,7,True
stl10/test/00081,81,0,airplane,CLIP ViT-B/32 zero-shot,grayscale,0,airplane,0.808934,0,True
stl10/test/05580,5580,6,horse,CLIP ViT-B/32 zero-shot,grayscale,6,horse,0.9485071,6,True
stl10/test/03024,3024,2,car,CLIP ViT-B/32 zero-shot,grayscale,2,car,0.9755809,2,True
stl10/test/02766,2766,5,dog,CLIP ViT-B/32 zero-shot,grayscale,5,dog,0.9577985,5,True
stl10/test/05000,5000,8,ship,CLIP ViT-B/32 zero-shot,grayscale,8,ship,0.99702257,8,True
stl10/test/02610,2610,6,horse,CLIP ViT-B/32 zero-shot,grayscale,6,horse,0.99277014,6,True
stl10/test/02024,2024,0,airplane,CLIP ViT-B/32 zero-shot,grayscale,0,airplane,0.9220127,0,True
stl10/test/06097,6097,4,deer,CLIP ViT-B/32 zero-shot,grayscale,4,deer,0.9788411,4,True
stl10/test/00964,964,6,horse,CLIP ViT-B/32 zero-shot,grayscale,6,horse,0.981188,6,True
stl10/test/07634,7634,0,airplane,CLIP ViT-B/32 zero-shot,grayscale,0,airplane,0.9904331,0,True
stl10/test/06434,6434,8,ship,CLIP ViT-B/32 zero-shot,grayscale,8,ship,0.9984175,8,True
stl10/test/05183,5183,2,car,CLIP ViT-B/32 zero-shot,grayscale,2,car,0.98234934,2,True
stl10/test/06986,6986,0,airplane,CLIP ViT-B/32 zero-shot,grayscale,0,airplane,0.93103945,0,True
stl10/test/00645,645,5,dog,CLIP ViT-B/32 zero-shot,grayscale,5,dog,0.9501963,5,True
stl10/test/03347,3347,0,airplane,CLIP ViT-B/32 zero-shot,grayscale,0,airplane,0.97951365,0,True
stl10/test/05677,5677,2,car,CLIP ViT-B/32 zero-shot,grayscale,2,car,0.9297156,2,True
stl10/test/03412,3412,8,ship,CLIP ViT-B/32 zero-shot,grayscale,8,ship,0.99789125,8,True
stl10/test/03937,3937,1,bird,CLIP ViT-B/32 zero-shot,grayscale,1,bird,0.9990357,1,True
stl10/test/00873,873,6,horse,CLIP ViT-B/32 zero-shot,grayscale,6,horse,0.9800454,6,True
stl10/test/02167,2167,9,truck,CLIP ViT-B/32 zero-shot,grayscale,9,truck,0.9694326,9,True
stl10/test/06490,6490,3,cat,CLIP ViT-B/32 zero-shot,grayscale,7,monkey,0.429717,3,False
stl10/test/00738,738,3,cat,CLIP ViT-B/32 zero-shot,grayscale,3,cat,0.9563533,3,True
stl10/test/06616,6616,2,car,CLIP ViT-B/32 zero-shot,grayscale,2,car,0.94912285,2,True
stl10/test/04093,4093,6,horse,CLIP ViT-B/32 zero-shot,grayscale,6,horse,0.9864036,6,True
stl10/test/05788,5788,9,truck,CLIP ViT-B/32 zero-shot,grayscale,9,truck,0.97271496,9,True
stl10/test/07818,7818,8,ship,CLIP ViT-B/32 zero-shot,grayscale,8,ship,0.9916351,8,True
stl10/test/00304,304,1,bird,CLIP ViT-B/32 zero-shot,grayscale,1,bird,0.95297164,1,True
stl10/test/02082,2082,2,car,CLIP ViT-B/32 zero-shot,grayscale,2,car,0.7569729,2,True
stl10/test/02746,2746,7,monkey,CLIP ViT-B/32 zero-shot,grayscale,7,monkey,0.9976682,7,True
stl10/test/07944,7944,4,deer,CLIP ViT-B/32 zero-shot,grayscale,4,deer,0.9890381,4,True
stl10/test/06689,6689,8,ship,CLIP ViT-B/32 zero-shot,grayscale,8,ship,0.96770436,8,True
stl10/test/02414,2414,9,truck,CLIP ViT-B/32 zero-shot,grayscale,9,truck,0.9516693,9,True
stl10/test/03779,3779,6,horse,CLIP ViT-B/32 zero-shot,grayscale,6,horse,0.99797946,6,True
stl10/test/02095,2095,1,bird,CLIP ViT-B/32 zero-shot,grayscale,1,bird,0.97510284,1,True
stl10/test/07262,7262,0,airplane,CLIP ViT-B/32 zero-shot,grayscale,0,airplane,0.96647894,0,True
stl10/test/05694,5694,8,ship,CLIP ViT-B/32 zero-shot,grayscale,8,ship,0.99659723,8,True
stl10/test/07413,7413,5,dog,CLIP ViT-B/32 zero-shot,grayscale,3,cat,0.44660893,3,True
stl10/test/06805,6805,1,bird,CLIP ViT-B/32 zero-shot,grayscale,1,bird,0.9845281,1,True
stl10/test/03446,3446,7,monkey,CLIP ViT-B/32 zero-shot,grayscale,7,monkey,0.9966577,7,True
stl10/test/02807,2807,5,dog,CLIP ViT-B/32 zero-shot,grayscale,7,monkey,0.5646821,4,False
stl10/test/07940,7940,4,deer,CLIP ViT-B/32 zero-shot,grayscale,4,deer,0.99766904,4,True
stl10/test/04172,4172,7,monkey,CLIP ViT-B/32 zero-shot,grayscale,7,monkey,0.96265703,7,True
stl10/test/07744,7744,3,cat,CLIP ViT-B/32 zero-shot,grayscale,3,cat,0.9656205,3,True
stl10/test/01586,1586,2,car,CLIP ViT-B/32 zero-shot,grayscale,2,car,0.98551095,2,True
stl10/test/07999,7999,8,ship,CLIP ViT-B/32 zero-shot,grayscale,8,ship,0.99755234,8,True
stl10/test/06349,6349,1,bird,CLIP ViT-B/32 zero-shot,grayscale,1,bird,0.96239275,1,True
stl10/test/06594,6594,1,bird,CLIP ViT-B/32 zero-shot,grayscale,1,bird,0.97774166,1,True
stl10/test/02109,2109,8,ship,CLIP ViT-B/32 zero-shot,grayscale,8,ship,0.99928826,8,True
stl10/test/03079,3079,1,bird,CLIP ViT-B/32 zero-shot,grayscale,1,bird,0.99718803,1,True
stl10/test/02070,2070,1,bird,CLIP ViT-B/32 zero-shot,grayscale,1,bird,0.9963199,1,True
stl10/test/00319,319,5,dog,CLIP ViT-B/32 zero-shot,grayscale,5,dog,0.9662067,5,True
stl10/test/02888,2888,0,airplane,CLIP ViT-B/32 zero-shot,grayscale,0,airplane,0.9759118,0,True
stl10/test/06224,6224,5,dog,CLIP ViT-B/32 zero-shot,grayscale,5,dog,0.65149313,5,True
stl10/test/03353,3353,5,dog,CLIP ViT-B/32 zero-shot,grayscale,5,dog,0.44795483,5,True
stl10/test/06244,6244,2,car,CLIP ViT-B/32 zero-shot,grayscale,2,car,0.80742717,2,True
stl10/test/04704,4704,7,monkey,CLIP ViT-B/32 zero-shot,grayscale,7,monkey,0.99350584,7,True
stl10/test/02427,2427,5,dog,CLIP ViT-B/32 zero-shot,grayscale,5,dog,0.93682444,5,True
stl10/test/07995,7995,9,truck,CLIP ViT-B/32 zero-shot,grayscale,9,truck,0.4967863,9,True
stl10/test/01124,1124,4,deer,CLIP ViT-B/32 zero-shot,grayscale,4,deer,0.998774,4,True
stl10/test/06733,6733,1,bird,CLIP ViT-B/32 zero-shot,grayscale,1,bird,0.9795791,1,True
stl10/test/02062,2062,9,truck,CLIP ViT-B/32 zero-shot,grayscale,9,truck,0.9922208,9,True
stl10/test/00805,805,9,truck,CLIP ViT-B/32 zero-shot,grayscale,9,truck,0.93902194,9,True
stl10/test/02028,2028,3,cat,CLIP ViT-B/32 zero-shot,grayscale,3,cat,0.9555589,3,True
stl10/test/02392,2392,2,car,CLIP ViT-B/32 zero-shot,grayscale,2,car,0.919114,2,True
stl10/test/03292,3292,6,horse,CLIP ViT-B/32 zero-shot,grayscale,6,horse,0.764188,6,True
stl10/test/01440,1440,7,monkey,CLIP ViT-B/32 zero-shot,grayscale,7,monkey,0.99946123,7,True
stl10/test/01115,1115,1,bird,CLIP ViT-B/32 zero-shot,grayscale,1,bird,0.98936975,1,True
stl10/test/04242,4242,8,ship,CLIP ViT-B/32 zero-shot,grayscale,8,ship,0.99520856,8,True
stl10/test/02230,2230,8,ship,CLIP ViT-B/32 zero-shot,grayscale,8,ship,0.9941695,8,True
stl10/test/03163,3163,2,car,CLIP ViT-B/32 zero-shot,grayscale,2,car,0.981126,2,True
stl10/test/00545,545,6,horse,CLIP ViT-B/32 zero-shot,grayscale,6,horse,0.9172588,6,True
stl10/test/03863,3863,5,dog,CLIP ViT-B/32 zero-shot,grayscale,5,dog,0.938643,5,True
stl10/test/04748,4748,7,monkey,CLIP ViT-B/32 zero-shot,grayscale,7,monkey,0.99864584,7,True
stl10/test/02399,2399,4,deer,CLIP ViT-B/32 zero-shot,grayscale,4,deer,0.8091224,4,True
stl10/test/04341,4341,6,horse,CLIP ViT-B/32 zero-shot,grayscale,6,horse,0.9967147,6,True
stl10/test/03078,3078,4,deer,CLIP ViT-B/32 zero-shot,grayscale,4,deer,0.99796945,4,True
stl10/test/03763,3763,4,deer,CLIP ViT-B/32 zero-shot,grayscale,4,deer,0.9971021,4,True
stl10/test/02958,2958,6,horse,CLIP ViT-B/32 zero-shot,grayscale,6,horse,0.9965239,6,True
stl10/test/06381,6381,6,horse,CLIP ViT-B/32 zero-shot,grayscale,6,horse,0.9932974,6,True
stl10/test/01640,1640,8,ship,CLIP ViT-B/32 zero-shot,grayscale,8,ship,0.9985745,8,True
stl10/test/01783,1783,8,ship,CLIP ViT-B/32 zero-shot,grayscale,8,ship,0.99777263,8,True
stl10/test/03914,3914,3,cat,CLIP ViT-B/32 zero-shot,grayscale,3,cat,0.945849,3,True
stl10/test/01534,1534,6,horse,CLIP ViT-B/32 zero-shot,grayscale,6,horse,0.8990251,6,True
stl10/test/00685,685,5,dog,CLIP ViT-B/32 zero-shot,grayscale,5,dog,0.94853467,5,True
stl10/test/04617,4617,0,airplane,CLIP ViT-B/32 zero-shot,grayscale,0,airplane,0.96701974,0,True
stl10/test/05508,5508,9,truck,CLIP ViT-B/32 zero-shot,grayscale,9,truck,0.98301375,9,True
stl10/test/01022,1022,9,truck,CLIP ViT-B/32 zero-shot,grayscale,2,car,0.6259173,9,False
stl10/test/01230,1230,1,bird,CLIP ViT-B/32 zero-shot,grayscale,7,monkey,0.56439716,1,False
stl10/test/07475,7475,4,deer,CLIP ViT-B/32 zero-shot,grayscale,4,deer,0.9986981,4,True
stl10/test/05756,5756,2,car,CLIP ViT-B/32 zero-shot,grayscale,2,car,0.98483735,2,True
stl10/test/03122,3122,4,deer,CLIP ViT-B/32 zero-shot,grayscale,4,deer,0.9662375,4,True
stl10/test/07202,7202,1,bird,CLIP ViT-B/32 zero-shot,grayscale,1,bird,0.9960848,1,True
stl10/test/04723,4723,9,truck,CLIP ViT-B/32 zero-shot,grayscale,9,truck,0.8741188,9,True
stl10/test/01552,1552,5,dog,CLIP ViT-B/32 zero-shot,grayscale,4,deer,0.9898796,5,False
stl10/test/00603,603,9,truck,CLIP ViT-B/32 zero-shot,grayscale,9,truck,0.938443,9,True
stl10/test/02861,2861,3,cat,CLIP ViT-B/32 zero-shot,grayscale,3,cat,0.9714617,3,True
stl10/test/06426,6426,2,car,CLIP ViT-B/32 zero-shot,grayscale,2,car,0.9860243,2,True
stl10/test/07864,7864,4,deer,CLIP ViT-B/32 zero-shot,grayscale,4,deer,0.9970079,4,True
stl10/test/05729,5729,6,horse,CLIP ViT-B/32 zero-shot,grayscale,6,horse,0.9893895,6,True
stl10/test/07474,7474,5,dog,CLIP ViT-B/32 zero-shot,grayscale,5,dog,0.97927606,5,True
stl10/test/04298,4298,1,bird,CLIP ViT-B/32 zero-shot,grayscale,1,bird,0.99938834,1,True
stl10/test/01175,1175,0,airplane,CLIP ViT-B/32 zero-shot,grayscale,0,airplane,0.9541132,0,True
stl10/test/03454,3454,2,car,CLIP ViT-B/32 zero-shot,grayscale,2,car,0.94628334,2,True
stl10/test/02754,2754,3,cat,CLIP ViT-B/32 zero-shot,grayscale,3,cat,0.97275823,3,True
stl10/test/00855,855,4,deer,CLIP ViT-B/32 zero-shot,grayscale,4,deer,0.9987288,4,True
stl10/test/02854,2854,7,monkey,CLIP ViT-B/32 zero-shot,grayscale,7,monkey,0.98503023,7,True
stl10/test/05092,5092,1,bird,CLIP ViT-B/32 zero-shot,grayscale,1,bird,0.99866223,1,True
stl10/test/05590,5590,9,truck,CLIP ViT-B/32 zero-shot,grayscale,9,truck,0.95037,9,True
stl10/test/04463,4463,3,cat,CLIP ViT-B/32 zero-shot,grayscale,3,cat,0.96445125,3,True
stl10/test/05318,5318,2,car,CLIP ViT-B/32 zero-shot,grayscale,2,car,0.7842767,2,True
stl10/test/03515,3515,6,horse,CLIP ViT-B/32 zero-shot,grayscale,6,horse,0.99817467,6,True
stl10/test/04642,4642,4,deer,CLIP ViT-B/32 zero-shot,grayscale,4,deer,0.9988211,4,True
stl10/test/00852,852,9,truck,CLIP ViT-B/32 zero-shot,grayscale,9,truck,0.9959304,9,True
stl10/test/01247,1247,8,ship,CLIP ViT-B/32 zero-shot,grayscale,8,ship,0.98245955,8,True
stl10/test/07084,7084,2,car,CLIP ViT-B/32 zero-shot,grayscale,2,car,0.82951975,2,True
stl10/test/05301,5301,9,truck,CLIP ViT-B/32 zero-shot,grayscale,9,truck,0.9186576,9,True
stl10/test/05082,5082,6,horse,CLIP ViT-B/32 zero-shot,grayscale,6,horse,0.99453676,6,True
stl10/test/05077,5077,4,deer,CLIP ViT-B/32 zero-shot,grayscale,4,deer,0.88428634,4,True
stl10/test/01563,1563,3,cat,CLIP ViT-B/32 zero-shot,grayscale,7,monkey,0.4124887,7,True
stl10/test/00029,29,7,monkey,CLIP ViT-B/32 zero-shot,grayscale,7,monkey,0.99982685,7,True
stl10/test/03867,3867,7,monkey,CLIP ViT-B/32 zero-shot,grayscale,7,monkey,0.9995266,7,True
stl10/test/04620,4620,6,horse,CLIP ViT-B/32 zero-shot,grayscale,6,horse,0.98797184,6,True
stl10/test/04065,4065,2,car,CLIP ViT-B/32 zero-shot,grayscale,2,car,0.83401525,2,True
stl10/test/01095,1095,5,dog,CLIP ViT-B/32 zero-shot,grayscale,5,dog,0.92374754,5,True
stl10/test/04229,4229,3,cat,CLIP ViT-B/32 zero-shot,grayscale,3,cat,0.9782202,3,True
stl10/test/03562,3562,3,cat,CLIP ViT-B/32 zero-shot,grayscale,4,deer,0.8994158,4,True
stl10/test/02342,2342,8,ship,CLIP ViT-B/32 zero-shot,grayscale,8,ship,0.99676967,8,True
stl10/test/01667,1667,6,horse,CLIP ViT-B/32 zero-shot,grayscale,6,horse,0.9645131,6,True
stl10/test/07033,7033,1,bird,CLIP ViT-B/32 zero-shot,grayscale,1,bird,0.9901433,1,True
stl10/test/01771,1771,7,monkey,CLIP ViT-B/32 zero-shot,grayscale,7,monkey,0.98801106,7,True
stl10/test/03157,3157,8,ship,CLIP ViT-B/32 zero-shot,grayscale,8,ship,0.9933721,8,True
stl10/test/03851,3851,3,cat,CLIP ViT-B/32 zero-shot,grayscale,3,cat,0.9691064,3,True
stl10/test/01287,1287,7,monkey,CLIP ViT-B/32 zero-shot,grayscale,7,monkey,0.8954266,7,True
stl10/test/07320,7320,0,airplane,CLIP ViT-B/32 zero-shot,grayscale,0,airplane,0.97385037,0,True
stl10/test/07600,7600,6,horse,CLIP ViT-B/32 zero-shot,grayscale,6,horse,0.9924264,6,True
stl10/test/03852,3852,5,dog,CLIP ViT-B/32 zero-shot,grayscale,5,dog,0.93464166,5,True
stl10/test/00269,269,7,monkey,CLIP ViT-B/32 zero-shot,grayscale,7,monkey,0.99720347,7,True
stl10/test/01703,1703,7,monkey,CLIP ViT-B/32 zero-shot,grayscale,7,monkey,0.9707116,7,True
stl10/test/07776,7776,5,dog,CLIP ViT-B/32 zero-shot,grayscale,5,dog,0.5610401,5,True
stl10/test/03891,3891,4,deer,CLIP ViT-B/32 zero-shot,grayscale,4,deer,0.99481237,4,True
stl10/test/07009,7009,0,airplane,CLIP ViT-B/32 zero-shot,grayscale,0,airplane,0.9111158,0,True
stl10/test/04893,4893,0,airplane,CLIP ViT-B/32 zero-shot,grayscale,0,airplane,0.99210703,0,True
stl10/test/02351,2351,9,truck,CLIP ViT-B/32 zero-shot,grayscale,9,truck,0.99344,9,True
stl10/test/03550,3550,1,bird,CLIP ViT-B/32 zero-shot,grayscale,1,bird,0.9856888,1,True
stl10/test/05719,5719,7,monkey,CLIP ViT-B/32 zero-shot,grayscale,7,monkey,0.98846275,7,True
stl10/test/01884,1884,7,monkey,CLIP ViT-B/32 zero-shot,grayscale,7,monkey,0.96975875,7,True
stl10/test/02898,2898,4,deer,CLIP ViT-B/32 zero-shot,grayscale,4,deer,0.99806434,4,True
stl10/test/04640,4640,1,bird,CLIP ViT-B/32 zero-shot,grayscale,7,monkey,0.797091,1,False
stl10/test/07610,7610,4,deer,CLIP ViT-B/32 zero-shot,grayscale,4,deer,0.99739194,4,True
stl10/test/01833,1833,8,ship,CLIP ViT-B/32 zero-shot,grayscale,8,ship,0.9942299,8,True
stl10/test/06455,6455,0,airplane,CLIP ViT-B/32 zero-shot,grayscale,0,airplane,0.95550865,0,True
stl10/test/03893,3893,9,truck,CLIP ViT-B/32 zero-shot,grayscale,9,truck,0.8723183,9,True
stl10/test/04731,4731,6,horse,CLIP ViT-B/32 zero-shot,grayscale,6,horse,0.9991001,6,True
stl10/test/00929,929,6,horse,CLIP ViT-B/32 zero-shot,grayscale,6,horse,0.99703884,6,True
stl10/test/03962,3962,6,horse,CLIP ViT-B/32 zero-shot,grayscale,6,horse,0.9976172,6,True
stl10/test/03778,3778,3,cat,CLIP ViT-B/32 zero-shot,grayscale,3,cat,0.8625821,3,True
stl10/test/01429,1429,4,deer,CLIP ViT-B/32 zero-shot,grayscale,4,deer,0.8611683,4,True
stl10/test/00049,49,2,car,CLIP ViT-B/32 zero-shot,grayscale,2,car,0.9824576,2,True
stl10/test/00276,276,9,truck,CLIP ViT-B/32 zero-shot,grayscale,9,truck,0.8705015,9,True
stl10/test/06076,6076,1,bird,CLIP ViT-B/32 zero-shot,grayscale,1,bird,0.9985985,1,True
stl10/test/01389,1389,0,airplane,CLIP ViT-B/32 zero-shot,grayscale,0,airplane,0.987535,0,True
stl10/test/03362,3362,2,car,CLIP ViT-B/32 zero-shot,grayscale,2,car,0.9838154,2,True
stl10/test/00317,317,2,car,CLIP ViT-B/32 zero-shot,grayscale,2,car,0.976556,2,True
stl10/test/04675,4675,0,airplane,CLIP ViT-B/32 zero-shot,grayscale,0,airplane,0.97823423,0,True
stl10/test/05924,5924,5,dog,CLIP ViT-B/32 zero-shot,grayscale,5,dog,0.37802213,6,False
stl10/test/00198,198,1,bird,CLIP ViT-B/32 zero-shot,grayscale,1,bird,0.99883276,1,True
stl10/test/07779,7779,6,horse,CLIP ViT-B/32 zero-shot,grayscale,6,horse,0.96560526,6,True
stl10/test/04054,4054,4,deer,CLIP ViT-B/32 zero-shot,grayscale,4,deer,0.9897226,4,True
stl10/test/05556,5556,4,deer,CLIP ViT-B/32 zero-shot,grayscale,4,deer,0.99421376,4,True
stl10/test/02687,2687,1,bird,CLIP ViT-B/32 zero-shot,grayscale,1,bird,0.9991891,1,True
stl10/test/01202,1202,2,car,CLIP ViT-B/32 zero-shot,grayscale,2,car,0.9909471,2,True
stl10/test/00097,97,5,dog,CLIP ViT-B/32 zero-shot,grayscale,5,dog,0.524669,5,True
stl10/test/06033,6033,4,deer,CLIP ViT-B/32 zero-shot,grayscale,4,deer,0.8374062,4,True
stl10/test/01711,1711,7,monkey,CLIP ViT-B/32 zero-shot,grayscale,7,monkey,0.9992225,7,True
stl10/test/01430,1430,9,truck,CLIP ViT-B/32 zero-shot,grayscale,9,truck,0.98592144,9,True
stl10/test/00739,739,8,ship,CLIP ViT-B/32 zero-shot,grayscale,8,ship,0.9922884,8,True
stl10/test/03491,3491,1,bird,CLIP ViT-B/32 zero-shot,grayscale,1,bird,0.9989932,1,True
stl10/test/01568,1568,1,bird,CLIP ViT-B/32 zero-shot,grayscale,1,bird,0.9916543,1,True
stl10/test/01211,1211,4,deer,CLIP ViT-B/32 zero-shot,grayscale,4,deer,0.92624813,4,True
stl10/test/04913,4913,2,car,CLIP ViT-B/32 zero-shot,grayscale,2,car,0.9566458,2,True
stl10/test/02502,2502,2,car,CLIP ViT-B/32 zero-shot,grayscale,2,car,0.97011817,2,True
stl10/test/02539,2539,3,cat,CLIP ViT-B/32 zero-shot,grayscale,3,cat,0.87994295,3,True
stl10/test/00979,979,3,cat,CLIP ViT-B/32 zero-shot,grayscale,3,cat,0.9692599,3,True
stl10/test/06354,6354,2,car,CLIP ViT-B/32 zero-shot,grayscale,2,car,0.8844019,2,True
stl10/test/04735,4735,2,car,CLIP ViT-B/32 zero-shot,grayscale,2,car,0.91224796,2,True
stl10/test/05912,5912,0,airplane,CLIP ViT-B/32 zero-shot,grayscale,0,airplane,0.9627384,0,True
stl10/test/03844,3844,6,horse,CLIP ViT-B/32 zero-shot,grayscale,6,horse,0.9925087,6,True
stl10/test/01263,1263,3,cat,CLIP ViT-B/32 zero-shot,grayscale,4,deer,0.8560397,4,True
stl10/test/03404,3404,7,monkey,CLIP ViT-B/32 zero-shot,grayscale,7,monkey,0.99862456,7,True
stl10/test/03905,3905,8,ship,CLIP ViT-B/32 zero-shot,grayscale,8,ship,0.9988294,8,True
stl10/test/01596,1596,0,airplane,CLIP ViT-B/32 zero-shot,grayscale,0,airplane,0.9613345,0,True
stl10/test/03083,3083,0,airplane,CLIP ViT-B/32 zero-shot,grayscale,0,airplane,0.9491377,0,True
stl10/test/02003,2003,6,horse,CLIP ViT-B/32 zero-shot,grayscale,6,horse,0.9822496,6,True
stl10/test/05030,5030,2,car,CLIP ViT-B/32 zero-shot,grayscale,2,car,0.9612197,2,True
stl10/test/00095,95,1,bird,CLIP ViT-B/32 zero-shot,grayscale,1,bird,0.9980927,1,True
stl10/test/02757,2757,4,deer,CLIP ViT-B/32 zero-shot,grayscale,4,deer,0.9971625,4,True
stl10/test/03413,3413,1,bird,CLIP ViT-B/32 zero-shot,grayscale,1,bird,0.99941885,1,True
stl10/test/05488,5488,1,bird,CLIP ViT-B/32 zero-shot,grayscale,1,bird,0.95823646,1,True
stl10/test/04827,4827,6,horse,CLIP ViT-B/32 zero-shot,grayscale,6,horse,0.97425675,6,True
stl10/test/01877,1877,5,dog,CLIP ViT-B/32 zero-shot,grayscale,4,deer,0.4231394,5,False
stl10/test/02157,2157,1,bird,CLIP ViT-B/32 zero-shot,grayscale,1,bird,0.9977005,1,True
stl10/test/04821,4821,3,cat,CLIP ViT-B/32 zero-shot,grayscale,3,cat,0.7062541,3,True
stl10/test/04953,4953,5,dog,CLIP ViT-B/32 zero-shot,grayscale,5,dog,0.7452058,5,True
stl10/test/05525,5525,8,ship,CLIP ViT-B/32 zero-shot,grayscale,8,ship,0.9976739,8,True
stl10/test/05381,5381,5,dog,CLIP ViT-B/32 zero-shot,grayscale,5,dog,0.9644113,5,True
stl10/test/00672,672,3,cat,CLIP ViT-B/32 zero-shot,grayscale,3,cat,0.7188079,3,True
stl10/test/00323,323,7,monkey,CLIP ViT-B/32 zero-shot,grayscale,7,monkey,0.9990575,7,True
stl10/test/05436,5436,7,monkey,CLIP ViT-B/32 zero-shot,grayscale,7,monkey,0.99652076,7,True
stl10/test/05450,5450,7,monkey,CLIP ViT-B/32 zero-shot,grayscale,7,monkey,0.9930407,7,True
stl10/test/06358,6358,5,dog,CLIP ViT-B/32 zero-shot,grayscale,5,dog,0.74319786,5,True
stl10/test/00372,372,3,cat,CLIP ViT-B/32 zero-shot,grayscale,3,cat,0.8837353,3,True
stl10/test/00378,378,5,dog,CLIP ViT-B/32 zero-shot,grayscale,5,dog,0.9877731,5,True
stl10/test/07706,7706,5,dog,CLIP ViT-B/32 zero-shot,grayscale,5,dog,0.8135808,5,True
stl10/test/02178,2178,1,bird,CLIP ViT-B/32 zero-shot,grayscale,1,bird,0.99505675,1,True
stl10/test/05237,5237,2,car,CLIP ViT-B/32 zero-shot,grayscale,2,car,0.92137927,2,True
stl10/test/05478,5478,0,airplane,CLIP ViT-B/32 zero-shot,grayscale,0,airplane,0.9330865,0,True
stl10/test/05452,5452,9,truck,CLIP ViT-B/32 zero-shot,grayscale,9,truck,0.9525813,9,True
stl10/test/05623,5623,4,deer,CLIP ViT-B/32 zero-shot,grayscale,4,deer,0.9974885,4,True
stl10/test/06772,6772,7,monkey,CLIP ViT-B/32 zero-shot,grayscale,7,monkey,0.77509964,7,True
stl10/test/01111,1111,4,deer,CLIP ViT-B/32 zero-shot,grayscale,4,deer,0.99074495,4,True
stl10/test/05528,5528,3,cat,CLIP ViT-B/32 zero-shot,grayscale,3,cat,0.96237177,3,True
stl10/test/03777,3777,6,horse,CLIP ViT-B/32 zero-shot,grayscale,6,horse,0.9940183,6,True
stl10/test/02458,2458,5,dog,CLIP ViT-B/32 zero-shot,grayscale,5,dog,0.96773416,5,True
stl10/test/04921,4921,2,car,CLIP ViT-B/32 zero-shot,grayscale,2,car,0.9736386,2,True
stl10/test/03015,3015,8,ship,CLIP ViT-B/32 zero-shot,grayscale,8,ship,0.99413437,8,True
stl10/test/07476,7476,8,ship,CLIP ViT-B/32 zero-shot,grayscale,8,ship,0.9882802,8,True
stl10/test/01520,1520,2,car,CLIP ViT-B/32 zero-shot,grayscale,2,car,0.90214336,2,True
stl10/test/06713,6713,6,horse,CLIP ViT-B/32 zero-shot,grayscale,6,horse,0.95668346,6,True
stl10/test/01852,1852,1,bird,CLIP ViT-B/32 zero-shot,grayscale,1,bird,0.99879646,1,True
stl10/test/02268,2268,5,dog,CLIP ViT-B/32 zero-shot,grayscale,5,dog,0.9815633,5,True
stl10/test/00151,151,8,ship,CLIP ViT-B/32 zero-shot,grayscale,8,ship,0.9892647,8,True
stl10/test/00890,890,6,horse,CLIP ViT-B/32 zero-shot,grayscale,6,horse,0.9975369,6,True
stl10/test/00825,825,1,bird,CLIP ViT-B/32 zero-shot,grayscale,1,bird,0.99163085,1,True
stl10/test/02536,2536,3,cat,CLIP ViT-B/32 zero-shot,grayscale,4,deer,0.53361934,3,False
stl10/test/00470,470,2,car,CLIP ViT-B/32 zero-shot,grayscale,2,car,0.9858897,2,True
stl10/test/05256,5256,1,bird,CLIP ViT-B/32 zero-shot,grayscale,1,bird,0.9953685,1,True
stl10/test/02011,2011,9,truck,CLIP ViT-B/32 zero-shot,grayscale,9,truck,0.9755611,9,True
stl10/test/07150,7150,0,airplane,CLIP ViT-B/32 zero-shot,grayscale,0,airplane,0.9939476,0,True
stl10/test/00449,449,6,horse,CLIP ViT-B/32 zero-shot,grayscale,6,horse,0.9959462,6,True
stl10/test/02704,2704,4,deer,CLIP ViT-B/32 zero-shot,grayscale,4,deer,0.9994228,4,True
stl10/test/03437,3437,0,airplane,CLIP ViT-B/32 zero-shot,grayscale,0,airplane,0.88970554,0,True
stl10/test/03375,3375,3,cat,CLIP ViT-B/32 zero-shot,grayscale,3,cat,0.83643866,3,True
stl10/test/04552,4552,8,ship,CLIP ViT-B/32 zero-shot,grayscale,8,ship,0.8957133,8,True
stl10/test/00920,920,6,horse,CLIP ViT-B/32 zero-shot,grayscale,6,horse,0.99822015,6,True
stl10/test/02242,2242,0,airplane,CLIP ViT-B/32 zero-shot,grayscale,0,airplane,0.9336476,0,True
stl10/test/02745,2745,8,ship,CLIP ViT-B/32 zero-shot,grayscale,8,ship,0.9954294,8,True
stl10/test/01032,1032,7,monkey,CLIP ViT-B/32 zero-shot,grayscale,7,monkey,0.6114388,7,True
stl10/test/00365,365,3,cat,CLIP ViT-B/32 zero-shot,grayscale,3,cat,0.960132,3,True
stl10/test/04850,4850,5,dog,CLIP ViT-B/32 zero-shot,grayscale,5,dog,0.9433322,5,True
stl10/test/04819,4819,0,airplane,CLIP ViT-B/32 zero-shot,grayscale,0,airplane,0.97134745,0,True
stl10/test/07338,7338,6,horse,CLIP ViT-B/32 zero-shot,grayscale,6,horse,0.98928666,6,True
stl10/test/07372,7372,0,airplane,CLIP ViT-B/32 zero-shot,grayscale,0,airplane,0.9865471,0,True
stl10/test/01090,1090,1,bird,CLIP ViT-B/32 zero-shot,grayscale,1,bird,0.99047333,1,True
stl10/test/05062,5062,4,deer,CLIP ViT-B/32 zero-shot,grayscale,4,deer,0.99867237,4,True
stl10/test/00981,981,2,car,CLIP ViT-B/32 zero-shot,grayscale,2,car,0.97701025,2,True
stl10/test/05857,5857,6,horse,CLIP ViT-B/32 zero-shot,grayscale,6,horse,0.9889131,6,True
stl10/test/01986,1986,1,bird,CLIP ViT-B/32 zero-shot,grayscale,1,bird,0.981612,1,True
stl10/test/05560,5560,1,bird,CLIP ViT-B/32 zero-shot,grayscale,1,bird,0.9970983,1,True
stl10/test/01814,1814,2,car,CLIP ViT-B/32 zero-shot,grayscale,2,car,0.9672483,2,True
stl10/test/00194,194,8,ship,CLIP ViT-B/32 zero-shot,grayscale,8,ship,0.99612504,8,True
stl10/test/01993,1993,1,bird,CLIP ViT-B/32 zero-shot,grayscale,1,bird,0.99840015,1,True
stl10/test/05333,5333,2,car,CLIP ViT-B/32 zero-shot,grayscale,2,car,0.9861645,2,True
stl10/test/04311,4311,8,ship,CLIP ViT-B/32 zero-shot,grayscale,8,ship,0.9988142,8,True
stl10/test/07425,7425,2,car,CLIP ViT-B/32 zero-shot,grayscale,2,car,0.98106694,2,True
stl10/test/03889,3889,5,dog,CLIP ViT-B/32 zero-shot,grayscale,5,dog,0.9690586,5,True
stl10/test/04308,4308,7,monkey,CLIP ViT-B/32 zero-shot,grayscale,7,monkey,0.98206437,7,True
stl10/test/01960,1960,4,deer,CLIP ViT-B/32 zero-shot,grayscale,4,deer,0.9803745,4,True
stl10/test/04399,4399,0,airplane,CLIP ViT-B/32 zero-shot,grayscale,0,airplane,0.91087574,0,True
stl10/test/03191,3191,6,horse,CLIP ViT-B/32 zero-shot,grayscale,6,horse,0.837889,6,True
stl10/test/01626,1626,5,dog,CLIP ViT-B/32 zero-shot,grayscale,5,dog,0.96317244,5,True
stl10/test/00176,176,3,cat,CLIP ViT-B/32 zero-shot,grayscale,3,cat,0.7896509,3,True
stl10/test/07726,7726,6,horse,CLIP ViT-B/32 zero-shot,grayscale,6,horse,0.9968562,6,True
stl10/test/02334,2334,5,dog,CLIP ViT-B/32 zero-shot,grayscale,5,dog,0.9716855,5,True
stl10/test/01648,1648,0,airplane,CLIP ViT-B/32 zero-shot,grayscale,0,airplane,0.98811007,0,True
stl10/test/06084,6084,7,monkey,CLIP ViT-B/32 zero-shot,grayscale,7,monkey,0.9989447,7,True
stl10/test/03455,3455,0,airplane,CLIP ViT-B/32 zero-shot,grayscale,0,airplane,0.9009205,0,True
stl10/test/01468,1468,9,truck,CLIP ViT-B/32 zero-shot,grayscale,9,truck,0.7950654,9,True
stl10/test/01296,1296,7,monkey,CLIP ViT-B/32 zero-shot,grayscale,7,monkey,0.42340076,7,True
stl10/test/05213,5213,4,deer,CLIP ViT-B/32 zero-shot,grayscale,4,deer,0.99786735,4,True
stl10/test/07047,7047,9,truck,CLIP ViT-B/32 zero-shot,grayscale,9,truck,0.98782754,9,True
stl10/test/05360,5360,9,truck,CLIP ViT-B/32 zero-shot,grayscale,9,truck,0.9412096,9,True
stl10/test/05824,5824,2,car,CLIP ViT-B/32 zero-shot,grayscale,9,truck,0.79847276,2,False
stl10/test/07460,7460,8,ship,CLIP ViT-B/32 zero-shot,grayscale,8,ship,0.97780776,8,True
stl10/test/04791,4791,7,monkey,CLIP ViT-B/32 zero-shot,grayscale,7,monkey,0.99904174,7,True
stl10/test/06692,6692,2,car,CLIP ViT-B/32 zero-shot,grayscale,2,car,0.9553255,2,True
stl10/test/06931,6931,9,truck,CLIP ViT-B/32 zero-shot,grayscale,9,truck,0.92293936,9,True
stl10/test/00667,667,8,ship,CLIP ViT-B/32 zero-shot,grayscale,8,ship,0.9990171,8,True
stl10/test/07781,7781,6,horse,CLIP ViT-B/32 zero-shot,grayscale,6,horse,0.9996294,6,True
stl10/test/07793,7793,3,cat,CLIP ViT-B/32 zero-shot,grayscale,3,cat,0.86402947,3,True
stl10/test/01411,1411,9,truck,CLIP ViT-B/32 zero-shot,grayscale,9,truck,0.96920997,9,True
stl10/test/01473,1473,7,monkey,CLIP ViT-B/32 zero-shot,grayscale,7,monkey,0.99963117,7,True
stl10/test/07130,7130,5,dog,CLIP ViT-B/32 zero-shot,grayscale,5,dog,0.9814602,5,True
stl10/test/01956,1956,7,monkey,CLIP ViT-B/32 zero-shot,grayscale,7,monkey,0.9795776,7,True
stl10/test/06716,6716,5,dog,CLIP ViT-B/32 zero-shot,grayscale,5,dog,0.6603854,5,True
stl10/test/04106,4106,5,dog,CLIP ViT-B/32 zero-shot,grayscale,5,dog,0.80448914,5,True
stl10/test/03494,3494,6,horse,CLIP ViT-B/32 zero-shot,grayscale,6,horse,0.994941,6,True
stl10/test/00691,691,4,deer,CLIP ViT-B/32 zero-shot,grayscale,4,deer,0.9984882,4,True
stl10/test/05220,5220,1,bird,CLIP ViT-B/32 zero-shot,grayscale,5,dog,0.28654405,5,True
stl10/test/04908,4908,3,cat,CLIP ViT-B/32 zero-shot,grayscale,3,cat,0.75685215,3,True
stl10/test/07029,7029,1,bird,CLIP ViT-B/32 zero-shot,grayscale,1,bird,0.99720937,1,True
stl10/test/04130,4130,0,airplane,CLIP ViT-B/32 zero-shot,grayscale,0,airplane,0.9636408,0,True
stl10/test/07938,7938,9,truck,CLIP ViT-B/32 zero-shot,grayscale,9,truck,0.9468321,9,True
stl10/test/05101,5101,5,dog,CLIP ViT-B/32 zero-shot,grayscale,5,dog,0.94424355,5,True
stl10/test/01515,1515,9,truck,CLIP ViT-B/32 zero-shot,grayscale,9,truck,0.97913235,9,True
stl10/test/03287,3287,4,deer,CLIP ViT-B/32 zero-shot,grayscale,4,deer,0.9989209,4,True
stl10/test/00716,716,8,ship,CLIP ViT-B/32 zero-shot,grayscale,8,ship,0.9785033,8,True
stl10/test/04236,4236,7,monkey,CLIP ViT-B/32 zero-shot,grayscale,7,monkey,0.9815083,7,True
stl10/test/05408,5408,6,horse,CLIP ViT-B/32 zero-shot,grayscale,6,horse,0.99817336,6,True
stl10/test/05496,5496,5,dog,CLIP ViT-B/32 zero-shot,grayscale,5,dog,0.9691187,5,True
stl10/test/03365,3365,4,deer,CLIP ViT-B/32 zero-shot,grayscale,4,deer,0.99732214,4,True
stl10/test/04323,4323,3,cat,CLIP ViT-B/32 zero-shot,grayscale,3,cat,0.9541617,3,True
stl10/test/05467,5467,4,deer,CLIP ViT-B/32 zero-shot,grayscale,4,deer,0.98684907,4,True
stl10/test/01644,1644,5,dog,CLIP ViT-B/32 zero-shot,grayscale,5,dog,0.9612645,5,True
stl10/test/03948,3948,8,ship,CLIP ViT-B/32 zero-shot,grayscale,8,ship,0.9934076,8,True
stl10/test/06726,6726,7,monkey,CLIP ViT-B/32 zero-shot,grayscale,7,monkey,0.99128985,7,True
stl10/test/05395,5395,2,car,CLIP ViT-B/32 zero-shot,grayscale,2,car,0.9764531,2,True
stl10/test/01579,1579,7,monkey,CLIP ViT-B/32 zero-shot,grayscale,7,monkey,0.9950599,7,True
stl10/test/05918,5918,0,airplane,CLIP ViT-B/32 zero-shot,grayscale,0,airplane,0.9716191,0,True
stl10/test/07041,7041,5,dog,CLIP ViT-B/32 zero-shot,grayscale,6,horse,0.4883888,5,False
stl10/test/00506,506,4,deer,CLIP ViT-B/32 zero-shot,grayscale,4,deer,0.9848092,4,True
stl10/test/04011,4011,6,horse,CLIP ViT-B/32 zero-shot,grayscale,6,horse,0.99697495,6,True
stl10/test/05981,5981,9,truck,CLIP ViT-B/32 zero-shot,grayscale,9,truck,0.88698053,9,True
stl10/test/00409,409,2,car,CLIP ViT-B/32 zero-shot,grayscale,2,car,0.97996324,2,True
stl10/test/06954,6954,1,bird,CLIP ViT-B/32 zero-shot,grayscale,1,bird,0.97917444,1,True
stl10/test/07555,7555,6,horse,CLIP ViT-B/32 zero-shot,grayscale,6,horse,0.9222047,6,True
stl10/test/03965,3965,0,airplane,CLIP ViT-B/32 zero-shot,grayscale,0,airplane,0.9751221,0,True
stl10/test/07266,7266,9,truck,CLIP ViT-B/32 zero-shot,grayscale,9,truck,0.9434716,9,True
stl10/test/04785,4785,0,airplane,CLIP ViT-B/32 zero-shot,grayscale,0,airplane,0.9784904,0,True
stl10/test/06028,6028,2,car,CLIP ViT-B/32 zero-shot,grayscale,2,car,0.98423463,2,True
stl10/test/06503,6503,2,car,CLIP ViT-B/32 zero-shot,grayscale,2,car,0.9210004,2,True
stl10/test/06414,6414,5,dog,CLIP ViT-B/32 zero-shot,grayscale,5,dog,0.49415672,5,True
stl10/test/05382,5382,6,horse,CLIP ViT-B/32 zero-shot,grayscale,6,horse,0.9673198,6,True
stl10/test/06836,6836,1,bird,CLIP ViT-B/32 zero-shot,grayscale,1,bird,0.996154,1,True
stl10/test/06508,6508,4,deer,CLIP ViT-B/32 zero-shot,grayscale,4,deer,0.99734205,4,True
stl10/test/03994,3994,4,deer,CLIP ViT-B/32 zero-shot,grayscale,4,deer,0.9993722,4,True
stl10/test/03942,3942,9,truck,CLIP ViT-B/32 zero-shot,grayscale,9,truck,0.9691947,9,True
stl10/test/03542,3542,7,monkey,CLIP ViT-B/32 zero-shot,grayscale,7,monkey,0.9992455,7,True
stl10/test/06952,6952,3,cat,CLIP ViT-B/32 zero-shot,grayscale,3,cat,0.95236564,3,True
stl10/test/04290,4290,5,dog,CLIP ViT-B/32 zero-shot,grayscale,1,bird,0.8316906,4,False
stl10/test/07446,7446,8,ship,CLIP ViT-B/32 zero-shot,grayscale,8,ship,0.9961287,8,True
stl10/test/06169,6169,1,bird,CLIP ViT-B/32 zero-shot,grayscale,6,horse,0.360922,1,False
stl10/test/01109,1109,1,bird,CLIP ViT-B/32 zero-shot,grayscale,1,bird,0.9829557,1,True
stl10/test/03179,3179,4,deer,CLIP ViT-B/32 zero-shot,grayscale,4,deer,0.9984503,4,True
stl10/test/07835,7835,7,monkey,CLIP ViT-B/32 zero-shot,grayscale,7,monkey,0.99898726,7,True
stl10/test/07390,7390,1,bird,CLIP ViT-B/32 zero-shot,grayscale,1,bird,0.9837483,1,True
stl10/test/00568,568,5,dog,CLIP ViT-B/32 zero-shot,grayscale,5,dog,0.9108933,5,True
stl10/test/04629,4629,4,deer,CLIP ViT-B/32 zero-shot,grayscale,4,deer,0.9948925,4,True
stl10/test/07138,7138,8,ship,CLIP ViT-B/32 zero-shot,grayscale,8,ship,0.9966703,8,True
stl10/test/05284,5284,9,truck,CLIP ViT-B/32 zero-shot,grayscale,9,truck,0.93441564,9,True
stl10/test/00003,3,0,airplane,CLIP ViT-B/32 zero-shot,grayscale,0,airplane,0.84925455,0,True
stl10/test/02690,2690,1,bird,CLIP ViT-B/32 zero-shot,grayscale,1,bird,0.99691075,1,True
stl10/test/05858,5858,6,horse,CLIP ViT-B/32 zero-shot,grayscale,6,horse,0.99080795,6,True
stl10/test/01266,1266,4,deer,CLIP ViT-B/32 zero-shot,grayscale,4,deer,0.99782085,4,True
stl10/test/03034,3034,4,deer,CLIP ViT-B/32 zero-shot,grayscale,4,deer,0.9995127,4,True
stl10/test/02655,2655,9,truck,CLIP ViT-B/32 zero-shot,grayscale,9,truck,0.95576566,9,True
stl10/test/06190,6190,7,monkey,CLIP ViT-B/32 zero-shot,grayscale,7,monkey,0.99972683,7,True
stl10/test/04170,4170,8,ship,CLIP ViT-B/32 zero-shot,grayscale,8,ship,0.9948003,8,True
stl10/test/07380,7380,9,truck,CLIP ViT-B/32 zero-shot,grayscale,9,truck,0.99201787,9,True
stl10/test/07752,7752,9,truck,CLIP ViT-B/32 zero-shot,grayscale,9,truck,0.9292091,9,True
stl10/test/03996,3996,9,truck,CLIP ViT-B/32 zero-shot,grayscale,9,truck,0.99280155,9,True
stl10/test/01204,1204,3,cat,CLIP ViT-B/32 zero-shot,grayscale,3,cat,0.69497716,3,True
stl10/test/01654,1654,9,truck,CLIP ViT-B/32 zero-shot,grayscale,9,truck,0.97580075,9,True
stl10/test/04746,4746,6,horse,CLIP ViT-B/32 zero-shot,grayscale,6,horse,0.9994412,6,True
stl10/test/04590,4590,3,cat,CLIP ViT-B/32 zero-shot,grayscale,3,cat,0.97269416,3,True
stl10/test/00562,562,0,airplane,CLIP ViT-B/32 zero-shot,grayscale,0,airplane,0.6351823,0,True
stl10/test/07108,7108,6,horse,CLIP ViT-B/32 zero-shot,grayscale,6,horse,0.99306387,6,True
stl10/test/05999,5999,0,airplane,CLIP ViT-B/32 zero-shot,grayscale,0,airplane,0.93029016,0,True
stl10/test/01403,1403,2,car,CLIP ViT-B/32 zero-shot,grayscale,2,car,0.9534843,2,True
stl10/test/04403,4403,7,monkey,CLIP ViT-B/32 zero-shot,grayscale,7,monkey,0.9996481,7,True
stl10/test/06332,6332,2,car,CLIP ViT-B/32 zero-shot,grayscale,2,car,0.97418517,2,True
stl10/test/06264,6264,2,car,CLIP ViT-B/32 zero-shot,grayscale,2,car,0.9858312,2,True
stl10/test/00303,303,9,truck,CLIP ViT-B/32 zero-shot,grayscale,9,truck,0.9905501,9,True
stl10/test/00791,791,3,cat,CLIP ViT-B/32 zero-shot,grayscale,3,cat,0.983355,3,True
stl10/test/03067,3067,2,car,CLIP ViT-B/32 zero-shot,grayscale,2,car,0.9109425,2,True
stl10/test/00484,484,0,airplane,CLIP ViT-B/32 zero-shot,grayscale,0,airplane,0.98247045,0,True
stl10/test/01370,1370,3,cat,CLIP ViT-B/32 zero-shot,grayscale,3,cat,0.96333605,3,True
stl10/test/04069,4069,8,ship,CLIP ViT-B/32 zero-shot,grayscale,8,ship,0.91284734,8,True
stl10/test/07373,7373,0,airplane,CLIP ViT-B/32 zero-shot,grayscale,0,airplane,0.9915537,0,True
stl10/test/04330,4330,3,cat,CLIP ViT-B/32 zero-shot,grayscale,3,cat,0.7198804,5,False
stl10/test/05701,5701,5,dog,CLIP ViT-B/32 zero-shot,grayscale,5,dog,0.9607293,5,True
stl10/test/07465,7465,0,airplane,CLIP ViT-B/32 zero-shot,grayscale,0,airplane,0.9482173,0,True
stl10/test/01531,1531,3,cat,CLIP ViT-B/32 zero-shot,grayscale,4,deer,0.66516584,4,True
stl10/test/04676,4676,8,ship,CLIP ViT-B/32 zero-shot,grayscale,8,ship,0.9951762,8,True
stl10/test/04531,4531,3,cat,CLIP ViT-B/32 zero-shot,grayscale,4,deer,0.45776293,3,False
stl10/test/00706,706,8,ship,CLIP ViT-B/32 zero-shot,grayscale,8,ship,0.99924433,8,True
stl10/test/02844,2844,8,ship,CLIP ViT-B/32 zero-shot,grayscale,8,ship,0.9966973,8,True
stl10/test/03755,3755,2,car,CLIP ViT-B/32 zero-shot,grayscale,2,car,0.974876,2,True
stl10/test/05848,5848,7,monkey,CLIP ViT-B/32 zero-shot,grayscale,7,monkey,0.99856395,7,True
stl10/test/02114,2114,9,truck,CLIP ViT-B/32 zero-shot,grayscale,9,truck,0.7858745,9,True
stl10/test/03876,3876,0,airplane,CLIP ViT-B/32 zero-shot,grayscale,0,airplane,0.80812037,0,True
stl10/test/00677,677,3,cat,CLIP ViT-B/32 zero-shot,grayscale,3,cat,0.96578705,3,True
stl10/test/02116,2116,1,bird,CLIP ViT-B/32 zero-shot,grayscale,1,bird,0.9777476,1,True
stl10/test/04661,4661,7,monkey,CLIP ViT-B/32 zero-shot,grayscale,7,monkey,0.9994616,7,True
stl10/test/02676,2676,6,horse,CLIP ViT-B/32 zero-shot,grayscale,6,horse,0.86621493,6,True
stl10/test/03025,3025,0,airplane,CLIP ViT-B/32 zero-shot,grayscale,0,airplane,0.7939781,0,True
stl10/test/04449,4449,9,truck,CLIP ViT-B/32 zero-shot,grayscale,9,truck,0.81652594,9,True
stl10/test/00977,977,6,horse,CLIP ViT-B/32 zero-shot,grayscale,6,horse,0.99846613,6,True
stl10/test/04990,4990,8,ship,CLIP ViT-B/32 zero-shot,grayscale,8,ship,0.94587415,8,True
stl10/test/07309,7309,0,airplane,CLIP ViT-B/32 zero-shot,grayscale,0,airplane,0.9823162,0,True
stl10/test/01048,1048,7,monkey,CLIP ViT-B/32 zero-shot,grayscale,7,monkey,0.83596075,7,True
stl10/test/03276,3276,3,cat,CLIP ViT-B/32 zero-shot,grayscale,7,monkey,0.41617137,7,True
stl10/test/05512,5512,2,car,CLIP ViT-B/32 zero-shot,grayscale,9,truck,0.67252743,9,True
stl10/test/07692,7692,4,deer,CLIP ViT-B/32 zero-shot,grayscale,4,deer,0.997494,4,True
stl10/test/01436,1436,1,bird,CLIP ViT-B/32 zero-shot,grayscale,1,bird,0.99846566,1,True
stl10/test/07544,7544,9,truck,CLIP ViT-B/32 zero-shot,grayscale,9,truck,0.8638383,9,True
stl10/test/03383,3383,3,cat,CLIP ViT-B/32 zero-shot,grayscale,3,cat,0.8048528,3,True
stl10/test/01977,1977,0,airplane,CLIP ViT-B/32 zero-shot,grayscale,0,airplane,0.8285092,0,True
stl10/test/02750,2750,0,airplane,CLIP ViT-B/32 zero-shot,grayscale,8,ship,0.9534892,0,False
stl10/test/07996,7996,6,horse,CLIP ViT-B/32 zero-shot,grayscale,6,horse,0.9961952,6,True
stl10/test/06989,6989,5,dog,CLIP ViT-B/32 zero-shot,grayscale,5,dog,0.8217942,5,True
stl10/test/01431,1431,3,cat,CLIP ViT-B/32 zero-shot,grayscale,3,cat,0.9388815,3,True
stl10/test/07416,7416,3,cat,CLIP ViT-B/32 zero-shot,grayscale,3,cat,0.924902,3,True
stl10/test/04547,4547,5,dog,CLIP ViT-B/32 zero-shot,grayscale,5,dog,0.9774091,5,True
stl10/test/00042,42,0,airplane,CLIP ViT-B/32 zero-shot,grayscale,0,airplane,0.92112935,0,True
stl10/test/05117,5117,0,airplane,CLIP ViT-B/32 zero-shot,grayscale,0,airplane,0.9632581,0,True
stl10/test/04411,4411,6,horse,CLIP ViT-B/32 zero-shot,grayscale,6,horse,0.96401757,6,True
stl10/test/05789,5789,4,deer,CLIP ViT-B/32 zero-shot,grayscale,4,deer,0.9976629,4,True
stl10/test/00483,483,2,car,CLIP ViT-B/32 zero-shot,grayscale,2,car,0.9679759,2,True
stl10/test/06650,6650,7,monkey,CLIP ViT-B/32 zero-shot,grayscale,7,monkey,0.9973569,7,True
stl10/test/04881,4881,3,cat,CLIP ViT-B/32 zero-shot,grayscale,1,bird,0.73994184,7,False
stl10/test/00391,391,3,cat,CLIP ViT-B/32 zero-shot,grayscale,3,cat,0.4785573,4,False
stl10/test/00370,370,7,monkey,CLIP ViT-B/32 zero-shot,grayscale,7,monkey,0.998475,7,True
stl10/test/00419,419,9,truck,CLIP ViT-B/32 zero-shot,grayscale,9,truck,0.94763327,9,True
stl10/test/03318,3318,9,truck,CLIP ViT-B/32 zero-shot,grayscale,9,truck,0.9361528,9,True
stl10/test/04355,4355,8,ship,CLIP ViT-B/32 zero-shot,grayscale,8,ship,0.9823513,8,True
stl10/test/05402,5402,4,deer,CLIP ViT-B/32 zero-shot,grayscale,4,deer,0.9945748,4,True
stl10/test/05332,5332,5,dog,CLIP ViT-B/32 zero-shot,grayscale,5,dog,0.59076345,5,True
stl10/test/00239,239,9,truck,CLIP ViT-B/32 zero-shot,grayscale,9,truck,0.99019635,9,True
stl10/test/06271,6271,2,car,CLIP ViT-B/32 zero-shot,grayscale,2,car,0.9788625,2,True
stl10/test/01129,1129,8,ship,CLIP ViT-B/32 zero-shot,grayscale,8,ship,0.9975725,8,True
stl10/test/02391,2391,5,dog,CLIP ViT-B/32 zero-shot,grayscale,1,bird,0.4956959,5,False
stl10/test/00191,191,9,truck,CLIP ViT-B/32 zero-shot,grayscale,9,truck,0.64658886,9,True
stl10/test/05447,5447,9,truck,CLIP ViT-B/32 zero-shot,grayscale,9,truck,0.96339005,9,True
stl10/test/06528,6528,4,deer,CLIP ViT-B/32 zero-shot,grayscale,4,deer,0.99467456,4,True
stl10/test/00632,632,3,cat,CLIP ViT-B/32 + linear head,hue_rotation,3,cat,0.14521827,3,True
stl10/test/00131,131,9,truck,CLIP ViT-B/32 + linear head,hue_rotation,9,truck,0.13330631,9,True
stl10/test/07081,7081,7,monkey,CLIP ViT-B/32 + linear head,hue_rotation,7,monkey,0.13593668,7,True
stl10/test/01836,1836,9,truck,CLIP ViT-B/32 + linear head,hue_rotation,9,truck,0.1434842,9,True
stl10/test/06437,6437,0,airplane,CLIP ViT-B/32 + linear head,hue_rotation,0,airplane,0.15013587,0,True
stl10/test/06609,6609,0,airplane,CLIP ViT-B/32 + linear head,hue_rotation,0,airplane,0.14787528,0,True
stl10/test/03467,3467,7,monkey,CLIP ViT-B/32 + linear head,hue_rotation,7,monkey,0.13172881,7,True
stl10/test/01401,1401,3,cat,CLIP ViT-B/32 + linear head,hue_rotation,3,cat,0.14283325,3,True
stl10/test/01839,1839,2,car,CLIP ViT-B/32 + linear head,hue_rotation,2,car,0.13926505,2,True
stl10/test/04168,4168,3,cat,CLIP ViT-B/32 + linear head,hue_rotation,3,cat,0.12738127,3,True
stl10/test/00035,35,2,car,CLIP ViT-B/32 + linear head,hue_rotation,2,car,0.12416973,2,True
stl10/test/04177,4177,8,ship,CLIP ViT-B/32 + linear head,hue_rotation,8,ship,0.15600829,8,True
stl10/test/07270,7270,7,monkey,CLIP ViT-B/32 + linear head,hue_rotation,7,monkey,0.13348797,7,True
stl10/test/02265,2265,5,dog,CLIP ViT-B/32 + linear head,hue_rotation,5,dog,0.12860586,5,True
stl10/test/03288,3288,7,monkey,CLIP ViT-B/32 + linear head,hue_rotation,7,monkey,0.14642449,7,True
stl10/test/05451,5451,8,ship,CLIP ViT-B/32 + linear head,hue_rotation,8,ship,0.14877734,8,True
stl10/test/04023,4023,3,cat,CLIP ViT-B/32 + linear head,hue_rotation,3,cat,0.11406734,3,True
stl10/test/00261,261,1,bird,CLIP ViT-B/32 + linear head,hue_rotation,1,bird,0.1317875,1,True
stl10/test/04570,4570,5,dog,CLIP ViT-B/32 + linear head,hue_rotation,5,dog,0.13040309,5,True
stl10/test/04966,4966,5,dog,CLIP ViT-B/32 + linear head,hue_rotation,5,dog,0.12425609,5,True
stl10/test/07955,7955,1,bird,CLIP ViT-B/32 + linear head,hue_rotation,1,bird,0.14696062,1,True
stl10/test/06288,6288,4,deer,CLIP ViT-B/32 + linear head,hue_rotation,4,deer,0.13115783,4,True
stl10/test/07810,7810,8,ship,CLIP ViT-B/32 + linear head,hue_rotation,8,ship,0.13987762,8,True
stl10/test/01927,1927,7,monkey,CLIP ViT-B/32 + linear head,hue_rotation,7,monkey,0.13760538,7,True
stl10/test/01871,1871,1,bird,CLIP ViT-B/32 + linear head,hue_rotation,1,bird,0.13459788,1,True
stl10/test/06922,6922,5,dog,CLIP ViT-B/32 + linear head,hue_rotation,5,dog,0.1371423,5,True
stl10/test/03512,3512,4,deer,CLIP ViT-B/32 + linear head,hue_rotation,4,deer,0.13772246,4,True
stl10/test/04754,4754,6,horse,CLIP ViT-B/32 + linear head,hue_rotation,6,horse,0.12670435,6,True
stl10/test/00714,714,2,car,CLIP ViT-B/32 + linear head,hue_rotation,2,car,0.122193694,9,False
stl10/test/02191,2191,8,ship,CLIP ViT-B/32 + linear head,hue_rotation,8,ship,0.15190625,8,True
stl10/test/04615,4615,0,airplane,CLIP ViT-B/32 + linear head,hue_rotation,0,airplane,0.14473778,0,True
stl10/test/04662,4662,8,ship,CLIP ViT-B/32 + linear head,hue_rotation,8,ship,0.16382875,8,True
stl10/test/05915,5915,9,truck,CLIP ViT-B/32 + linear head,hue_rotation,9,truck,0.13584995,9,True
stl10/test/00766,766,4,deer,CLIP ViT-B/32 + linear head,hue_rotation,4,deer,0.12230822,6,False
stl10/test/05218,5218,2,car,CLIP ViT-B/32 + linear head,hue_rotation,2,car,0.14382195,2,True
stl10/test/02340,2340,8,ship,CLIP ViT-B/32 + linear head,hue_rotation,8,ship,0.15805109,8,True
stl10/test/01954,1954,8,ship,CLIP ViT-B/32 + linear head,hue_rotation,8,ship,0.12762617,8,True
stl10/test/07875,7875,8,ship,CLIP ViT-B/32 + linear head,hue_rotation,8,ship,0.13889323,8,True
stl10/test/03418,3418,6,horse,CLIP ViT-B/32 + linear head,hue_rotation,6,horse,0.14283054,6,True
stl10/test/05572,5572,9,truck,CLIP ViT-B/32 + linear head,hue_rotation,9,truck,0.12669837,9,True
stl10/test/05977,5977,7,monkey,CLIP ViT-B/32 + linear head,hue_rotation,7,monkey,0.1499919,7,True
stl10/test/05123,5123,1,bird,CLIP ViT-B/32 + linear head,hue_rotation,1,bird,0.13607818,1,True
stl10/test/05851,5851,9,truck,CLIP ViT-B/32 + linear head,hue_rotation,9,truck,0.14326668,9,True
stl10/test/04094,4094,9,truck,CLIP ViT-B/32 + linear head,hue_rotation,9,truck,0.1319621,9,True
stl10/test/04254,4254,6,horse,CLIP ViT-B/32 + linear head,hue_rotation,6,horse,0.13661261,6,True
stl10/test/02501,2501,7,monkey,CLIP ViT-B/32 + linear head,hue_rotation,7,monkey,0.13640055,7,True
stl10/test/06938,6938,1,bird,CLIP ViT-B/32 + linear head,hue_rotation,1,bird,0.15375543,1,True
stl10/test/00171,171,4,deer,CLIP ViT-B/32 + linear head,hue_rotation,4,deer,0.13295875,4,True
stl10/test/04215,4215,3,cat,CLIP ViT-B/32 + linear head,hue_rotation,3,cat,0.1285838,3,True
stl10/test/05705,5705,8,ship,CLIP ViT-B/32 + linear head,hue_rotation,8,ship,0.15505552,8,True
stl10/test/03458,3458,4,deer,CLIP ViT-B/32 + linear head,hue_rotation,4,deer,0.14337601,4,True
stl10/test/01220,1220,7,monkey,CLIP ViT-B/32 + linear head,hue_rotation,7,monkey,0.13845149,7,True
stl10/test/00962,962,8,ship,CLIP ViT-B/32 + linear head,hue_rotation,8,ship,0.121405765,8,True
stl10/test/02950,2950,5,dog,CLIP ViT-B/32 + linear head,hue_rotation,5,dog,0.13279812,5,True
stl10/test/02623,2623,5,dog,CLIP ViT-B/32 + linear head,hue_rotation,3,cat,0.11799866,5,False
stl10/test/04539,4539,0,airplane,CLIP ViT-B/32 + linear head,hue_rotation,0,airplane,0.14660679,0,True
stl10/test/01553,1553,0,airplane,CLIP ViT-B/32 + linear head,hue_rotation,0,airplane,0.14978953,0,True
stl10/test/04740,4740,4,deer,CLIP ViT-B/32 + linear head,hue_rotation,4,deer,0.14110872,4,True
stl10/test/06844,6844,0,airplane,CLIP ViT-B/32 + linear head,hue_rotation,0,airplane,0.14046457,0,True
stl10/test/02668,2668,7,monkey,CLIP ViT-B/32 + linear head,hue_rotation,7,monkey,0.12482586,7,True
stl10/test/03153,3153,7,monkey,CLIP ViT-B/32 + linear head,hue_rotation,7,monkey,0.13196626,7,True
stl10/test/05135,5135,4,deer,CLIP ViT-B/32 + linear head,hue_rotation,4,deer,0.13548918,4,True
stl10/test/02291,2291,3,cat,CLIP ViT-B/32 + linear head,hue_rotation,7,monkey,0.124623634,3,False
stl10/test/00116,116,1,bird,CLIP ViT-B/32 + linear head,hue_rotation,1,bird,0.13453512,1,True
stl10/test/07797,7797,3,cat,CLIP ViT-B/32 + linear head,hue_rotation,3,cat,0.12754567,3,True
stl10/test/04609,4609,3,cat,CLIP ViT-B/32 + linear head,hue_rotation,7,monkey,0.12881802,3,False
stl10/test/00081,81,0,airplane,CLIP ViT-B/32 + linear head,hue_rotation,0,airplane,0.13509591,0,True
stl10/test/05580,5580,6,horse,CLIP ViT-B/32 + linear head,hue_rotation,6,horse,0.14072196,6,True
stl10/test/03024,3024,2,car,CLIP ViT-B/32 + linear head,hue_rotation,2,car,0.1372823,2,True
stl10/test/02766,2766,5,dog,CLIP ViT-B/32 + linear head,hue_rotation,5,dog,0.14109018,5,True
stl10/test/05000,5000,8,ship,CLIP ViT-B/32 + linear head,hue_rotation,8,ship,0.14613889,8,True
stl10/test/02610,2610,6,horse,CLIP ViT-B/32 + linear head,hue_rotation,6,horse,0.1205838,6,True
stl10/test/02024,2024,0,airplane,CLIP ViT-B/32 + linear head,hue_rotation,0,airplane,0.14758907,0,True
stl10/test/06097,6097,4,deer,CLIP ViT-B/32 + linear head,hue_rotation,4,deer,0.15209852,4,True
stl10/test/00964,964,6,horse,CLIP ViT-B/32 + linear head,hue_rotation,6,horse,0.124723345,6,True
stl10/test/07634,7634,0,airplane,CLIP ViT-B/32 + linear head,hue_rotation,0,airplane,0.15774207,0,True
stl10/test/06434,6434,8,ship,CLIP ViT-B/32 + linear head,hue_rotation,8,ship,0.1539645,8,True
stl10/test/05183,5183,2,car,CLIP ViT-B/32 + linear head,hue_rotation,2,car,0.13369049,2,True
stl10/test/06986,6986,0,airplane,CLIP ViT-B/32 + linear head,hue_rotation,0,airplane,0.14782016,0,True
stl10/test/00645,645,5,dog,CLIP ViT-B/32 + linear head,hue_rotation,5,dog,0.1347679,5,True
stl10/test/03347,3347,0,airplane,CLIP ViT-B/32 + linear head,hue_rotation,0,airplane,0.15152909,0,True
stl10/test/05677,5677,2,car,CLIP ViT-B/32 + linear head,hue_rotation,2,car,0.13901749,2,True
stl10/test/03412,3412,8,ship,CLIP ViT-B/32 + linear head,hue_rotation,8,ship,0.15612462,8,True
stl10/test/03937,3937,1,bird,CLIP ViT-B/32 + linear head,hue_rotation,1,bird,0.15125355,1,True
stl10/test/00873,873,6,horse,CLIP ViT-B/32 + linear head,hue_rotation,6,horse,0.12703918,4,False
stl10/test/02167,2167,9,truck,CLIP ViT-B/32 + linear head,hue_rotation,9,truck,0.13687377,9,True
stl10/test/06490,6490,3,cat,CLIP ViT-B/32 + linear head,hue_rotation,3,cat,0.117915876,3,True
stl10/test/00738,738,3,cat,CLIP ViT-B/32 + linear head,hue_rotation,3,cat,0.12661043,3,True
stl10/test/06616,6616,2,car,CLIP ViT-B/32 + linear head,hue_rotation,2,car,0.12959185,2,True
stl10/test/04093,4093,6,horse,CLIP ViT-B/32 + linear head,hue_rotation,6,horse,0.13201812,6,True
stl10/test/05788,5788,9,truck,CLIP ViT-B/32 + linear head,hue_rotation,9,truck,0.1323713,9,True
stl10/test/07818,7818,8,ship,CLIP ViT-B/32 + linear head,hue_rotation,8,ship,0.15121156,8,True
stl10/test/00304,304,1,bird,CLIP ViT-B/32 + linear head,hue_rotation,1,bird,0.12054866,1,True
stl10/test/02082,2082,2,car,CLIP ViT-B/32 + linear head,hue_rotation,2,car,0.12321333,2,True
stl10/test/02746,2746,7,monkey,CLIP ViT-B/32 + linear head,hue_rotation,7,monkey,0.14107938,7,True
stl10/test/07944,7944,4,deer,CLIP ViT-B/32 + linear head,hue_rotation,4,deer,0.105733186,4,True
stl10/test/06689,6689,8,ship,CLIP ViT-B/32 + linear head,hue_rotation,8,ship,0.14301562,8,True
stl10/test/02414,2414,9,truck,CLIP ViT-B/32 + linear head,hue_rotation,9,truck,0.12655495,9,True
stl10/test/03779,3779,6,horse,CLIP ViT-B/32 + linear head,hue_rotation,6,horse,0.13549213,6,True
stl10/test/02095,2095,1,bird,CLIP ViT-B/32 + linear head,hue_rotation,1,bird,0.13391295,1,True
stl10/test/07262,7262,0,airplane,CLIP ViT-B/32 + linear head,hue_rotation,0,airplane,0.14962816,0,True
stl10/test/05694,5694,8,ship,CLIP ViT-B/32 + linear head,hue_rotation,8,ship,0.15084596,8,True
stl10/test/07413,7413,5,dog,CLIP ViT-B/32 + linear head,hue_rotation,3,cat,0.13058496,3,True
stl10/test/06805,6805,1,bird,CLIP ViT-B/32 + linear head,hue_rotation,1,bird,0.13270386,1,True
stl10/test/03446,3446,7,monkey,CLIP ViT-B/32 + linear head,hue_rotation,7,monkey,0.13823557,7,True
stl10/test/02807,2807,5,dog,CLIP ViT-B/32 + linear head,hue_rotation,7,monkey,0.11962097,4,False
stl10/test/07940,7940,4,deer,CLIP ViT-B/32 + linear head,hue_rotation,4,deer,0.14171323,4,True
stl10/test/04172,4172,7,monkey,CLIP ViT-B/32 + linear head,hue_rotation,1,bird,0.12936741,7,False
stl10/test/07744,7744,3,cat,CLIP ViT-B/32 + linear head,hue_rotation,3,cat,0.13593991,3,True
stl10/test/01586,1586,2,car,CLIP ViT-B/32 + linear head,hue_rotation,2,car,0.14022113,2,True
stl10/test/07999,7999,8,ship,CLIP ViT-B/32 + linear head,hue_rotation,8,ship,0.14485292,8,True
stl10/test/06349,6349,1,bird,CLIP ViT-B/32 + linear head,hue_rotation,1,bird,0.123866834,1,True
stl10/test/06594,6594,1,bird,CLIP ViT-B/32 + linear head,hue_rotation,1,bird,0.13208349,1,True
stl10/test/02109,2109,8,ship,CLIP ViT-B/32 + linear head,hue_rotation,8,ship,0.15162332,8,True
stl10/test/03079,3079,1,bird,CLIP ViT-B/32 + linear head,hue_rotation,1,bird,0.14881128,1,True
stl10/test/02070,2070,1,bird,CLIP ViT-B/32 + linear head,hue_rotation,1,bird,0.11730042,1,True
stl10/test/00319,319,5,dog,CLIP ViT-B/32 + linear head,hue_rotation,5,dog,0.13794942,5,True
stl10/test/02888,2888,0,airplane,CLIP ViT-B/32 + linear head,hue_rotation,0,airplane,0.14716996,0,True
stl10/test/06224,6224,5,dog,CLIP ViT-B/32 + linear head,hue_rotation,5,dog,0.12342198,5,True
stl10/test/03353,3353,5,dog,CLIP ViT-B/32 + linear head,hue_rotation,5,dog,0.120904006,5,True
stl10/test/06244,6244,2,car,CLIP ViT-B/32 + linear head,hue_rotation,2,car,0.1349321,2,True
stl10/test/04704,4704,7,monkey,CLIP ViT-B/32 + linear head,hue_rotation,7,monkey,0.12021264,7,True
stl10/test/02427,2427,5,dog,CLIP ViT-B/32 + linear head,hue_rotation,5,dog,0.13474326,5,True
stl10/test/07995,7995,9,truck,CLIP ViT-B/32 + linear head,hue_rotation,9,truck,0.13033466,9,True
stl10/test/01124,1124,4,deer,CLIP ViT-B/32 + linear head,hue_rotation,4,deer,0.13624598,4,True
stl10/test/06733,6733,1,bird,CLIP ViT-B/32 + linear head,hue_rotation,1,bird,0.12680623,1,True
stl10/test/02062,2062,9,truck,CLIP ViT-B/32 + linear head,hue_rotation,9,truck,0.14606018,9,True
stl10/test/00805,805,9,truck,CLIP ViT-B/32 + linear head,hue_rotation,9,truck,0.13255179,9,True
stl10/test/02028,2028,3,cat,CLIP ViT-B/32 + linear head,hue_rotation,3,cat,0.13739574,3,True
stl10/test/02392,2392,2,car,CLIP ViT-B/32 + linear head,hue_rotation,2,car,0.14413138,2,True
stl10/test/03292,3292,6,horse,CLIP ViT-B/32 + linear head,hue_rotation,6,horse,0.11008532,6,True
stl10/test/01440,1440,7,monkey,CLIP ViT-B/32 + linear head,hue_rotation,7,monkey,0.12632945,7,True
stl10/test/01115,1115,1,bird,CLIP ViT-B/32 + linear head,hue_rotation,1,bird,0.12028993,1,True
stl10/test/04242,4242,8,ship,CLIP ViT-B/32 + linear head,hue_rotation,8,ship,0.13636175,8,True
stl10/test/02230,2230,8,ship,CLIP ViT-B/32 + linear head,hue_rotation,8,ship,0.13499178,8,True
stl10/test/03163,3163,2,car,CLIP ViT-B/32 + linear head,hue_rotation,2,car,0.14325343,2,True
stl10/test/00545,545,6,horse,CLIP ViT-B/32 + linear head,hue_rotation,6,horse,0.11897471,6,True
stl10/test/03863,3863,5,dog,CLIP ViT-B/32 + linear head,hue_rotation,5,dog,0.12565821,5,True
stl10/test/04748,4748,7,monkey,CLIP ViT-B/32 + linear head,hue_rotation,7,monkey,0.14144412,7,True
stl10/test/02399,2399,4,deer,CLIP ViT-B/32 + linear head,hue_rotation,4,deer,0.1303212,4,True
stl10/test/04341,4341,6,horse,CLIP ViT-B/32 + linear head,hue_rotation,6,horse,0.13372071,6,True
stl10/test/03078,3078,4,deer,CLIP ViT-B/32 + linear head,hue_rotation,4,deer,0.15122168,4,True
stl10/test/03763,3763,4,deer,CLIP ViT-B/32 + linear head,hue_rotation,4,deer,0.14917357,4,True
stl10/test/02958,2958,6,horse,CLIP ViT-B/32 + linear head,hue_rotation,6,horse,0.14315152,6,True
stl10/test/06381,6381,6,horse,CLIP ViT-B/32 + linear head,hue_rotation,6,horse,0.14134422,6,True
stl10/test/01640,1640,8,ship,CLIP ViT-B/32 + linear head,hue_rotation,8,ship,0.15385738,8,True
stl10/test/01783,1783,8,ship,CLIP ViT-B/32 + linear head,hue_rotation,8,ship,0.15224984,8,True
stl10/test/03914,3914,3,cat,CLIP ViT-B/32 + linear head,hue_rotation,3,cat,0.14163847,3,True
stl10/test/01534,1534,6,horse,CLIP ViT-B/32 + linear head,hue_rotation,6,horse,0.1249494,6,True
stl10/test/00685,685,5,dog,CLIP ViT-B/32 + linear head,hue_rotation,5,dog,0.13262005,5,True
stl10/test/04617,4617,0,airplane,CLIP ViT-B/32 + linear head,hue_rotation,0,airplane,0.15172906,0,True
stl10/test/05508,5508,9,truck,CLIP ViT-B/32 + linear head,hue_rotation,9,truck,0.14507629,9,True
stl10/test/01022,1022,9,truck,CLIP ViT-B/32 + linear head,hue_rotation,9,truck,0.12213933,9,True
stl10/test/01230,1230,1,bird,CLIP ViT-B/32 + linear head,hue_rotation,7,monkey,0.12152201,7,True
stl10/test/07475,7475,4,deer,CLIP ViT-B/32 + linear head,hue_rotation,4,deer,0.14754917,4,True
stl10/test/05756,5756,2,car,CLIP ViT-B/32 + linear head,hue_rotation,2,car,0.1432251,2,True
stl10/test/03122,3122,4,deer,CLIP ViT-B/32 + linear head,hue_rotation,4,deer,0.12111862,4,True
stl10/test/07202,7202,1,bird,CLIP ViT-B/32 + linear head,hue_rotation,1,bird,0.13860796,1,True
stl10/test/04723,4723,9,truck,CLIP ViT-B/32 + linear head,hue_rotation,9,truck,0.13378827,9,True
stl10/test/01552,1552,5,dog,CLIP ViT-B/32 + linear head,hue_rotation,4,deer,0.112456255,5,False
stl10/test/00603,603,9,truck,CLIP ViT-B/32 + linear head,hue_rotation,9,truck,0.13252814,9,True
stl10/test/02861,2861,3,cat,CLIP ViT-B/32 + linear head,hue_rotation,3,cat,0.13798176,3,True
stl10/test/06426,6426,2,car,CLIP ViT-B/32 + linear head,hue_rotation,2,car,0.15194109,2,True
stl10/test/07864,7864,4,deer,CLIP ViT-B/32 + linear head,hue_rotation,4,deer,0.14999872,4,True
stl10/test/05729,5729,6,horse,CLIP ViT-B/32 + linear head,hue_rotation,6,horse,0.13605407,6,True
stl10/test/07474,7474,5,dog,CLIP ViT-B/32 + linear head,hue_rotation,5,dog,0.1415093,5,True
stl10/test/04298,4298,1,bird,CLIP ViT-B/32 + linear head,hue_rotation,1,bird,0.14739887,1,True
stl10/test/01175,1175,0,airplane,CLIP ViT-B/32 + linear head,hue_rotation,0,airplane,0.1500533,0,True
stl10/test/03454,3454,2,car,CLIP ViT-B/32 + linear head,hue_rotation,2,car,0.1431641,2,True
stl10/test/02754,2754,3,cat,CLIP ViT-B/32 + linear head,hue_rotation,3,cat,0.14178394,3,True
stl10/test/00855,855,4,deer,CLIP ViT-B/32 + linear head,hue_rotation,4,deer,0.14789738,4,True
stl10/test/02854,2854,7,monkey,CLIP ViT-B/32 + linear head,hue_rotation,7,monkey,0.1257386,7,True
stl10/test/05092,5092,1,bird,CLIP ViT-B/32 + linear head,hue_rotation,1,bird,0.14668068,1,True
stl10/test/05590,5590,9,truck,CLIP ViT-B/32 + linear head,hue_rotation,9,truck,0.13509464,9,True
stl10/test/04463,4463,3,cat,CLIP ViT-B/32 + linear head,hue_rotation,3,cat,0.13351244,3,True
stl10/test/05318,5318,2,car,CLIP ViT-B/32 + linear head,hue_rotation,2,car,0.11759217,2,True
stl10/test/03515,3515,6,horse,CLIP ViT-B/32 + linear head,hue_rotation,6,horse,0.13754125,6,True
stl10/test/04642,4642,4,deer,CLIP ViT-B/32 + linear head,hue_rotation,4,deer,0.13720201,4,True
stl10/test/00852,852,9,truck,CLIP ViT-B/32 + linear head,hue_rotation,9,truck,0.14168093,9,True
stl10/test/01247,1247,8,ship,CLIP ViT-B/32 + linear head,hue_rotation,8,ship,0.13530786,8,True
stl10/test/07084,7084,2,car,CLIP ViT-B/32 + linear head,hue_rotation,2,car,0.12789977,2,True
stl10/test/05301,5301,9,truck,CLIP ViT-B/32 + linear head,hue_rotation,9,truck,0.1127549,9,True
stl10/test/05082,5082,6,horse,CLIP ViT-B/32 + linear head,hue_rotation,6,horse,0.13950585,6,True
stl10/test/05077,5077,4,deer,CLIP ViT-B/32 + linear head,hue_rotation,4,deer,0.12697628,4,True
stl10/test/01563,1563,3,cat,CLIP ViT-B/32 + linear head,hue_rotation,3,cat,0.13020018,7,False
stl10/test/00029,29,7,monkey,CLIP ViT-B/32 + linear head,hue_rotation,7,monkey,0.1497336,7,True
stl10/test/03867,3867,7,monkey,CLIP ViT-B/32 + linear head,hue_rotation,7,monkey,0.13896635,7,True
stl10/test/04620,4620,6,horse,CLIP ViT-B/32 + linear head,hue_rotation,6,horse,0.11155005,6,True
stl10/test/04065,4065,2,car,CLIP ViT-B/32 + linear head,hue_rotation,2,car,0.13199678,2,True
stl10/test/01095,1095,5,dog,CLIP ViT-B/32 + linear head,hue_rotation,5,dog,0.13627815,5,True
stl10/test/04229,4229,3,cat,CLIP ViT-B/32 + linear head,hue_rotation,3,cat,0.1374221,3,True
stl10/test/03562,3562,3,cat,CLIP ViT-B/32 + linear head,hue_rotation,5,dog,0.11786339,3,False
stl10/test/02342,2342,8,ship,CLIP ViT-B/32 + linear head,hue_rotation,8,ship,0.15942305,8,True
stl10/test/01667,1667,6,horse,CLIP ViT-B/32 + linear head,hue_rotation,6,horse,0.14354259,6,True
stl10/test/07033,7033,1,bird,CLIP ViT-B/32 + linear head,hue_rotation,1,bird,0.119671084,1,True
stl10/test/01771,1771,7,monkey,CLIP ViT-B/32 + linear head,hue_rotation,7,monkey,0.11968395,7,True
stl10/test/03157,3157,8,ship,CLIP ViT-B/32 + linear head,hue_rotation,8,ship,0.14204514,8,True
stl10/test/03851,3851,3,cat,CLIP ViT-B/32 + linear head,hue_rotation,3,cat,0.1360418,3,True
stl10/test/01287,1287,7,monkey,CLIP ViT-B/32 + linear head,hue_rotation,7,monkey,0.12784149,7,True
stl10/test/07320,7320,0,airplane,CLIP ViT-B/32 + linear head,hue_rotation,0,airplane,0.14519791,0,True
stl10/test/07600,7600,6,horse,CLIP ViT-B/32 + linear head,hue_rotation,6,horse,0.13914569,6,True
stl10/test/03852,3852,5,dog,CLIP ViT-B/32 + linear head,hue_rotation,5,dog,0.13898562,5,True
stl10/test/00269,269,7,monkey,CLIP ViT-B/32 + linear head,hue_rotation,7,monkey,0.14221707,7,True
stl10/test/01703,1703,7,monkey,CLIP ViT-B/32 + linear head,hue_rotation,1,bird,0.12225105,7,False
stl10/test/07776,7776,5,dog,CLIP ViT-B/32 + linear head,hue_rotation,5,dog,0.12428861,5,True
stl10/test/03891,3891,4,deer,CLIP ViT-B/32 + linear head,hue_rotation,4,deer,0.12784393,4,True
stl10/test/07009,7009,0,airplane,CLIP ViT-B/32 + linear head,hue_rotation,0,airplane,0.13630758,0,True
stl10/test/04893,4893,0,airplane,CLIP ViT-B/32 + linear head,hue_rotation,0,airplane,0.15439788,0,True
stl10/test/02351,2351,9,truck,CLIP ViT-B/32 + linear head,hue_rotation,9,truck,0.13628429,9,True
stl10/test/03550,3550,1,bird,CLIP ViT-B/32 + linear head,hue_rotation,1,bird,0.13666521,1,True
stl10/test/05719,5719,7,monkey,CLIP ViT-B/32 + linear head,hue_rotation,7,monkey,0.1457168,7,True
stl10/test/01884,1884,7,monkey,CLIP ViT-B/32 + linear head,hue_rotation,7,monkey,0.1361587,7,True
stl10/test/02898,2898,4,deer,CLIP ViT-B/32 + linear head,hue_rotation,4,deer,0.15230455,4,True
stl10/test/04640,4640,1,bird,CLIP ViT-B/32 + linear head,hue_rotation,1,bird,0.12768021,1,True
stl10/test/07610,7610,4,deer,CLIP ViT-B/32 + linear head,hue_rotation,4,deer,0.13572039,4,True
stl10/test/01833,1833,8,ship,CLIP ViT-B/32 + linear head,hue_rotation,8,ship,0.14110468,8,True
stl10/test/06455,6455,0,airplane,CLIP ViT-B/32 + linear head,hue_rotation,0,airplane,0.1495309,0,True
stl10/test/03893,3893,9,truck,CLIP ViT-B/32 + linear head,hue_rotation,9,truck,0.12641403,9,True
stl10/test/04731,4731,6,horse,CLIP ViT-B/32 + linear head,hue_rotation,6,horse,0.1492687,6,True
stl10/test/00929,929,6,horse,CLIP ViT-B/32 + linear head,hue_rotation,6,horse,0.14059311,6,True
stl10/test/03962,3962,6,horse,CLIP ViT-B/32 + linear head,hue_rotation,6,horse,0.13282016,6,True
stl10/test/03778,3778,3,cat,CLIP ViT-B/32 + linear head,hue_rotation,3,cat,0.1256354,3,True
stl10/test/01429,1429,4,deer,CLIP ViT-B/32 + linear head,hue_rotation,4,deer,0.109440885,4,True
stl10/test/00049,49,2,car,CLIP ViT-B/32 + linear head,hue_rotation,2,car,0.14101735,2,True
stl10/test/00276,276,9,truck,CLIP ViT-B/32 + linear head,hue_rotation,9,truck,0.12107617,9,True
stl10/test/06076,6076,1,bird,CLIP ViT-B/32 + linear head,hue_rotation,1,bird,0.15025552,1,True
stl10/test/01389,1389,0,airplane,CLIP ViT-B/32 + linear head,hue_rotation,0,airplane,0.15145269,0,True
stl10/test/03362,3362,2,car,CLIP ViT-B/32 + linear head,hue_rotation,2,car,0.14063667,2,True
stl10/test/00317,317,2,car,CLIP ViT-B/32 + linear head,hue_rotation,2,car,0.13963127,2,True
stl10/test/04675,4675,0,airplane,CLIP ViT-B/32 + linear head,hue_rotation,0,airplane,0.14184232,0,True
stl10/test/05924,5924,5,dog,CLIP ViT-B/32 + linear head,hue_rotation,7,monkey,0.123209275,5,False
stl10/test/00198,198,1,bird,CLIP ViT-B/32 + linear head,hue_rotation,1,bird,0.13639314,1,True
stl10/test/07779,7779,6,horse,CLIP ViT-B/32 + linear head,hue_rotation,6,horse,0.12775843,6,True
stl10/test/04054,4054,4,deer,CLIP ViT-B/32 + linear head,hue_rotation,4,deer,0.14361142,4,True
stl10/test/05556,5556,4,deer,CLIP ViT-B/32 + linear head,hue_rotation,4,deer,0.14869416,4,True
stl10/test/02687,2687,1,bird,CLIP ViT-B/32 + linear head,hue_rotation,1,bird,0.13365966,1,True
stl10/test/01202,1202,2,car,CLIP ViT-B/32 + linear head,hue_rotation,2,car,0.14914964,2,True
stl10/test/00097,97,5,dog,CLIP ViT-B/32 + linear head,hue_rotation,5,dog,0.1315378,5,True
stl10/test/06033,6033,4,deer,CLIP ViT-B/32 + linear head,hue_rotation,4,deer,0.13016999,4,True
stl10/test/01711,1711,7,monkey,CLIP ViT-B/32 + linear head,hue_rotation,7,monkey,0.13661925,7,True
stl10/test/01430,1430,9,truck,CLIP ViT-B/32 + linear head,hue_rotation,9,truck,0.13424629,9,True
stl10/test/00739,739,8,ship,CLIP ViT-B/32 + linear head,hue_rotation,8,ship,0.1372775,8,True
stl10/test/03491,3491,1,bird,CLIP ViT-B/32 + linear head,hue_rotation,1,bird,0.14159022,1,True
stl10/test/01568,1568,1,bird,CLIP ViT-B/32 + linear head,hue_rotation,1,bird,0.13413627,1,True
stl10/test/01211,1211,4,deer,CLIP ViT-B/32 + linear head,hue_rotation,4,deer,0.1347283,4,True
stl10/test/04913,4913,2,car,CLIP ViT-B/32 + linear head,hue_rotation,2,car,0.13367909,2,True
stl10/test/02502,2502,2,car,CLIP ViT-B/32 + linear head,hue_rotation,2,car,0.14640158,2,True
stl10/test/02539,2539,3,cat,CLIP ViT-B/32 + linear head,hue_rotation,3,cat,0.14477436,3,True
stl10/test/00979,979,3,cat,CLIP ViT-B/32 + linear head,hue_rotation,3,cat,0.13414939,3,True
stl10/test/06354,6354,2,car,CLIP ViT-B/32 + linear head,hue_rotation,2,car,0.123478286,2,True
stl10/test/04735,4735,2,car,CLIP ViT-B/32 + linear head,hue_rotation,2,car,0.13333277,2,True
stl10/test/05912,5912,0,airplane,CLIP ViT-B/32 + linear head,hue_rotation,0,airplane,0.14444001,0,True
stl10/test/03844,3844,6,horse,CLIP ViT-B/32 + linear head,hue_rotation,6,horse,0.12971434,6,True
stl10/test/01263,1263,3,cat,CLIP ViT-B/32 + linear head,hue_rotation,4,deer,0.12029105,3,False
stl10/test/03404,3404,7,monkey,CLIP ViT-B/32 + linear head,hue_rotation,7,monkey,0.13816324,7,True
stl10/test/03905,3905,8,ship,CLIP ViT-B/32 + linear head,hue_rotation,8,ship,0.15538868,8,True
stl10/test/01596,1596,0,airplane,CLIP ViT-B/32 + linear head,hue_rotation,0,airplane,0.14927521,0,True
stl10/test/03083,3083,0,airplane,CLIP ViT-B/32 + linear head,hue_rotation,0,airplane,0.13138683,0,True
stl10/test/02003,2003,6,horse,CLIP ViT-B/32 + linear head,hue_rotation,6,horse,0.13893811,6,True
stl10/test/05030,5030,2,car,CLIP ViT-B/32 + linear head,hue_rotation,2,car,0.1422152,2,True
stl10/test/00095,95,1,bird,CLIP ViT-B/32 + linear head,hue_rotation,1,bird,0.14858577,1,True
stl10/test/02757,2757,4,deer,CLIP ViT-B/32 + linear head,hue_rotation,4,deer,0.123009495,4,True
stl10/test/03413,3413,1,bird,CLIP ViT-B/32 + linear head,hue_rotation,1,bird,0.15909609,1,True
stl10/test/05488,5488,1,bird,CLIP ViT-B/32 + linear head,hue_rotation,1,bird,0.12022099,1,True
stl10/test/04827,4827,6,horse,CLIP ViT-B/32 + linear head,hue_rotation,6,horse,0.12982567,6,True
stl10/test/01877,1877,5,dog,CLIP ViT-B/32 + linear head,hue_rotation,4,deer,0.12760015,5,False
stl10/test/02157,2157,1,bird,CLIP ViT-B/32 + linear head,hue_rotation,1,bird,0.132337,1,True
stl10/test/04821,4821,3,cat,CLIP ViT-B/32 + linear head,hue_rotation,3,cat,0.12648155,3,True
stl10/test/04953,4953,5,dog,CLIP ViT-B/32 + linear head,hue_rotation,5,dog,0.11933623,5,True
stl10/test/05525,5525,8,ship,CLIP ViT-B/32 + linear head,hue_rotation,8,ship,0.14595461,8,True
stl10/test/05381,5381,5,dog,CLIP ViT-B/32 + linear head,hue_rotation,5,dog,0.13634928,5,True
stl10/test/00672,672,3,cat,CLIP ViT-B/32 + linear head,hue_rotation,3,cat,0.11989643,3,True
stl10/test/00323,323,7,monkey,CLIP ViT-B/32 + linear head,hue_rotation,7,monkey,0.13402946,7,True
stl10/test/05436,5436,7,monkey,CLIP ViT-B/32 + linear head,hue_rotation,7,monkey,0.12043755,7,True
stl10/test/05450,5450,7,monkey,CLIP ViT-B/32 + linear head,hue_rotation,7,monkey,0.13935432,7,True
stl10/test/06358,6358,5,dog,CLIP ViT-B/32 + linear head,hue_rotation,5,dog,0.12325301,5,True
stl10/test/00372,372,3,cat,CLIP ViT-B/32 + linear head,hue_rotation,3,cat,0.11250489,3,True
stl10/test/00378,378,5,dog,CLIP ViT-B/32 + linear head,hue_rotation,5,dog,0.13812135,5,True
stl10/test/07706,7706,5,dog,CLIP ViT-B/32 + linear head,hue_rotation,5,dog,0.1183706,5,True
stl10/test/02178,2178,1,bird,CLIP ViT-B/32 + linear head,hue_rotation,1,bird,0.13221954,1,True
stl10/test/05237,5237,2,car,CLIP ViT-B/32 + linear head,hue_rotation,2,car,0.12795112,2,True
stl10/test/05478,5478,0,airplane,CLIP ViT-B/32 + linear head,hue_rotation,0,airplane,0.12601633,0,True
stl10/test/05452,5452,9,truck,CLIP ViT-B/32 + linear head,hue_rotation,9,truck,0.124189965,9,True
stl10/test/05623,5623,4,deer,CLIP ViT-B/32 + linear head,hue_rotation,4,deer,0.14472193,4,True
stl10/test/06772,6772,7,monkey,CLIP ViT-B/32 + linear head,hue_rotation,3,cat,0.1082522,7,False
stl10/test/01111,1111,4,deer,CLIP ViT-B/32 + linear head,hue_rotation,4,deer,0.14806023,4,True
stl10/test/05528,5528,3,cat,CLIP ViT-B/32 + linear head,hue_rotation,3,cat,0.13705033,3,True
stl10/test/03777,3777,6,horse,CLIP ViT-B/32 + linear head,hue_rotation,6,horse,0.13429625,6,True
stl10/test/02458,2458,5,dog,CLIP ViT-B/32 + linear head,hue_rotation,5,dog,0.13548175,5,True
stl10/test/04921,4921,2,car,CLIP ViT-B/32 + linear head,hue_rotation,2,car,0.12797992,2,True
stl10/test/03015,3015,8,ship,CLIP ViT-B/32 + linear head,hue_rotation,8,ship,0.15514956,8,True
stl10/test/07476,7476,8,ship,CLIP ViT-B/32 + linear head,hue_rotation,8,ship,0.12552032,8,True
stl10/test/01520,1520,2,car,CLIP ViT-B/32 + linear head,hue_rotation,2,car,0.123566054,2,True
stl10/test/06713,6713,6,horse,CLIP ViT-B/32 + linear head,hue_rotation,6,horse,0.1279141,6,True
stl10/test/01852,1852,1,bird,CLIP ViT-B/32 + linear head,hue_rotation,1,bird,0.14789881,1,True
stl10/test/02268,2268,5,dog,CLIP ViT-B/32 + linear head,hue_rotation,5,dog,0.14466743,5,True
stl10/test/00151,151,8,ship,CLIP ViT-B/32 + linear head,hue_rotation,8,ship,0.14446639,8,True
stl10/test/00890,890,6,horse,CLIP ViT-B/32 + linear head,hue_rotation,6,horse,0.13657884,6,True
stl10/test/00825,825,1,bird,CLIP ViT-B/32 + linear head,hue_rotation,1,bird,0.13558865,1,True
stl10/test/02536,2536,3,cat,CLIP ViT-B/32 + linear head,hue_rotation,3,cat,0.14157228,3,True
stl10/test/00470,470,2,car,CLIP ViT-B/32 + linear head,hue_rotation,2,car,0.14611259,2,True
stl10/test/05256,5256,1,bird,CLIP ViT-B/32 + linear head,hue_rotation,1,bird,0.14282681,1,True
stl10/test/02011,2011,9,truck,CLIP ViT-B/32 + linear head,hue_rotation,9,truck,0.13207096,9,True
stl10/test/07150,7150,0,airplane,CLIP ViT-B/32 + linear head,hue_rotation,0,airplane,0.14886707,0,True
stl10/test/00449,449,6,horse,CLIP ViT-B/32 + linear head,hue_rotation,6,horse,0.13211463,6,True
stl10/test/02704,2704,4,deer,CLIP ViT-B/32 + linear head,hue_rotation,4,deer,0.14427888,4,True
stl10/test/03437,3437,0,airplane,CLIP ViT-B/32 + linear head,hue_rotation,0,airplane,0.1266247,0,True
stl10/test/03375,3375,3,cat,CLIP ViT-B/32 + linear head,hue_rotation,3,cat,0.1304177,3,True
stl10/test/04552,4552,8,ship,CLIP ViT-B/32 + linear head,hue_rotation,8,ship,0.12329146,8,True
stl10/test/00920,920,6,horse,CLIP ViT-B/32 + linear head,hue_rotation,6,horse,0.13679652,6,True
stl10/test/02242,2242,0,airplane,CLIP ViT-B/32 + linear head,hue_rotation,0,airplane,0.14653298,0,True
stl10/test/02745,2745,8,ship,CLIP ViT-B/32 + linear head,hue_rotation,8,ship,0.15972325,8,True
stl10/test/01032,1032,7,monkey,CLIP ViT-B/32 + linear head,hue_rotation,3,cat,0.11282479,7,False
stl10/test/00365,365,3,cat,CLIP ViT-B/32 + linear head,hue_rotation,3,cat,0.13396516,3,True
stl10/test/04850,4850,5,dog,CLIP ViT-B/32 + linear head,hue_rotation,5,dog,0.13623191,5,True
stl10/test/04819,4819,0,airplane,CLIP ViT-B/32 + linear head,hue_rotation,0,airplane,0.1448168,0,True
stl10/test/07338,7338,6,horse,CLIP ViT-B/32 + linear head,hue_rotation,6,horse,0.11997676,6,True
stl10/test/07372,7372,0,airplane,CLIP ViT-B/32 + linear head,hue_rotation,0,airplane,0.15129064,0,True
stl10/test/01090,1090,1,bird,CLIP ViT-B/32 + linear head,hue_rotation,1,bird,0.13123463,1,True
stl10/test/05062,5062,4,deer,CLIP ViT-B/32 + linear head,hue_rotation,4,deer,0.1404031,4,True
stl10/test/00981,981,2,car,CLIP ViT-B/32 + linear head,hue_rotation,2,car,0.13709912,2,True
stl10/test/05857,5857,6,horse,CLIP ViT-B/32 + linear head,hue_rotation,6,horse,0.13069667,6,True
stl10/test/01986,1986,1,bird,CLIP ViT-B/32 + linear head,hue_rotation,1,bird,0.12573925,1,True
stl10/test/05560,5560,1,bird,CLIP ViT-B/32 + linear head,hue_rotation,1,bird,0.13106935,1,True
stl10/test/01814,1814,2,car,CLIP ViT-B/32 + linear head,hue_rotation,2,car,0.13560039,2,True
stl10/test/00194,194,8,ship,CLIP ViT-B/32 + linear head,hue_rotation,8,ship,0.15257636,8,True
stl10/test/01993,1993,1,bird,CLIP ViT-B/32 + linear head,hue_rotation,1,bird,0.140991,1,True
stl10/test/05333,5333,2,car,CLIP ViT-B/32 + linear head,hue_rotation,2,car,0.14404134,2,True
stl10/test/04311,4311,8,ship,CLIP ViT-B/32 + linear head,hue_rotation,8,ship,0.15945926,8,True
stl10/test/07425,7425,2,car,CLIP ViT-B/32 + linear head,hue_rotation,2,car,0.14665231,2,True
stl10/test/03889,3889,5,dog,CLIP ViT-B/32 + linear head,hue_rotation,5,dog,0.14286786,5,True
stl10/test/04308,4308,7,monkey,CLIP ViT-B/32 + linear head,hue_rotation,9,truck,0.10599713,7,False
stl10/test/01960,1960,4,deer,CLIP ViT-B/32 + linear head,hue_rotation,4,deer,0.12629439,4,True
stl10/test/04399,4399,0,airplane,CLIP ViT-B/32 + linear head,hue_rotation,0,airplane,0.143224,0,True
stl10/test/03191,3191,6,horse,CLIP ViT-B/32 + linear head,hue_rotation,6,horse,0.10976317,6,True
stl10/test/01626,1626,5,dog,CLIP ViT-B/32 + linear head,hue_rotation,5,dog,0.12976316,5,True
stl10/test/00176,176,3,cat,CLIP ViT-B/32 + linear head,hue_rotation,3,cat,0.13182046,3,True
stl10/test/07726,7726,6,horse,CLIP ViT-B/32 + linear head,hue_rotation,6,horse,0.14156081,6,True
stl10/test/02334,2334,5,dog,CLIP ViT-B/32 + linear head,hue_rotation,5,dog,0.14323802,5,True
stl10/test/01648,1648,0,airplane,CLIP ViT-B/32 + linear head,hue_rotation,0,airplane,0.1432134,0,True
stl10/test/06084,6084,7,monkey,CLIP ViT-B/32 + linear head,hue_rotation,7,monkey,0.15038505,7,True
stl10/test/03455,3455,0,airplane,CLIP ViT-B/32 + linear head,hue_rotation,0,airplane,0.14482307,0,True
stl10/test/01468,1468,9,truck,CLIP ViT-B/32 + linear head,hue_rotation,9,truck,0.13098115,9,True
stl10/test/01296,1296,7,monkey,CLIP ViT-B/32 + linear head,hue_rotation,7,monkey,0.11419489,7,True
stl10/test/05213,5213,4,deer,CLIP ViT-B/32 + linear head,hue_rotation,4,deer,0.14169064,4,True
stl10/test/07047,7047,9,truck,CLIP ViT-B/32 + linear head,hue_rotation,9,truck,0.13682067,9,True
stl10/test/05360,5360,9,truck,CLIP ViT-B/32 + linear head,hue_rotation,9,truck,0.12988828,9,True
stl10/test/05824,5824,2,car,CLIP ViT-B/32 + linear head,hue_rotation,9,truck,0.1205542,2,False
stl10/test/07460,7460,8,ship,CLIP ViT-B/32 + linear head,hue_rotation,8,ship,0.11208305,8,True
stl10/test/04791,4791,7,monkey,CLIP ViT-B/32 + linear head,hue_rotation,7,monkey,0.1400609,7,True
stl10/test/06692,6692,2,car,CLIP ViT-B/32 + linear head,hue_rotation,2,car,0.13313212,2,True
stl10/test/06931,6931,9,truck,CLIP ViT-B/32 + linear head,hue_rotation,9,truck,0.12651117,9,True
stl10/test/00667,667,8,ship,CLIP ViT-B/32 + linear head,hue_rotation,8,ship,0.14925294,8,True
stl10/test/07781,7781,6,horse,CLIP ViT-B/32 + linear head,hue_rotation,6,horse,0.13988073,6,True
stl10/test/07793,7793,3,cat,CLIP ViT-B/32 + linear head,hue_rotation,5,dog,0.1281643,5,True
stl10/test/01411,1411,9,truck,CLIP ViT-B/32 + linear head,hue_rotation,9,truck,0.13538046,9,True
stl10/test/01473,1473,7,monkey,CLIP ViT-B/32 + linear head,hue_rotation,7,monkey,0.14202344,7,True
stl10/test/07130,7130,5,dog,CLIP ViT-B/32 + linear head,hue_rotation,5,dog,0.13155958,5,True
stl10/test/01956,1956,7,monkey,CLIP ViT-B/32 + linear head,hue_rotation,3,cat,0.11123954,7,False
stl10/test/06716,6716,5,dog,CLIP ViT-B/32 + linear head,hue_rotation,5,dog,0.12531485,5,True
stl10/test/04106,4106,5,dog,CLIP ViT-B/32 + linear head,hue_rotation,5,dog,0.12715948,5,True
stl10/test/03494,3494,6,horse,CLIP ViT-B/32 + linear head,hue_rotation,6,horse,0.14174275,6,True
stl10/test/00691,691,4,deer,CLIP ViT-B/32 + linear head,hue_rotation,4,deer,0.13659592,4,True
stl10/test/05220,5220,1,bird,CLIP ViT-B/32 + linear head,hue_rotation,9,truck,0.1046089,3,False
stl10/test/04908,4908,3,cat,CLIP ViT-B/32 + linear head,hue_rotation,3,cat,0.1399385,3,True
stl10/test/07029,7029,1,bird,CLIP ViT-B/32 + linear head,hue_rotation,1,bird,0.14368415,1,True
stl10/test/04130,4130,0,airplane,CLIP ViT-B/32 + linear head,hue_rotation,0,airplane,0.14896493,0,True
stl10/test/07938,7938,9,truck,CLIP ViT-B/32 + linear head,hue_rotation,9,truck,0.12219653,9,True
stl10/test/05101,5101,5,dog,CLIP ViT-B/32 + linear head,hue_rotation,5,dog,0.13227601,5,True
stl10/test/01515,1515,9,truck,CLIP ViT-B/32 + linear head,hue_rotation,9,truck,0.13599086,9,True
stl10/test/03287,3287,4,deer,CLIP ViT-B/32 + linear head,hue_rotation,4,deer,0.15226483,4,True
stl10/test/00716,716,8,ship,CLIP ViT-B/32 + linear head,hue_rotation,8,ship,0.1506946,8,True
stl10/test/04236,4236,7,monkey,CLIP ViT-B/32 + linear head,hue_rotation,7,monkey,0.13371609,7,True
stl10/test/05408,5408,6,horse,CLIP ViT-B/32 + linear head,hue_rotation,6,horse,0.1340283,6,True
stl10/test/05496,5496,5,dog,CLIP ViT-B/32 + linear head,hue_rotation,5,dog,0.12940948,5,True
stl10/test/03365,3365,4,deer,CLIP ViT-B/32 + linear head,hue_rotation,4,deer,0.14111964,4,True
stl10/test/04323,4323,3,cat,CLIP ViT-B/32 + linear head,hue_rotation,3,cat,0.12896942,3,True
stl10/test/05467,5467,4,deer,CLIP ViT-B/32 + linear head,hue_rotation,4,deer,0.14653595,4,True
stl10/test/01644,1644,5,dog,CLIP ViT-B/32 + linear head,hue_rotation,5,dog,0.14000157,5,True
stl10/test/03948,3948,8,ship,CLIP ViT-B/32 + linear head,hue_rotation,8,ship,0.15198548,8,True
stl10/test/06726,6726,7,monkey,CLIP ViT-B/32 + linear head,hue_rotation,7,monkey,0.13086149,7,True
stl10/test/05395,5395,2,car,CLIP ViT-B/32 + linear head,hue_rotation,2,car,0.14366387,2,True
stl10/test/01579,1579,7,monkey,CLIP ViT-B/32 + linear head,hue_rotation,7,monkey,0.13667136,7,True
stl10/test/05918,5918,0,airplane,CLIP ViT-B/32 + linear head,hue_rotation,0,airplane,0.14568582,0,True
stl10/test/07041,7041,5,dog,CLIP ViT-B/32 + linear head,hue_rotation,5,dog,0.10476195,5,True
stl10/test/00506,506,4,deer,CLIP ViT-B/32 + linear head,hue_rotation,4,deer,0.12889777,4,True
stl10/test/04011,4011,6,horse,CLIP ViT-B/32 + linear head,hue_rotation,6,horse,0.14630495,6,True
stl10/test/05981,5981,9,truck,CLIP ViT-B/32 + linear head,hue_rotation,9,truck,0.118757956,9,True
stl10/test/00409,409,2,car,CLIP ViT-B/32 + linear head,hue_rotation,2,car,0.14674436,2,True
stl10/test/06954,6954,1,bird,CLIP ViT-B/32 + linear head,hue_rotation,1,bird,0.13199951,1,True
stl10/test/07555,7555,6,horse,CLIP ViT-B/32 + linear head,hue_rotation,6,horse,0.11791826,6,True
stl10/test/03965,3965,0,airplane,CLIP ViT-B/32 + linear head,hue_rotation,0,airplane,0.14610945,0,True
stl10/test/07266,7266,9,truck,CLIP ViT-B/32 + linear head,hue_rotation,9,truck,0.12196667,9,True
stl10/test/04785,4785,0,airplane,CLIP ViT-B/32 + linear head,hue_rotation,0,airplane,0.1487155,0,True
stl10/test/06028,6028,2,car,CLIP ViT-B/32 + linear head,hue_rotation,2,car,0.14285429,2,True
stl10/test/06503,6503,2,car,CLIP ViT-B/32 + linear head,hue_rotation,2,car,0.12973572,2,True
stl10/test/06414,6414,5,dog,CLIP ViT-B/32 + linear head,hue_rotation,7,monkey,0.1121453,5,False
stl10/test/05382,5382,6,horse,CLIP ViT-B/32 + linear head,hue_rotation,6,horse,0.1123379,6,True
stl10/test/06836,6836,1,bird,CLIP ViT-B/32 + linear head,hue_rotation,1,bird,0.14190961,1,True
stl10/test/06508,6508,4,deer,CLIP ViT-B/32 + linear head,hue_rotation,4,deer,0.14499499,4,True
stl10/test/03994,3994,4,deer,CLIP ViT-B/32 + linear head,hue_rotation,4,deer,0.14764184,4,True
stl10/test/03942,3942,9,truck,CLIP ViT-B/32 + linear head,hue_rotation,9,truck,0.13757737,9,True
stl10/test/03542,3542,7,monkey,CLIP ViT-B/32 + linear head,hue_rotation,7,monkey,0.14554809,7,True
stl10/test/06952,6952,3,cat,CLIP ViT-B/32 + linear head,hue_rotation,3,cat,0.129101,3,True
stl10/test/04290,4290,5,dog,CLIP ViT-B/32 + linear head,hue_rotation,5,dog,0.10595569,4,False
stl10/test/07446,7446,8,ship,CLIP ViT-B/32 + linear head,hue_rotation,8,ship,0.14808334,8,True
stl10/test/06169,6169,1,bird,CLIP ViT-B/32 + linear head,hue_rotation,1,bird,0.10680369,1,True
stl10/test/01109,1109,1,bird,CLIP ViT-B/32 + linear head,hue_rotation,1,bird,0.13057546,1,True
stl10/test/03179,3179,4,deer,CLIP ViT-B/32 + linear head,hue_rotation,4,deer,0.15324137,4,True
stl10/test/07835,7835,7,monkey,CLIP ViT-B/32 + linear head,hue_rotation,7,monkey,0.1483691,7,True
stl10/test/07390,7390,1,bird,CLIP ViT-B/32 + linear head,hue_rotation,1,bird,0.14153267,1,True
stl10/test/00568,568,5,dog,CLIP ViT-B/32 + linear head,hue_rotation,5,dog,0.13039498,3,False
stl10/test/04629,4629,4,deer,CLIP ViT-B/32 + linear head,hue_rotation,4,deer,0.14011039,4,True
stl10/test/07138,7138,8,ship,CLIP ViT-B/32 + linear head,hue_rotation,8,ship,0.14797553,8,True
stl10/test/05284,5284,9,truck,CLIP ViT-B/32 + linear head,hue_rotation,9,truck,0.11815851,9,True
stl10/test/00003,3,0,airplane,CLIP ViT-B/32 + linear head,hue_rotation,0,airplane,0.14241453,0,True
stl10/test/02690,2690,1,bird,CLIP ViT-B/32 + linear head,hue_rotation,1,bird,0.13212375,1,True
stl10/test/05858,5858,6,horse,CLIP ViT-B/32 + linear head,hue_rotation,6,horse,0.13116889,6,True
stl10/test/01266,1266,4,deer,CLIP ViT-B/32 + linear head,hue_rotation,4,deer,0.13593473,4,True
stl10/test/03034,3034,4,deer,CLIP ViT-B/32 + linear head,hue_rotation,4,deer,0.14860162,4,True
stl10/test/02655,2655,9,truck,CLIP ViT-B/32 + linear head,hue_rotation,9,truck,0.13061747,9,True
stl10/test/06190,6190,7,monkey,CLIP ViT-B/32 + linear head,hue_rotation,7,monkey,0.14893682,7,True
stl10/test/04170,4170,8,ship,CLIP ViT-B/32 + linear head,hue_rotation,8,ship,0.1434015,8,True
stl10/test/07380,7380,9,truck,CLIP ViT-B/32 + linear head,hue_rotation,9,truck,0.13848351,9,True
stl10/test/07752,7752,9,truck,CLIP ViT-B/32 + linear head,hue_rotation,9,truck,0.13689871,9,True
stl10/test/03996,3996,9,truck,CLIP ViT-B/32 + linear head,hue_rotation,9,truck,0.14704138,9,True
stl10/test/01204,1204,3,cat,CLIP ViT-B/32 + linear head,hue_rotation,3,cat,0.116623126,3,True
stl10/test/01654,1654,9,truck,CLIP ViT-B/32 + linear head,hue_rotation,9,truck,0.14141327,9,True
stl10/test/04746,4746,6,horse,CLIP ViT-B/32 + linear head,hue_rotation,6,horse,0.12976238,6,True
stl10/test/04590,4590,3,cat,CLIP ViT-B/32 + linear head,hue_rotation,3,cat,0.13289623,3,True
stl10/test/00562,562,0,airplane,CLIP ViT-B/32 + linear head,hue_rotation,0,airplane,0.13005815,0,True
stl10/test/07108,7108,6,horse,CLIP ViT-B/32 + linear head,hue_rotation,6,horse,0.13768765,6,True
stl10/test/05999,5999,0,airplane,CLIP ViT-B/32 + linear head,hue_rotation,0,airplane,0.14264046,0,True
stl10/test/01403,1403,2,car,CLIP ViT-B/32 + linear head,hue_rotation,2,car,0.13926224,2,True
stl10/test/04403,4403,7,monkey,CLIP ViT-B/32 + linear head,hue_rotation,7,monkey,0.13754234,7,True
stl10/test/06332,6332,2,car,CLIP ViT-B/32 + linear head,hue_rotation,2,car,0.13289125,2,True
stl10/test/06264,6264,2,car,CLIP ViT-B/32 + linear head,hue_rotation,2,car,0.14065549,2,True
stl10/test/00303,303,9,truck,CLIP ViT-B/32 + linear head,hue_rotation,9,truck,0.1378507,9,True
stl10/test/00791,791,3,cat,CLIP ViT-B/32 + linear head,hue_rotation,3,cat,0.13845392,3,True
stl10/test/03067,3067,2,car,CLIP ViT-B/32 + linear head,hue_rotation,2,car,0.14005339,2,True
stl10/test/00484,484,0,airplane,CLIP ViT-B/32 + linear head,hue_rotation,0,airplane,0.15230314,0,True
stl10/test/01370,1370,3,cat,CLIP ViT-B/32 + linear head,hue_rotation,3,cat,0.13520008,3,True
stl10/test/04069,4069,8,ship,CLIP ViT-B/32 + linear head,hue_rotation,8,ship,0.11597137,8,True
stl10/test/07373,7373,0,airplane,CLIP ViT-B/32 + linear head,hue_rotation,0,airplane,0.15427864,0,True
stl10/test/04330,4330,3,cat,CLIP ViT-B/32 + linear head,hue_rotation,3,cat,0.105799615,5,False
stl10/test/05701,5701,5,dog,CLIP ViT-B/32 + linear head,hue_rotation,5,dog,0.13943888,5,True
stl10/test/07465,7465,0,airplane,CLIP ViT-B/32 + linear head,hue_rotation,0,airplane,0.14881347,0,True
stl10/test/01531,1531,3,cat,CLIP ViT-B/32 + linear head,hue_rotation,5,dog,0.11873324,3,False
stl10/test/04676,4676,8,ship,CLIP ViT-B/32 + linear head,hue_rotation,8,ship,0.14242956,8,True
stl10/test/04531,4531,3,cat,CLIP ViT-B/32 + linear head,hue_rotation,3,cat,0.114071175,3,True
stl10/test/00706,706,8,ship,CLIP ViT-B/32 + linear head,hue_rotation,8,ship,0.14661103,8,True
stl10/test/02844,2844,8,ship,CLIP ViT-B/32 + linear head,hue_rotation,8,ship,0.14191,8,True
stl10/test/03755,3755,2,car,CLIP ViT-B/32 + linear head,hue_rotation,2,car,0.13761586,2,True
stl10/test/05848,5848,7,monkey,CLIP ViT-B/32 + linear head,hue_rotation,7,monkey,0.13955778,7,True
stl10/test/02114,2114,9,truck,CLIP ViT-B/32 + linear head,hue_rotation,9,truck,0.12851927,9,True
stl10/test/03876,3876,0,airplane,CLIP ViT-B/32 + linear head,hue_rotation,0,airplane,0.13977216,0,True
stl10/test/00677,677,3,cat,CLIP ViT-B/32 + linear head,hue_rotation,3,cat,0.13404435,3,True
stl10/test/02116,2116,1,bird,CLIP ViT-B/32 + linear head,hue_rotation,1,bird,0.12585674,1,True
stl10/test/04661,4661,7,monkey,CLIP ViT-B/32 + linear head,hue_rotation,7,monkey,0.13560288,7,True
stl10/test/02676,2676,6,horse,CLIP ViT-B/32 + linear head,hue_rotation,6,horse,0.119265534,6,True
stl10/test/03025,3025,0,airplane,CLIP ViT-B/32 + linear head,hue_rotation,0,airplane,0.13747694,0,True
stl10/test/04449,4449,9,truck,CLIP ViT-B/32 + linear head,hue_rotation,9,truck,0.122933336,9,True
stl10/test/00977,977,6,horse,CLIP ViT-B/32 + linear head,hue_rotation,6,horse,0.14351846,6,True
stl10/test/04990,4990,8,ship,CLIP ViT-B/32 + linear head,hue_rotation,8,ship,0.1270079,8,True
stl10/test/07309,7309,0,airplane,CLIP ViT-B/32 + linear head,hue_rotation,0,airplane,0.14141122,0,True
stl10/test/01048,1048,7,monkey,CLIP ViT-B/32 + linear head,hue_rotation,7,monkey,0.14095259,7,True
stl10/test/03276,3276,3,cat,CLIP ViT-B/32 + linear head,hue_rotation,6,horse,0.10777441,7,False
stl10/test/05512,5512,2,car,CLIP ViT-B/32 + linear head,hue_rotation,9,truck,0.118355125,9,True
stl10/test/07692,7692,4,deer,CLIP ViT-B/32 + linear head,hue_rotation,4,deer,0.11408753,4,True
stl10/test/01436,1436,1,bird,CLIP ViT-B/32 + linear head,hue_rotation,1,bird,0.14335418,1,True
stl10/test/07544,7544,9,truck,CLIP ViT-B/32 + linear head,hue_rotation,9,truck,0.1297419,9,True
stl10/test/03383,3383,3,cat,CLIP ViT-B/32 + linear head,hue_rotation,3,cat,0.14252943,3,True
stl10/test/01977,1977,0,airplane,CLIP ViT-B/32 + linear head,hue_rotation,0,airplane,0.13943009,0,True
stl10/test/02750,2750,0,airplane,CLIP ViT-B/32 + linear head,hue_rotation,8,ship,0.11880925,0,False
stl10/test/07996,7996,6,horse,CLIP ViT-B/32 + linear head,hue_rotation,6,horse,0.13814792,6,True
stl10/test/06989,6989,5,dog,CLIP ViT-B/32 + linear head,hue_rotation,5,dog,0.118037224,5,True
stl10/test/01431,1431,3,cat,CLIP ViT-B/32 + linear head,hue_rotation,3,cat,0.13273615,3,True
stl10/test/07416,7416,3,cat,CLIP ViT-B/32 + linear head,hue_rotation,3,cat,0.13455752,3,True
stl10/test/04547,4547,5,dog,CLIP ViT-B/32 + linear head,hue_rotation,5,dog,0.13974376,5,True
stl10/test/00042,42,0,airplane,CLIP ViT-B/32 + linear head,hue_rotation,0,airplane,0.14407536,0,True
stl10/test/05117,5117,0,airplane,CLIP ViT-B/32 + linear head,hue_rotation,0,airplane,0.14460647,0,True
stl10/test/04411,4411,6,horse,CLIP ViT-B/32 + linear head,hue_rotation,6,horse,0.122278206,6,True
stl10/test/05789,5789,4,deer,CLIP ViT-B/32 + linear head,hue_rotation,4,deer,0.14063141,4,True
stl10/test/00483,483,2,car,CLIP ViT-B/32 + linear head,hue_rotation,2,car,0.14083622,2,True
stl10/test/06650,6650,7,monkey,CLIP ViT-B/32 + linear head,hue_rotation,7,monkey,0.129842,7,True
stl10/test/04881,4881,3,cat,CLIP ViT-B/32 + linear head,hue_rotation,9,truck,0.105639085,3,False
stl10/test/00391,391,3,cat,CLIP ViT-B/32 + linear head,hue_rotation,3,cat,0.1343764,3,True
stl10/test/00370,370,7,monkey,CLIP ViT-B/32 + linear head,hue_rotation,7,monkey,0.13714941,7,True
stl10/test/00419,419,9,truck,CLIP ViT-B/32 + linear head,hue_rotation,9,truck,0.1382872,9,True
stl10/test/03318,3318,9,truck,CLIP ViT-B/32 + linear head,hue_rotation,9,truck,0.12531292,9,True
stl10/test/04355,4355,8,ship,CLIP ViT-B/32 + linear head,hue_rotation,8,ship,0.13173841,8,True
stl10/test/05402,5402,4,deer,CLIP ViT-B/32 + linear head,hue_rotation,4,deer,0.15495291,4,True
stl10/test/05332,5332,5,dog,CLIP ViT-B/32 + linear head,hue_rotation,5,dog,0.12250614,5,True
stl10/test/00239,239,9,truck,CLIP ViT-B/32 + linear head,hue_rotation,9,truck,0.1354458,9,True
stl10/test/06271,6271,2,car,CLIP ViT-B/32 + linear head,hue_rotation,2,car,0.14469695,2,True
stl10/test/01129,1129,8,ship,CLIP ViT-B/32 + linear head,hue_rotation,8,ship,0.12440268,8,True
stl10/test/02391,2391,5,dog,CLIP ViT-B/32 + linear head,hue_rotation,5,dog,0.13243476,5,True
stl10/test/00191,191,9,truck,CLIP ViT-B/32 + linear head,hue_rotation,2,car,0.12511954,9,False
stl10/test/05447,5447,9,truck,CLIP ViT-B/32 + linear head,hue_rotation,9,truck,0.13652161,9,True
stl10/test/06528,6528,4,deer,CLIP ViT-B/32 + linear head,hue_rotation,4,deer,0.1260338,4,True
stl10/test/00632,632,3,cat,CLIP ViT-B/32 zero-shot,hue_rotation,3,cat,0.9836126,3,True
stl10/test/00131,131,9,truck,CLIP ViT-B/32 zero-shot,hue_rotation,9,truck,0.9525826,9,True
stl10/test/07081,7081,7,monkey,CLIP ViT-B/32 zero-shot,hue_rotation,7,monkey,0.99553597,7,True
stl10/test/01836,1836,9,truck,CLIP ViT-B/32 zero-shot,hue_rotation,9,truck,0.993038,9,True
stl10/test/06437,6437,0,airplane,CLIP ViT-B/32 zero-shot,hue_rotation,0,airplane,0.9771469,0,True
stl10/test/06609,6609,0,airplane,CLIP ViT-B/32 zero-shot,hue_rotation,0,airplane,0.9715307,0,True
stl10/test/03467,3467,7,monkey,CLIP ViT-B/32 zero-shot,hue_rotation,7,monkey,0.89350134,7,True
stl10/test/01401,1401,3,cat,CLIP ViT-B/32 zero-shot,hue_rotation,3,cat,0.94621634,3,True
stl10/test/01839,1839,2,car,CLIP ViT-B/32 zero-shot,hue_rotation,2,car,0.9744659,2,True
stl10/test/04168,4168,3,cat,CLIP ViT-B/32 zero-shot,hue_rotation,3,cat,0.8399635,3,True
stl10/test/00035,35,2,car,CLIP ViT-B/32 zero-shot,hue_rotation,2,car,0.8899256,2,True
stl10/test/04177,4177,8,ship,CLIP ViT-B/32 zero-shot,hue_rotation,8,ship,0.995372,8,True
stl10/test/07270,7270,7,monkey,CLIP ViT-B/32 zero-shot,hue_rotation,7,monkey,0.991553,7,True
stl10/test/02265,2265,5,dog,CLIP ViT-B/32 zero-shot,hue_rotation,5,dog,0.7203081,5,True
stl10/test/03288,3288,7,monkey,CLIP ViT-B/32 zero-shot,hue_rotation,7,monkey,0.9966923,7,True
stl10/test/05451,5451,8,ship,CLIP ViT-B/32 zero-shot,hue_rotation,8,ship,0.9991466,8,True
stl10/test/04023,4023,3,cat,CLIP ViT-B/32 zero-shot,hue_rotation,7,monkey,0.44581896,3,False
stl10/test/00261,261,1,bird,CLIP ViT-B/32 zero-shot,hue_rotation,1,bird,0.99633384,1,True
stl10/test/04570,4570,5,dog,CLIP ViT-B/32 zero-shot,hue_rotation,5,dog,0.93832356,5,True
stl10/test/04966,4966,5,dog,CLIP ViT-B/32 zero-shot,hue_rotation,5,dog,0.83120644,5,True
stl10/test/07955,7955,1,bird,CLIP ViT-B/32 zero-shot,hue_rotation,1,bird,0.99639916,1,True
stl10/test/06288,6288,4,deer,CLIP ViT-B/32 zero-shot,hue_rotation,4,deer,0.9965551,4,True
stl10/test/07810,7810,8,ship,CLIP ViT-B/32 zero-shot,hue_rotation,8,ship,0.9985065,8,True
stl10/test/01927,1927,7,monkey,CLIP ViT-B/32 zero-shot,hue_rotation,7,monkey,0.97977793,7,True
stl10/test/01871,1871,1,bird,CLIP ViT-B/32 zero-shot,hue_rotation,1,bird,0.9958539,1,True
stl10/test/06922,6922,5,dog,CLIP ViT-B/32 zero-shot,hue_rotation,5,dog,0.9527529,5,True
stl10/test/03512,3512,4,deer,CLIP ViT-B/32 zero-shot,hue_rotation,4,deer,0.99908745,4,True
stl10/test/04754,4754,6,horse,CLIP ViT-B/32 zero-shot,hue_rotation,6,horse,0.96699774,6,True
stl10/test/00714,714,2,car,CLIP ViT-B/32 zero-shot,hue_rotation,2,car,0.9167467,2,True
stl10/test/02191,2191,8,ship,CLIP ViT-B/32 zero-shot,hue_rotation,8,ship,0.9983095,8,True
stl10/test/04615,4615,0,airplane,CLIP ViT-B/32 zero-shot,hue_rotation,0,airplane,0.9423379,0,True
stl10/test/04662,4662,8,ship,CLIP ViT-B/32 zero-shot,hue_rotation,8,ship,0.991113,8,True
stl10/test/05915,5915,9,truck,CLIP ViT-B/32 zero-shot,hue_rotation,9,truck,0.9146039,9,True
stl10/test/00766,766,4,deer,CLIP ViT-B/32 zero-shot,hue_rotation,4,deer,0.80848527,6,False
stl10/test/05218,5218,2,car,CLIP ViT-B/32 zero-shot,hue_rotation,2,car,0.97128177,2,True
stl10/test/02340,2340,8,ship,CLIP ViT-B/32 zero-shot,hue_rotation,8,ship,0.99478537,8,True
stl10/test/01954,1954,8,ship,CLIP ViT-B/32 zero-shot,hue_rotation,8,ship,0.9791911,8,True
stl10/test/07875,7875,8,ship,CLIP ViT-B/32 zero-shot,hue_rotation,8,ship,0.99601257,8,True
stl10/test/03418,3418,6,horse,CLIP ViT-B/32 zero-shot,hue_rotation,6,horse,0.9981665,6,True
stl10/test/05572,5572,9,truck,CLIP ViT-B/32 zero-shot,hue_rotation,9,truck,0.8966827,9,True
stl10/test/05977,5977,7,monkey,CLIP ViT-B/32 zero-shot,hue_rotation,7,monkey,0.9948242,7,True
stl10/test/05123,5123,1,bird,CLIP ViT-B/32 zero-shot,hue_rotation,1,bird,0.99625635,1,True
stl10/test/05851,5851,9,truck,CLIP ViT-B/32 zero-shot,hue_rotation,9,truck,0.9964065,9,True
stl10/test/04094,4094,9,truck,CLIP ViT-B/32 zero-shot,hue_rotation,9,truck,0.97252697,9,True
stl10/test/04254,4254,6,horse,CLIP ViT-B/32 zero-shot,hue_rotation,6,horse,0.99709094,6,True
stl10/test/02501,2501,7,monkey,CLIP ViT-B/32 zero-shot,hue_rotation,7,monkey,0.9907866,7,True
stl10/test/06938,6938,1,bird,CLIP ViT-B/32 zero-shot,hue_rotation,1,bird,0.99829847,1,True
stl10/test/00171,171,4,deer,CLIP ViT-B/32 zero-shot,hue_rotation,4,deer,0.9984939,4,True
stl10/test/04215,4215,3,cat,CLIP ViT-B/32 zero-shot,hue_rotation,3,cat,0.9705588,3,True
stl10/test/05705,5705,8,ship,CLIP ViT-B/32 zero-shot,hue_rotation,8,ship,0.99802494,8,True
stl10/test/03458,3458,4,deer,CLIP ViT-B/32 zero-shot,hue_rotation,4,deer,0.99810046,4,True
stl10/test/01220,1220,7,monkey,CLIP ViT-B/32 zero-shot,hue_rotation,7,monkey,0.9924143,7,True
stl10/test/00962,962,8,ship,CLIP ViT-B/32 zero-shot,hue_rotation,8,ship,0.93467814,8,True
stl10/test/02950,2950,5,dog,CLIP ViT-B/32 zero-shot,hue_rotation,5,dog,0.9432322,5,True
stl10/test/02623,2623,5,dog,CLIP ViT-B/32 zero-shot,hue_rotation,6,horse,0.45471495,5,False
stl10/test/04539,4539,0,airplane,CLIP ViT-B/32 zero-shot,hue_rotation,0,airplane,0.9614511,0,True
stl10/test/01553,1553,0,airplane,CLIP ViT-B/32 zero-shot,hue_rotation,0,airplane,0.97448766,0,True
stl10/test/04740,4740,4,deer,CLIP ViT-B/32 zero-shot,hue_rotation,4,deer,0.9980088,4,True
stl10/test/06844,6844,0,airplane,CLIP ViT-B/32 zero-shot,hue_rotation,0,airplane,0.88892853,0,True
stl10/test/02668,2668,7,monkey,CLIP ViT-B/32 zero-shot,hue_rotation,7,monkey,0.9231266,7,True
stl10/test/03153,3153,7,monkey,CLIP ViT-B/32 zero-shot,hue_rotation,7,monkey,0.97693574,7,True
stl10/test/05135,5135,4,deer,CLIP ViT-B/32 zero-shot,hue_rotation,4,deer,0.9950637,4,True
stl10/test/02291,2291,3,cat,CLIP ViT-B/32 zero-shot,hue_rotation,7,monkey,0.7304495,3,False
stl10/test/00116,116,1,bird,CLIP ViT-B/32 zero-shot,hue_rotation,1,bird,0.9967961,1,True
stl10/test/07797,7797,3,cat,CLIP ViT-B/32 zero-shot,hue_rotation,3,cat,0.93464094,3,True
stl10/test/04609,4609,3,cat,CLIP ViT-B/32 zero-shot,hue_rotation,7,monkey,0.95307916,7,True
stl10/test/00081,81,0,airplane,CLIP ViT-B/32 zero-shot,hue_rotation,0,airplane,0.8088288,0,True
stl10/test/05580,5580,6,horse,CLIP ViT-B/32 zero-shot,hue_rotation,6,horse,0.9871,6,True
stl10/test/03024,3024,2,car,CLIP ViT-B/32 zero-shot,hue_rotation,2,car,0.98444414,2,True
stl10/test/02766,2766,5,dog,CLIP ViT-B/32 zero-shot,hue_rotation,5,dog,0.9681166,5,True
stl10/test/05000,5000,8,ship,CLIP ViT-B/32 zero-shot,hue_rotation,8,ship,0.9972548,8,True
stl10/test/02610,2610,6,horse,CLIP ViT-B/32 zero-shot,hue_rotation,6,horse,0.97965944,6,True
stl10/test/02024,2024,0,airplane,CLIP ViT-B/32 zero-shot,hue_rotation,0,airplane,0.98298234,0,True
stl10/test/06097,6097,4,deer,CLIP ViT-B/32 zero-shot,hue_rotation,4,deer,0.99092287,4,True
stl10/test/00964,964,6,horse,CLIP ViT-B/32 zero-shot,hue_rotation,6,horse,0.97213835,6,True
stl10/test/07634,7634,0,airplane,CLIP ViT-B/32 zero-shot,hue_rotation,0,airplane,0.9932054,0,True
stl10/test/06434,6434,8,ship,CLIP ViT-B/32 zero-shot,hue_rotation,8,ship,0.99840313,8,True
stl10/test/05183,5183,2,car,CLIP ViT-B/32 zero-shot,hue_rotation,2,car,0.98958206,2,True
stl10/test/06986,6986,0,airplane,CLIP ViT-B/32 zero-shot,hue_rotation,0,airplane,0.97245455,0,True
stl10/test/00645,645,5,dog,CLIP ViT-B/32 zero-shot,hue_rotation,5,dog,0.92795694,5,True
stl10/test/03347,3347,0,airplane,CLIP ViT-B/32 zero-shot,hue_rotation,0,airplane,0.9765004,0,True
stl10/test/05677,5677,2,car,CLIP ViT-B/32 zero-shot,hue_rotation,2,car,0.9018133,2,True
stl10/test/03412,3412,8,ship,CLIP ViT-B/32 zero-shot,hue_rotation,8,ship,0.9993407,8,True
stl10/test/03937,3937,1,bird,CLIP ViT-B/32 zero-shot,hue_rotation,1,bird,0.99782807,1,True
stl10/test/00873,873,6,horse,CLIP ViT-B/32 zero-shot,hue_rotation,6,horse,0.9542787,6,True
stl10/test/02167,2167,9,truck,CLIP ViT-B/32 zero-shot,hue_rotation,9,truck,0.98973876,9,True
stl10/test/06490,6490,3,cat,CLIP ViT-B/32 zero-shot,hue_rotation,3,cat,0.3859231,3,True
stl10/test/00738,738,3,cat,CLIP ViT-B/32 zero-shot,hue_rotation,3,cat,0.97411,3,True
stl10/test/06616,6616,2,car,CLIP ViT-B/32 zero-shot,hue_rotation,2,car,0.9777449,2,True
stl10/test/04093,4093,6,horse,CLIP ViT-B/32 zero-shot,hue_rotation,6,horse,0.9763476,6,True
stl10/test/05788,5788,9,truck,CLIP ViT-B/32 zero-shot,hue_rotation,9,truck,0.97136587,9,True
stl10/test/07818,7818,8,ship,CLIP ViT-B/32 zero-shot,hue_rotation,8,ship,0.99059427,8,True
stl10/test/00304,304,1,bird,CLIP ViT-B/32 zero-shot,hue_rotation,1,bird,0.96388805,1,True
stl10/test/02082,2082,2,car,CLIP ViT-B/32 zero-shot,hue_rotation,2,car,0.8238646,2,True
stl10/test/02746,2746,7,monkey,CLIP ViT-B/32 zero-shot,hue_rotation,7,monkey,0.997549,7,True
stl10/test/07944,7944,4,deer,CLIP ViT-B/32 zero-shot,hue_rotation,6,horse,0.15941994,4,False
stl10/test/06689,6689,8,ship,CLIP ViT-B/32 zero-shot,hue_rotation,8,ship,0.9565697,8,True
stl10/test/02414,2414,9,truck,CLIP ViT-B/32 zero-shot,hue_rotation,9,truck,0.9496098,9,True
stl10/test/03779,3779,6,horse,CLIP ViT-B/32 zero-shot,hue_rotation,6,horse,0.9965346,6,True
stl10/test/02095,2095,1,bird,CLIP ViT-B/32 zero-shot,hue_rotation,1,bird,0.97273004,1,True
stl10/test/07262,7262,0,airplane,CLIP ViT-B/32 zero-shot,hue_rotation,0,airplane,0.97985506,0,True
stl10/test/05694,5694,8,ship,CLIP ViT-B/32 zero-shot,hue_rotation,8,ship,0.9980191,8,True
stl10/test/07413,7413,5,dog,CLIP ViT-B/32 zero-shot,hue_rotation,3,cat,0.6952868,3,True
stl10/test/06805,6805,1,bird,CLIP ViT-B/32 zero-shot,hue_rotation,1,bird,0.9942162,1,True
stl10/test/03446,3446,7,monkey,CLIP ViT-B/32 zero-shot,hue_rotation,7,monkey,0.9960615,7,True
stl10/test/02807,2807,5,dog,CLIP ViT-B/32 zero-shot,hue_rotation,7,monkey,0.8266267,4,False
stl10/test/07940,7940,4,deer,CLIP ViT-B/32 zero-shot,hue_rotation,4,deer,0.9966338,4,True
stl10/test/04172,4172,7,monkey,CLIP ViT-B/32 zero-shot,hue_rotation,1,bird,0.9760587,7,False
stl10/test/07744,7744,3,cat,CLIP ViT-B/32 zero-shot,hue_rotation,3,cat,0.9735217,3,True
stl10/test/01586,1586,2,car,CLIP ViT-B/32 zero-shot,hue_rotation,2,car,0.98951834,2,True
stl10/test/07999,7999,8,ship,CLIP ViT-B/32 zero-shot,hue_rotation,8,ship,0.9970304,8,True
stl10/test/06349,6349,1,bird,CLIP ViT-B/32 zero-shot,hue_rotation,1,bird,0.9520872,1,True
stl10/test/06594,6594,1,bird,CLIP ViT-B/32 zero-shot,hue_rotation,1,bird,0.981571,1,True
stl10/test/02109,2109,8,ship,CLIP ViT-B/32 zero-shot,hue_rotation,8,ship,0.9984566,8,True
stl10/test/03079,3079,1,bird,CLIP ViT-B/32 zero-shot,hue_rotation,1,bird,0.99629873,1,True
stl10/test/02070,2070,1,bird,CLIP ViT-B/32 zero-shot,hue_rotation,1,bird,0.90757525,1,True
stl10/test/00319,319,5,dog,CLIP ViT-B/32 zero-shot,hue_rotation,5,dog,0.9823909,5,True
stl10/test/02888,2888,0,airplane,CLIP ViT-B/32 zero-shot,hue_rotation,0,airplane,0.9565136,0,True
stl10/test/06224,6224,5,dog,CLIP ViT-B/32 zero-shot,hue_rotation,6,horse,0.48615637,5,False
stl10/test/03353,3353,5,dog,CLIP ViT-B/32 zero-shot,hue_rotation,7,monkey,0.53080106,5,False
stl10/test/06244,6244,2,car,CLIP ViT-B/32 zero-shot,hue_rotation,2,car,0.93528336,2,True
stl10/test/04704,4704,7,monkey,CLIP ViT-B/32 zero-shot,hue_rotation,7,monkey,0.90257996,7,True
stl10/test/02427,2427,5,dog,CLIP ViT-B/32 zero-shot,hue_rotation,5,dog,0.95745957,5,True
stl10/test/07995,7995,9,truck,CLIP ViT-B/32 zero-shot,hue_rotation,9,truck,0.93683994,9,True
stl10/test/01124,1124,4,deer,CLIP ViT-B/32 zero-shot,hue_rotation,4,deer,0.99946254,4,True
stl10/test/06733,6733,1,bird,CLIP ViT-B/32 zero-shot,hue_rotation,1,bird,0.99316543,1,True
stl10/test/02062,2062,9,truck,CLIP ViT-B/32 zero-shot,hue_rotation,9,truck,0.99542797,9,True
stl10/test/00805,805,9,truck,CLIP ViT-B/32 zero-shot,hue_rotation,9,truck,0.9775777,9,True
stl10/test/02028,2028,3,cat,CLIP ViT-B/32 zero-shot,hue_rotation,3,cat,0.9522754,3,True
stl10/test/02392,2392,2,car,CLIP ViT-B/32 zero-shot,hue_rotation,2,car,0.91137695,2,True
stl10/test/03292,3292,6,horse,CLIP ViT-B/32 zero-shot,hue_rotation,6,horse,0.826124,6,True
stl10/test/01440,1440,7,monkey,CLIP ViT-B/32 zero-shot,hue_rotation,7,monkey,0.99584323,7,True
stl10/test/01115,1115,1,bird,CLIP ViT-B/32 zero-shot,hue_rotation,1,bird,0.9451434,1,True
stl10/test/04242,4242,8,ship,CLIP ViT-B/32 zero-shot,hue_rotation,8,ship,0.98269063,8,True
stl10/test/02230,2230,8,ship,CLIP ViT-B/32 zero-shot,hue_rotation,8,ship,0.9917734,8,True
stl10/test/03163,3163,2,car,CLIP ViT-B/32 zero-shot,hue_rotation,2,car,0.98958695,2,True
stl10/test/00545,545,6,horse,CLIP ViT-B/32 zero-shot,hue_rotation,6,horse,0.7791986,6,True
stl10/test/03863,3863,5,dog,CLIP ViT-B/32 zero-shot,hue_rotation,5,dog,0.9657034,5,True
stl10/test/04748,4748,7,monkey,CLIP ViT-B/32 zero-shot,hue_rotation,7,monkey,0.99227166,7,True
stl10/test/02399,2399,4,deer,CLIP ViT-B/32 zero-shot,hue_rotation,6,horse,0.63290864,4,False
stl10/test/04341,4341,6,horse,CLIP ViT-B/32 zero-shot,hue_rotation,6,horse,0.98492914,6,True
stl10/test/03078,3078,4,deer,CLIP ViT-B/32 zero-shot,hue_rotation,4,deer,0.9981135,4,True
stl10/test/03763,3763,4,deer,CLIP ViT-B/32 zero-shot,hue_rotation,4,deer,0.9987086,4,True
stl10/test/02958,2958,6,horse,CLIP ViT-B/32 zero-shot,hue_rotation,6,horse,0.99058366,6,True
stl10/test/06381,6381,6,horse,CLIP ViT-B/32 zero-shot,hue_rotation,6,horse,0.99115527,6,True
stl10/test/01640,1640,8,ship,CLIP ViT-B/32 zero-shot,hue_rotation,8,ship,0.9988255,8,True
stl10/test/01783,1783,8,ship,CLIP ViT-B/32 zero-shot,hue_rotation,8,ship,0.99815816,8,True
stl10/test/03914,3914,3,cat,CLIP ViT-B/32 zero-shot,hue_rotation,3,cat,0.98843867,3,True
stl10/test/01534,1534,6,horse,CLIP ViT-B/32 zero-shot,hue_rotation,6,horse,0.85555637,6,True
stl10/test/00685,685,5,dog,CLIP ViT-B/32 zero-shot,hue_rotation,5,dog,0.94661623,5,True
stl10/test/04617,4617,0,airplane,CLIP ViT-B/32 zero-shot,hue_rotation,0,airplane,0.9744323,0,True
stl10/test/05508,5508,9,truck,CLIP ViT-B/32 zero-shot,hue_rotation,9,truck,0.9929206,9,True
stl10/test/01022,1022,9,truck,CLIP ViT-B/32 zero-shot,hue_rotation,9,truck,0.7503173,9,True
stl10/test/01230,1230,1,bird,CLIP ViT-B/32 zero-shot,hue_rotation,7,monkey,0.74932647,1,False
stl10/test/07475,7475,4,deer,CLIP ViT-B/32 zero-shot,hue_rotation,4,deer,0.99895275,4,True
stl10/test/05756,5756,2,car,CLIP ViT-B/32 zero-shot,hue_rotation,2,car,0.9860919,2,True
stl10/test/03122,3122,4,deer,CLIP ViT-B/32 zero-shot,hue_rotation,4,deer,0.57567257,4,True
stl10/test/07202,7202,1,bird,CLIP ViT-B/32 zero-shot,hue_rotation,1,bird,0.99475515,1,True
stl10/test/04723,4723,9,truck,CLIP ViT-B/32 zero-shot,hue_rotation,9,truck,0.8486161,9,True
stl10/test/01552,1552,5,dog,CLIP ViT-B/32 zero-shot,hue_rotation,4,deer,0.45922607,5,False
stl10/test/00603,603,9,truck,CLIP ViT-B/32 zero-shot,hue_rotation,9,truck,0.8570962,9,True
stl10/test/02861,2861,3,cat,CLIP ViT-B/32 zero-shot,hue_rotation,3,cat,0.9715176,3,True
stl10/test/06426,6426,2,car,CLIP ViT-B/32 zero-shot,hue_rotation,2,car,0.98597044,2,True
stl10/test/07864,7864,4,deer,CLIP ViT-B/32 zero-shot,hue_rotation,4,deer,0.99798137,4,True
stl10/test/05729,5729,6,horse,CLIP ViT-B/32 zero-shot,hue_rotation,6,horse,0.98640025,6,True
stl10/test/07474,7474,5,dog,CLIP ViT-B/32 zero-shot,hue_rotation,5,dog,0.9657362,5,True
stl10/test/04298,4298,1,bird,CLIP ViT-B/32 zero-shot,hue_rotation,1,bird,0.9988714,1,True
stl10/test/01175,1175,0,airplane,CLIP ViT-B/32 zero-shot,hue_rotation,0,airplane,0.9744561,0,True
stl10/test/03454,3454,2,car,CLIP ViT-B/32 zero-shot,hue_rotation,2,car,0.9808035,2,True
stl10/test/02754,2754,3,cat,CLIP ViT-B/32 zero-shot,hue_rotation,3,cat,0.97046113,3,True
stl10/test/00855,855,4,deer,CLIP ViT-B/32 zero-shot,hue_rotation,4,deer,0.9974356,4,True
stl10/test/02854,2854,7,monkey,CLIP ViT-B/32 zero-shot,hue_rotation,7,monkey,0.95285916,7,True
stl10/test/05092,5092,1,bird,CLIP ViT-B/32 zero-shot,hue_rotation,1,bird,0.9987658,1,True
stl10/test/05590,5590,9,truck,CLIP ViT-B/32 zero-shot,hue_rotation,9,truck,0.99470973,9,True
stl10/test/04463,4463,3,cat,CLIP ViT-B/32 zero-shot,hue_rotation,3,cat,0.9826958,3,True
stl10/test/05318,5318,2,car,CLIP ViT-B/32 zero-shot,hue_rotation,2,car,0.93276155,2,True
stl10/test/03515,3515,6,horse,CLIP ViT-B/32 zero-shot,hue_rotation,6,horse,0.99885166,6,True
stl10/test/04642,4642,4,deer,CLIP ViT-B/32 zero-shot,hue_rotation,4,deer,0.9964365,4,True
stl10/test/00852,852,9,truck,CLIP ViT-B/32 zero-shot,hue_rotation,9,truck,0.9941162,9,True
stl10/test/01247,1247,8,ship,CLIP ViT-B/32 zero-shot,hue_rotation,8,ship,0.9613926,8,True
stl10/test/07084,7084,2,car,CLIP ViT-B/32 zero-shot,hue_rotation,2,car,0.887859,2,True
stl10/test/05301,5301,9,truck,CLIP ViT-B/32 zero-shot,hue_rotation,9,truck,0.6756867,9,True
stl10/test/05082,5082,6,horse,CLIP ViT-B/32 zero-shot,hue_rotation,6,horse,0.9960224,6,True
stl10/test/05077,5077,4,deer,CLIP ViT-B/32 zero-shot,hue_rotation,4,deer,0.85412896,4,True
stl10/test/01563,1563,3,cat,CLIP ViT-B/32 zero-shot,hue_rotation,3,cat,0.64681536,7,False
stl10/test/00029,29,7,monkey,CLIP ViT-B/32 zero-shot,hue_rotation,7,monkey,0.99982685,7,True
stl10/test/03867,3867,7,monkey,CLIP ViT-B/32 zero-shot,hue_rotation,7,monkey,0.9977176,7,True
stl10/test/04620,4620,6,horse,CLIP ViT-B/32 zero-shot,hue_rotation,7,monkey,0.43179005,6,False
stl10/test/04065,4065,2,car,CLIP ViT-B/32 zero-shot,hue_rotation,2,car,0.871195,2,True
stl10/test/01095,1095,5,dog,CLIP ViT-B/32 zero-shot,hue_rotation,5,dog,0.97286326,5,True
stl10/test/04229,4229,3,cat,CLIP ViT-B/32 zero-shot,hue_rotation,3,cat,0.97175545,3,True
stl10/test/03562,3562,3,cat,CLIP ViT-B/32 zero-shot,hue_rotation,4,deer,0.37045732,4,True
stl10/test/02342,2342,8,ship,CLIP ViT-B/32 zero-shot,hue_rotation,8,ship,0.9971103,8,True
stl10/test/01667,1667,6,horse,CLIP ViT-B/32 zero-shot,hue_rotation,6,horse,0.96449727,6,True
stl10/test/07033,7033,1,bird,CLIP ViT-B/32 zero-shot,hue_rotation,1,bird,0.9317755,1,True
stl10/test/01771,1771,7,monkey,CLIP ViT-B/32 zero-shot,hue_rotation,7,monkey,0.9512986,7,True
stl10/test/03157,3157,8,ship,CLIP ViT-B/32 zero-shot,hue_rotation,8,ship,0.9954201,8,True
stl10/test/03851,3851,3,cat,CLIP ViT-B/32 zero-shot,hue_rotation,3,cat,0.96906674,3,True
stl10/test/01287,1287,7,monkey,CLIP ViT-B/32 zero-shot,hue_rotation,7,monkey,0.89990216,7,True
stl10/test/07320,7320,0,airplane,CLIP ViT-B/32 zero-shot,hue_rotation,0,airplane,0.98531544,0,True
stl10/test/07600,7600,6,horse,CLIP ViT-B/32 zero-shot,hue_rotation,6,horse,0.9897955,6,True
stl10/test/03852,3852,5,dog,CLIP ViT-B/32 zero-shot,hue_rotation,5,dog,0.95798826,5,True
stl10/test/00269,269,7,monkey,CLIP ViT-B/32 zero-shot,hue_rotation,7,monkey,0.99913687,7,True
stl10/test/01703,1703,7,monkey,CLIP ViT-B/32 zero-shot,hue_rotation,1,bird,0.97803724,7,False
stl10/test/07776,7776,5,dog,CLIP ViT-B/32 zero-shot,hue_rotation,5,dog,0.89674497,5,True
stl10/test/03891,3891,4,deer,CLIP ViT-B/32 zero-shot,hue_rotation,4,deer,0.9914555,4,True
stl10/test/07009,7009,0,airplane,CLIP ViT-B/32 zero-shot,hue_rotation,0,airplane,0.95503575,0,True
stl10/test/04893,4893,0,airplane,CLIP ViT-B/32 zero-shot,hue_rotation,0,airplane,0.9853753,0,True
stl10/test/02351,2351,9,truck,CLIP ViT-B/32 zero-shot,hue_rotation,9,truck,0.9954454,9,True
stl10/test/03550,3550,1,bird,CLIP ViT-B/32 zero-shot,hue_rotation,1,bird,0.98914087,1,True
stl10/test/05719,5719,7,monkey,CLIP ViT-B/32 zero-shot,hue_rotation,7,monkey,0.9971283,7,True
stl10/test/01884,1884,7,monkey,CLIP ViT-B/32 zero-shot,hue_rotation,7,monkey,0.9885034,7,True
stl10/test/02898,2898,4,deer,CLIP ViT-B/32 zero-shot,hue_rotation,4,deer,0.9984023,4,True
stl10/test/04640,4640,1,bird,CLIP ViT-B/32 zero-shot,hue_rotation,1,bird,0.89769673,1,True
stl10/test/07610,7610,4,deer,CLIP ViT-B/32 zero-shot,hue_rotation,4,deer,0.9861833,4,True
stl10/test/01833,1833,8,ship,CLIP ViT-B/32 zero-shot,hue_rotation,8,ship,0.99593854,8,True
stl10/test/06455,6455,0,airplane,CLIP ViT-B/32 zero-shot,hue_rotation,0,airplane,0.97926396,0,True
stl10/test/03893,3893,9,truck,CLIP ViT-B/32 zero-shot,hue_rotation,9,truck,0.7574688,9,True
stl10/test/04731,4731,6,horse,CLIP ViT-B/32 zero-shot,hue_rotation,6,horse,0.9988071,6,True
stl10/test/00929,929,6,horse,CLIP ViT-B/32 zero-shot,hue_rotation,6,horse,0.9958566,6,True
stl10/test/03962,3962,6,horse,CLIP ViT-B/32 zero-shot,hue_rotation,6,horse,0.99787605,6,True
stl10/test/03778,3778,3,cat,CLIP ViT-B/32 zero-shot,hue_rotation,3,cat,0.85187006,3,True
stl10/test/01429,1429,4,deer,CLIP ViT-B/32 zero-shot,hue_rotation,6,horse,0.5464007,4,False
stl10/test/00049,49,2,car,CLIP ViT-B/32 zero-shot,hue_rotation,2,car,0.9918251,2,True
stl10/test/00276,276,9,truck,CLIP ViT-B/32 zero-shot,hue_rotation,9,truck,0.75806564,9,True
stl10/test/06076,6076,1,bird,CLIP ViT-B/32 zero-shot,hue_rotation,1,bird,0.99910825,1,True
stl10/test/01389,1389,0,airplane,CLIP ViT-B/32 zero-shot,hue_rotation,0,airplane,0.9879875,0,True
stl10/test/03362,3362,2,car,CLIP ViT-B/32 zero-shot,hue_rotation,2,car,0.9907679,2,True
stl10/test/00317,317,2,car,CLIP ViT-B/32 zero-shot,hue_rotation,2,car,0.9676837,2,True
stl10/test/04675,4675,0,airplane,CLIP ViT-B/32 zero-shot,hue_rotation,0,airplane,0.9901315,0,True
stl10/test/05924,5924,5,dog,CLIP ViT-B/32 zero-shot,hue_rotation,7,monkey,0.7439204,6,False
stl10/test/00198,198,1,bird,CLIP ViT-B/32 zero-shot,hue_rotation,1,bird,0.99679106,1,True
stl10/test/07779,7779,6,horse,CLIP ViT-B/32 zero-shot,hue_rotation,6,horse,0.9598794,6,True
stl10/test/04054,4054,4,deer,CLIP ViT-B/32 zero-shot,hue_rotation,4,deer,0.9973896,4,True
stl10/test/05556,5556,4,deer,CLIP ViT-B/32 zero-shot,hue_rotation,4,deer,0.9923105,4,True
stl10/test/02687,2687,1,bird,CLIP ViT-B/32 zero-shot,hue_rotation,1,bird,0.9953982,1,True
stl10/test/01202,1202,2,car,CLIP ViT-B/32 zero-shot,hue_rotation,2,car,0.987609,2,True
stl10/test/00097,97,5,dog,CLIP ViT-B/32 zero-shot,hue_rotation,5,dog,0.8680503,5,True
stl10/test/06033,6033,4,deer,CLIP ViT-B/32 zero-shot,hue_rotation,4,deer,0.9938882,4,True
stl10/test/01711,1711,7,monkey,CLIP ViT-B/32 zero-shot,hue_rotation,7,monkey,0.9980258,7,True
stl10/test/01430,1430,9,truck,CLIP ViT-B/32 zero-shot,hue_rotation,9,truck,0.97341925,9,True
stl10/test/00739,739,8,ship,CLIP ViT-B/32 zero-shot,hue_rotation,8,ship,0.9847003,8,True
stl10/test/03491,3491,1,bird,CLIP ViT-B/32 zero-shot,hue_rotation,1,bird,0.99704784,1,True
stl10/test/01568,1568,1,bird,CLIP ViT-B/32 zero-shot,hue_rotation,1,bird,0.99388266,1,True
stl10/test/01211,1211,4,deer,CLIP ViT-B/32 zero-shot,hue_rotation,4,deer,0.9682692,4,True
stl10/test/04913,4913,2,car,CLIP ViT-B/32 zero-shot,hue_rotation,2,car,0.9476275,2,True
stl10/test/02502,2502,2,car,CLIP ViT-B/32 zero-shot,hue_rotation,2,car,0.97679514,2,True
stl10/test/02539,2539,3,cat,CLIP ViT-B/32 zero-shot,hue_rotation,3,cat,0.90335006,3,True
stl10/test/00979,979,3,cat,CLIP ViT-B/32 zero-shot,hue_rotation,3,cat,0.9792596,3,True
stl10/test/06354,6354,2,car,CLIP ViT-B/32 zero-shot,hue_rotation,2,car,0.9517588,2,True
stl10/test/04735,4735,2,car,CLIP ViT-B/32 zero-shot,hue_rotation,2,car,0.95497614,2,True
stl10/test/05912,5912,0,airplane,CLIP ViT-B/32 zero-shot,hue_rotation,0,airplane,0.9691393,0,True
stl10/test/03844,3844,6,horse,CLIP ViT-B/32 zero-shot,hue_rotation,6,horse,0.97899264,6,True
stl10/test/01263,1263,3,cat,CLIP ViT-B/32 zero-shot,hue_rotation,4,deer,0.9881337,4,True
stl10/test/03404,3404,7,monkey,CLIP ViT-B/32 zero-shot,hue_rotation,7,monkey,0.99459696,7,True
stl10/test/03905,3905,8,ship,CLIP ViT-B/32 zero-shot,hue_rotation,8,ship,0.9987336,8,True
stl10/test/01596,1596,0,airplane,CLIP ViT-B/32 zero-shot,hue_rotation,0,airplane,0.94492996,0,True
stl10/test/03083,3083,0,airplane,CLIP ViT-B/32 zero-shot,hue_rotation,0,airplane,0.9358797,0,True
stl10/test/02003,2003,6,horse,CLIP ViT-B/32 zero-shot,hue_rotation,6,horse,0.9548506,6,True
stl10/test/05030,5030,2,car,CLIP ViT-B/32 zero-shot,hue_rotation,2,car,0.9683858,2,True
stl10/test/00095,95,1,bird,CLIP ViT-B/32 zero-shot,hue_rotation,1,bird,0.9981901,1,True
stl10/test/02757,2757,4,deer,CLIP ViT-B/32 zero-shot,hue_rotation,4,deer,0.94693905,4,True
stl10/test/03413,3413,1,bird,CLIP ViT-B/32 zero-shot,hue_rotation,1,bird,0.9991467,1,True
stl10/test/05488,5488,1,bird,CLIP ViT-B/32 zero-shot,hue_rotation,1,bird,0.93261594,1,True
stl10/test/04827,4827,6,horse,CLIP ViT-B/32 zero-shot,hue_rotation,6,horse,0.97695106,6,True
stl10/test/01877,1877,5,dog,CLIP ViT-B/32 zero-shot,hue_rotation,4,deer,0.9734234,5,False
stl10/test/02157,2157,1,bird,CLIP ViT-B/32 zero-shot,hue_rotation,1,bird,0.9957165,1,True
stl10/test/04821,4821,3,cat,CLIP ViT-B/32 zero-shot,hue_rotation,3,cat,0.91260266,3,True
stl10/test/04953,4953,5,dog,CLIP ViT-B/32 zero-shot,hue_rotation,5,dog,0.71171623,5,True
stl10/test/05525,5525,8,ship,CLIP ViT-B/32 zero-shot,hue_rotation,8,ship,0.997424,8,True
stl10/test/05381,5381,5,dog,CLIP ViT-B/32 zero-shot,hue_rotation,5,dog,0.96294236,5,True
stl10/test/00672,672,3,cat,CLIP ViT-B/32 zero-shot,hue_rotation,3,cat,0.44163153,3,True
stl10/test/00323,323,7,monkey,CLIP ViT-B/32 zero-shot,hue_rotation,7,monkey,0.9865284,7,True
stl10/test/05436,5436,7,monkey,CLIP ViT-B/32 zero-shot,hue_rotation,7,monkey,0.97173595,7,True
stl10/test/05450,5450,7,monkey,CLIP ViT-B/32 zero-shot,hue_rotation,7,monkey,0.9817338,7,True
stl10/test/06358,6358,5,dog,CLIP ViT-B/32 zero-shot,hue_rotation,5,dog,0.82992107,5,True
stl10/test/00372,372,3,cat,CLIP ViT-B/32 zero-shot,hue_rotation,1,bird,0.45010617,3,False
stl10/test/00378,378,5,dog,CLIP ViT-B/32 zero-shot,hue_rotation,5,dog,0.9603517,5,True
stl10/test/07706,7706,5,dog,CLIP ViT-B/32 zero-shot,hue_rotation,5,dog,0.87587464,5,True
stl10/test/02178,2178,1,bird,CLIP ViT-B/32 zero-shot,hue_rotation,1,bird,0.99774134,1,True
stl10/test/05237,5237,2,car,CLIP ViT-B/32 zero-shot,hue_rotation,2,car,0.6809296,2,True
stl10/test/05478,5478,0,airplane,CLIP ViT-B/32 zero-shot,hue_rotation,0,airplane,0.6889453,0,True
stl10/test/05452,5452,9,truck,CLIP ViT-B/32 zero-shot,hue_rotation,9,truck,0.9654267,9,True
stl10/test/05623,5623,4,deer,CLIP ViT-B/32 zero-shot,hue_rotation,4,deer,0.9974396,4,True
stl10/test/06772,6772,7,monkey,CLIP ViT-B/32 zero-shot,hue_rotation,7,monkey,0.56128496,7,True
stl10/test/01111,1111,4,deer,CLIP ViT-B/32 zero-shot,hue_rotation,4,deer,0.9883172,4,True
stl10/test/05528,5528,3,cat,CLIP ViT-B/32 zero-shot,hue_rotation,3,cat,0.96701884,3,True
stl10/test/03777,3777,6,horse,CLIP ViT-B/32 zero-shot,hue_rotation,6,horse,0.9862986,6,True
stl10/test/02458,2458,5,dog,CLIP ViT-B/32 zero-shot,hue_rotation,5,dog,0.94406146,5,True
stl10/test/04921,4921,2,car,CLIP ViT-B/32 zero-shot,hue_rotation,2,car,0.96855515,2,True
stl10/test/03015,3015,8,ship,CLIP ViT-B/32 zero-shot,hue_rotation,8,ship,0.99412316,8,True
stl10/test/07476,7476,8,ship,CLIP ViT-B/32 zero-shot,hue_rotation,8,ship,0.9944003,8,True
stl10/test/01520,1520,2,car,CLIP ViT-B/32 zero-shot,hue_rotation,2,car,0.9697016,2,True
stl10/test/06713,6713,6,horse,CLIP ViT-B/32 zero-shot,hue_rotation,6,horse,0.9719721,6,True
stl10/test/01852,1852,1,bird,CLIP ViT-B/32 zero-shot,hue_rotation,1,bird,0.9971456,1,True
stl10/test/02268,2268,5,dog,CLIP ViT-B/32 zero-shot,hue_rotation,5,dog,0.9891711,5,True
stl10/test/00151,151,8,ship,CLIP ViT-B/32 zero-shot,hue_rotation,8,ship,0.9945199,8,True
stl10/test/00890,890,6,horse,CLIP ViT-B/32 zero-shot,hue_rotation,6,horse,0.9964503,6,True
stl10/test/00825,825,1,bird,CLIP ViT-B/32 zero-shot,hue_rotation,1,bird,0.9959279,1,True
stl10/test/02536,2536,3,cat,CLIP ViT-B/32 zero-shot,hue_rotation,3,cat,0.96065634,3,True
stl10/test/00470,470,2,car,CLIP ViT-B/32 zero-shot,hue_rotation,2,car,0.9909859,2,True
stl10/test/05256,5256,1,bird,CLIP ViT-B/32 zero-shot,hue_rotation,1,bird,0.99809974,1,True
stl10/test/02011,2011,9,truck,CLIP ViT-B/32 zero-shot,hue_rotation,9,truck,0.9801245,9,True
stl10/test/07150,7150,0,airplane,CLIP ViT-B/32 zero-shot,hue_rotation,0,airplane,0.9915474,0,True
stl10/test/00449,449,6,horse,CLIP ViT-B/32 zero-shot,hue_rotation,6,horse,0.9930102,6,True
stl10/test/02704,2704,4,deer,CLIP ViT-B/32 zero-shot,hue_rotation,4,deer,0.9996371,4,True
stl10/test/03437,3437,0,airplane,CLIP ViT-B/32 zero-shot,hue_rotation,0,airplane,0.7950075,0,True
stl10/test/03375,3375,3,cat,CLIP ViT-B/32 zero-shot,hue_rotation,3,cat,0.9409302,3,True
stl10/test/04552,4552,8,ship,CLIP ViT-B/32 zero-shot,hue_rotation,8,ship,0.8177725,8,True
stl10/test/00920,920,6,horse,CLIP ViT-B/32 zero-shot,hue_rotation,6,horse,0.99667764,6,True
stl10/test/02242,2242,0,airplane,CLIP ViT-B/32 zero-shot,hue_rotation,0,airplane,0.98690563,0,True
stl10/test/02745,2745,8,ship,CLIP ViT-B/32 zero-shot,hue_rotation,8,ship,0.99339116,8,True
stl10/test/01032,1032,7,monkey,CLIP ViT-B/32 zero-shot,hue_rotation,7,monkey,0.400065,7,True
stl10/test/00365,365,3,cat,CLIP ViT-B/32 zero-shot,hue_rotation,3,cat,0.9423653,3,True
stl10/test/04850,4850,5,dog,CLIP ViT-B/32 zero-shot,hue_rotation,5,dog,0.8907097,5,True
stl10/test/04819,4819,0,airplane,CLIP ViT-B/32 zero-shot,hue_rotation,0,airplane,0.968797,0,True
stl10/test/07338,7338,6,horse,CLIP ViT-B/32 zero-shot,hue_rotation,6,horse,0.87066966,6,True
stl10/test/07372,7372,0,airplane,CLIP ViT-B/32 zero-shot,hue_rotation,0,airplane,0.970243,0,True
stl10/test/01090,1090,1,bird,CLIP ViT-B/32 zero-shot,hue_rotation,1,bird,0.9946903,1,True
stl10/test/05062,5062,4,deer,CLIP ViT-B/32 zero-shot,hue_rotation,4,deer,0.9983198,4,True
stl10/test/00981,981,2,car,CLIP ViT-B/32 zero-shot,hue_rotation,2,car,0.98722655,2,True
stl10/test/05857,5857,6,horse,CLIP ViT-B/32 zero-shot,hue_rotation,6,horse,0.98305994,6,True
stl10/test/01986,1986,1,bird,CLIP ViT-B/32 zero-shot,hue_rotation,1,bird,0.9934516,1,True
stl10/test/05560,5560,1,bird,CLIP ViT-B/32 zero-shot,hue_rotation,1,bird,0.9957846,1,True
stl10/test/01814,1814,2,car,CLIP ViT-B/32 zero-shot,hue_rotation,2,car,0.96074307,2,True
stl10/test/00194,194,8,ship,CLIP ViT-B/32 zero-shot,hue_rotation,8,ship,0.99351066,8,True
stl10/test/01993,1993,1,bird,CLIP ViT-B/32 zero-shot,hue_rotation,1,bird,0.9976113,1,True
stl10/test/05333,5333,2,car,CLIP ViT-B/32 zero-shot,hue_rotation,2,car,0.9787563,2,True
stl10/test/04311,4311,8,ship,CLIP ViT-B/32 zero-shot,hue_rotation,8,ship,0.99794155,8,True
stl10/test/07425,7425,2,car,CLIP ViT-B/32 zero-shot,hue_rotation,2,car,0.987693,2,True
stl10/test/03889,3889,5,dog,CLIP ViT-B/32 zero-shot,hue_rotation,5,dog,0.9775006,5,True
stl10/test/04308,4308,7,monkey,CLIP ViT-B/32 zero-shot,hue_rotation,7,monkey,0.4195358,7,True
stl10/test/01960,1960,4,deer,CLIP ViT-B/32 zero-shot,hue_rotation,4,deer,0.97639716,4,True
stl10/test/04399,4399,0,airplane,CLIP ViT-B/32 zero-shot,hue_rotation,0,airplane,0.92850983,0,True
stl10/test/03191,3191,6,horse,CLIP ViT-B/32 zero-shot,hue_rotation,6,horse,0.68044543,6,True
stl10/test/01626,1626,5,dog,CLIP ViT-B/32 zero-shot,hue_rotation,5,dog,0.93188685,5,True
stl10/test/00176,176,3,cat,CLIP ViT-B/32 zero-shot,hue_rotation,3,cat,0.70644456,3,True
stl10/test/07726,7726,6,horse,CLIP ViT-B/32 zero-shot,hue_rotation,6,horse,0.99629563,6,True
stl10/test/02334,2334,5,dog,CLIP ViT-B/32 zero-shot,hue_rotation,5,dog,0.96375394,5,True
stl10/test/01648,1648,0,airplane,CLIP ViT-B/32 zero-shot,hue_rotation,0,airplane,0.9832133,0,True
stl10/test/06084,6084,7,monkey,CLIP ViT-B/32 zero-shot,hue_rotation,7,monkey,0.9979658,7,True
stl10/test/03455,3455,0,airplane,CLIP ViT-B/32 zero-shot,hue_rotation,0,airplane,0.9312571,0,True
stl10/test/01468,1468,9,truck,CLIP ViT-B/32 zero-shot,hue_rotation,9,truck,0.849964,9,True
stl10/test/01296,1296,7,monkey,CLIP ViT-B/32 zero-shot,hue_rotation,7,monkey,0.81915694,7,True
stl10/test/05213,5213,4,deer,CLIP ViT-B/32 zero-shot,hue_rotation,4,deer,0.9966606,4,True
stl10/test/07047,7047,9,truck,CLIP ViT-B/32 zero-shot,hue_rotation,9,truck,0.98575485,9,True
stl10/test/05360,5360,9,truck,CLIP ViT-B/32 zero-shot,hue_rotation,9,truck,0.98120594,9,True
stl10/test/05824,5824,2,car,CLIP ViT-B/32 zero-shot,hue_rotation,9,truck,0.75510955,2,False
stl10/test/07460,7460,8,ship,CLIP ViT-B/32 zero-shot,hue_rotation,8,ship,0.6004457,8,True
stl10/test/04791,4791,7,monkey,CLIP ViT-B/32 zero-shot,hue_rotation,7,monkey,0.9981679,7,True
stl10/test/06692,6692,2,car,CLIP ViT-B/32 zero-shot,hue_rotation,2,car,0.9749409,2,True
stl10/test/06931,6931,9,truck,CLIP ViT-B/32 zero-shot,hue_rotation,9,truck,0.8725932,9,True
stl10/test/00667,667,8,ship,CLIP ViT-B/32 zero-shot,hue_rotation,8,ship,0.9981034,8,True
stl10/test/07781,7781,6,horse,CLIP ViT-B/32 zero-shot,hue_rotation,6,horse,0.999204,6,True
stl10/test/07793,7793,3,cat,CLIP ViT-B/32 zero-shot,hue_rotation,5,dog,0.7400703,3,False
stl10/test/01411,1411,9,truck,CLIP ViT-B/32 zero-shot,hue_rotation,9,truck,0.95883566,9,True
stl10/test/01473,1473,7,monkey,CLIP ViT-B/32 zero-shot,hue_rotation,7,monkey,0.99832875,7,True
stl10/test/07130,7130,5,dog,CLIP ViT-B/32 zero-shot,hue_rotation,5,dog,0.98150545,5,True
stl10/test/01956,1956,7,monkey,CLIP ViT-B/32 zero-shot,hue_rotation,7,monkey,0.5586988,7,True
stl10/test/06716,6716,5,dog,CLIP ViT-B/32 zero-shot,hue_rotation,5,dog,0.76355046,5,True
stl10/test/04106,4106,5,dog,CLIP ViT-B/32 zero-shot,hue_rotation,5,dog,0.82353175,5,True
stl10/test/03494,3494,6,horse,CLIP ViT-B/32 zero-shot,hue_rotation,6,horse,0.9851767,6,True
stl10/test/00691,691,4,deer,CLIP ViT-B/32 zero-shot,hue_rotation,4,deer,0.9964604,4,True
stl10/test/05220,5220,1,bird,CLIP ViT-B/32 zero-shot,hue_rotation,5,dog,0.1897674,5,True
stl10/test/04908,4908,3,cat,CLIP ViT-B/32 zero-shot,hue_rotation,3,cat,0.9145367,3,True
stl10/test/07029,7029,1,bird,CLIP ViT-B/32 zero-shot,hue_rotation,1,bird,0.99654764,1,True
stl10/test/04130,4130,0,airplane,CLIP ViT-B/32 zero-shot,hue_rotation,0,airplane,0.9784169,0,True
stl10/test/07938,7938,9,truck,CLIP ViT-B/32 zero-shot,hue_rotation,9,truck,0.86637324,9,True
stl10/test/05101,5101,5,dog,CLIP ViT-B/32 zero-shot,hue_rotation,5,dog,0.7908314,5,True
stl10/test/01515,1515,9,truck,CLIP ViT-B/32 zero-shot,hue_rotation,9,truck,0.9836874,9,True
stl10/test/03287,3287,4,deer,CLIP ViT-B/32 zero-shot,hue_rotation,4,deer,0.99922836,4,True
stl10/test/00716,716,8,ship,CLIP ViT-B/32 zero-shot,hue_rotation,8,ship,0.96686846,8,True
stl10/test/04236,4236,7,monkey,CLIP ViT-B/32 zero-shot,hue_rotation,7,monkey,0.99055976,7,True
stl10/test/05408,5408,6,horse,CLIP ViT-B/32 zero-shot,hue_rotation,6,horse,0.9972071,6,True
stl10/test/05496,5496,5,dog,CLIP ViT-B/32 zero-shot,hue_rotation,5,dog,0.9752127,5,True
stl10/test/03365,3365,4,deer,CLIP ViT-B/32 zero-shot,hue_rotation,4,deer,0.9953702,4,True
stl10/test/04323,4323,3,cat,CLIP ViT-B/32 zero-shot,hue_rotation,3,cat,0.950252,3,True
stl10/test/05467,5467,4,deer,CLIP ViT-B/32 zero-shot,hue_rotation,4,deer,0.995834,4,True
stl10/test/01644,1644,5,dog,CLIP ViT-B/32 zero-shot,hue_rotation,5,dog,0.9766118,5,True
stl10/test/03948,3948,8,ship,CLIP ViT-B/32 zero-shot,hue_rotation,8,ship,0.9965726,8,True
stl10/test/06726,6726,7,monkey,CLIP ViT-B/32 zero-shot,hue_rotation,7,monkey,0.9859341,7,True
stl10/test/05395,5395,2,car,CLIP ViT-B/32 zero-shot,hue_rotation,2,car,0.9876216,2,True
stl10/test/01579,1579,7,monkey,CLIP ViT-B/32 zero-shot,hue_rotation,7,monkey,0.99886924,7,True
stl10/test/05918,5918,0,airplane,CLIP ViT-B/32 zero-shot,hue_rotation,0,airplane,0.9712316,0,True
stl10/test/07041,7041,5,dog,CLIP ViT-B/32 zero-shot,hue_rotation,3,cat,0.24041453,5,False
stl10/test/00506,506,4,deer,CLIP ViT-B/32 zero-shot,hue_rotation,4,deer,0.937595,4,True
stl10/test/04011,4011,6,horse,CLIP ViT-B/32 zero-shot,hue_rotation,6,horse,0.9954672,6,True
stl10/test/05981,5981,9,truck,CLIP ViT-B/32 zero-shot,hue_rotation,9,truck,0.7482189,9,True
stl10/test/00409,409,2,car,CLIP ViT-B/32 zero-shot,hue_rotation,2,car,0.9614193,2,True
stl10/test/06954,6954,1,bird,CLIP ViT-B/32 zero-shot,hue_rotation,1,bird,0.96262735,1,True
stl10/test/07555,7555,6,horse,CLIP ViT-B/32 zero-shot,hue_rotation,6,horse,0.8126677,6,True
stl10/test/03965,3965,0,airplane,CLIP ViT-B/32 zero-shot,hue_rotation,0,airplane,0.98701173,0,True
stl10/test/07266,7266,9,truck,CLIP ViT-B/32 zero-shot,hue_rotation,9,truck,0.92175984,9,True
stl10/test/04785,4785,0,airplane,CLIP ViT-B/32 zero-shot,hue_rotation,0,airplane,0.97450405,0,True
stl10/test/06028,6028,2,car,CLIP ViT-B/32 zero-shot,hue_rotation,2,car,0.9844275,2,True
stl10/test/06503,6503,2,car,CLIP ViT-B/32 zero-shot,hue_rotation,2,car,0.9216706,2,True
stl10/test/06414,6414,5,dog,CLIP ViT-B/32 zero-shot,hue_rotation,1,bird,0.48788166,5,False
stl10/test/05382,5382,6,horse,CLIP ViT-B/32 zero-shot,hue_rotation,6,horse,0.79002637,6,True
stl10/test/06836,6836,1,bird,CLIP ViT-B/32 zero-shot,hue_rotation,1,bird,0.9970693,1,True
stl10/test/06508,6508,4,deer,CLIP ViT-B/32 zero-shot,hue_rotation,4,deer,0.996049,4,True
stl10/test/03994,3994,4,deer,CLIP ViT-B/32 zero-shot,hue_rotation,4,deer,0.99922144,4,True
stl10/test/03942,3942,9,truck,CLIP ViT-B/32 zero-shot,hue_rotation,9,truck,0.9731891,9,True
stl10/test/03542,3542,7,monkey,CLIP ViT-B/32 zero-shot,hue_rotation,7,monkey,0.9987859,7,True
stl10/test/06952,6952,3,cat,CLIP ViT-B/32 zero-shot,hue_rotation,3,cat,0.9596206,3,True
stl10/test/04290,4290,5,dog,CLIP ViT-B/32 zero-shot,hue_rotation,6,horse,0.27184656,4,False
stl10/test/07446,7446,8,ship,CLIP ViT-B/32 zero-shot,hue_rotation,8,ship,0.99541664,8,True
stl10/test/06169,6169,1,bird,CLIP ViT-B/32 zero-shot,hue_rotation,1,bird,0.4753702,1,True
stl10/test/01109,1109,1,bird,CLIP ViT-B/32 zero-shot,hue_rotation,1,bird,0.9907425,1,True
stl10/test/03179,3179,4,deer,CLIP ViT-B/32 zero-shot,hue_rotation,4,deer,0.99949026,4,True
stl10/test/07835,7835,7,monkey,CLIP ViT-B/32 zero-shot,hue_rotation,7,monkey,0.9989525,7,True
stl10/test/07390,7390,1,bird,CLIP ViT-B/32 zero-shot,hue_rotation,1,bird,0.99087685,1,True
stl10/test/00568,568,5,dog,CLIP ViT-B/32 zero-shot,hue_rotation,5,dog,0.62967074,5,True
stl10/test/04629,4629,4,deer,CLIP ViT-B/32 zero-shot,hue_rotation,4,deer,0.9978077,4,True
stl10/test/07138,7138,8,ship,CLIP ViT-B/32 zero-shot,hue_rotation,8,ship,0.99825853,8,True
stl10/test/05284,5284,9,truck,CLIP ViT-B/32 zero-shot,hue_rotation,9,truck,0.8798276,9,True
stl10/test/00003,3,0,airplane,CLIP ViT-B/32 zero-shot,hue_rotation,0,airplane,0.9187589,0,True
stl10/test/02690,2690,1,bird,CLIP ViT-B/32 zero-shot,hue_rotation,1,bird,0.99457777,1,True
stl10/test/05858,5858,6,horse,CLIP ViT-B/32 zero-shot,hue_rotation,6,horse,0.99121815,6,True
stl10/test/01266,1266,4,deer,CLIP ViT-B/32 zero-shot,hue_rotation,4,deer,0.994651,4,True
stl10/test/03034,3034,4,deer,CLIP ViT-B/32 zero-shot,hue_rotation,4,deer,0.9993363,4,True
stl10/test/02655,2655,9,truck,CLIP ViT-B/32 zero-shot,hue_rotation,9,truck,0.9574715,9,True
stl10/test/06190,6190,7,monkey,CLIP ViT-B/32 zero-shot,hue_rotation,7,monkey,0.9909039,7,True
stl10/test/04170,4170,8,ship,CLIP ViT-B/32 zero-shot,hue_rotation,8,ship,0.9917625,8,True
stl10/test/07380,7380,9,truck,CLIP ViT-B/32 zero-shot,hue_rotation,9,truck,0.99193245,9,True
stl10/test/07752,7752,9,truck,CLIP ViT-B/32 zero-shot,hue_rotation,9,truck,0.9661483,9,True
stl10/test/03996,3996,9,truck,CLIP ViT-B/32 zero-shot,hue_rotation,9,truck,0.9982845,9,True
stl10/test/01204,1204,3,cat,CLIP ViT-B/32 zero-shot,hue_rotation,1,bird,0.6560211,3,False
stl10/test/01654,1654,9,truck,CLIP ViT-B/32 zero-shot,hue_rotation,9,truck,0.9794102,9,True
stl10/test/04746,4746,6,horse,CLIP ViT-B/32 zero-shot,hue_rotation,6,horse,0.99814165,6,True
stl10/test/04590,4590,3,cat,CLIP ViT-B/32 zero-shot,hue_rotation,3,cat,0.98022443,3,True
stl10/test/00562,562,0,airplane,CLIP ViT-B/32 zero-shot,hue_rotation,8,ship,0.48638853,0,False
stl10/test/07108,7108,6,horse,CLIP ViT-B/32 zero-shot,hue_rotation,6,horse,0.99040514,6,True
stl10/test/05999,5999,0,airplane,CLIP ViT-B/32 zero-shot,hue_rotation,0,airplane,0.96860313,0,True
stl10/test/01403,1403,2,car,CLIP ViT-B/32 zero-shot,hue_rotation,2,car,0.98994935,2,True
stl10/test/04403,4403,7,monkey,CLIP ViT-B/32 zero-shot,hue_rotation,7,monkey,0.99825126,7,True
stl10/test/06332,6332,2,car,CLIP ViT-B/32 zero-shot,hue_rotation,2,car,0.95493776,2,True
stl10/test/06264,6264,2,car,CLIP ViT-B/32 zero-shot,hue_rotation,2,car,0.9846935,2,True
stl10/test/00303,303,9,truck,CLIP ViT-B/32 zero-shot,hue_rotation,9,truck,0.98709714,9,True
stl10/test/00791,791,3,cat,CLIP ViT-B/32 zero-shot,hue_rotation,3,cat,0.9846602,3,True
stl10/test/03067,3067,2,car,CLIP ViT-B/32 zero-shot,hue_rotation,2,car,0.91395193,2,True
stl10/test/00484,484,0,airplane,CLIP ViT-B/32 zero-shot,hue_rotation,0,airplane,0.9813669,0,True
stl10/test/01370,1370,3,cat,CLIP ViT-B/32 zero-shot,hue_rotation,3,cat,0.9618162,3,True
stl10/test/04069,4069,8,ship,CLIP ViT-B/32 zero-shot,hue_rotation,8,ship,0.8396442,8,True
stl10/test/07373,7373,0,airplane,CLIP ViT-B/32 zero-shot,hue_rotation,0,airplane,0.9890442,0,True
stl10/test/04330,4330,3,cat,CLIP ViT-B/32 zero-shot,hue_rotation,4,deer,0.272565,5,False
stl10/test/05701,5701,5,dog,CLIP ViT-B/32 zero-shot,hue_rotation,5,dog,0.9756048,5,True
stl10/test/07465,7465,0,airplane,CLIP ViT-B/32 zero-shot,hue_rotation,0,airplane,0.9801758,0,True
stl10/test/01531,1531,3,cat,CLIP ViT-B/32 zero-shot,hue_rotation,5,dog,0.36102185,4,False
stl10/test/04676,4676,8,ship,CLIP ViT-B/32 zero-shot,hue_rotation,8,ship,0.996788,8,True
stl10/test/04531,4531,3,cat,CLIP ViT-B/32 zero-shot,hue_rotation,4,deer,0.6917017,3,False
stl10/test/00706,706,8,ship,CLIP ViT-B/32 zero-shot,hue_rotation,8,ship,0.99927574,8,True
stl10/test/02844,2844,8,ship,CLIP ViT-B/32 zero-shot,hue_rotation,8,ship,0.9954594,8,True
stl10/test/03755,3755,2,car,CLIP ViT-B/32 zero-shot,hue_rotation,2,car,0.981926,2,True
stl10/test/05848,5848,7,monkey,CLIP ViT-B/32 zero-shot,hue_rotation,7,monkey,0.99648345,7,True
stl10/test/02114,2114,9,truck,CLIP ViT-B/32 zero-shot,hue_rotation,9,truck,0.85410506,9,True
stl10/test/03876,3876,0,airplane,CLIP ViT-B/32 zero-shot,hue_rotation,0,airplane,0.69526225,0,True
stl10/test/00677,677,3,cat,CLIP ViT-B/32 zero-shot,hue_rotation,3,cat,0.97643137,3,True
stl10/test/02116,2116,1,bird,CLIP ViT-B/32 zero-shot,hue_rotation,1,bird,0.8687484,1,True
stl10/test/04661,4661,7,monkey,CLIP ViT-B/32 zero-shot,hue_rotation,7,monkey,0.9942661,7,True
stl10/test/02676,2676,6,horse,CLIP ViT-B/32 zero-shot,hue_rotation,6,horse,0.589441,6,True
stl10/test/03025,3025,0,airplane,CLIP ViT-B/32 zero-shot,hue_rotation,0,airplane,0.7937214,0,True
stl10/test/04449,4449,9,truck,CLIP ViT-B/32 zero-shot,hue_rotation,9,truck,0.7717627,9,True
stl10/test/00977,977,6,horse,CLIP ViT-B/32 zero-shot,hue_rotation,6,horse,0.9975393,6,True
stl10/test/04990,4990,8,ship,CLIP ViT-B/32 zero-shot,hue_rotation,8,ship,0.957623,8,True
stl10/test/07309,7309,0,airplane,CLIP ViT-B/32 zero-shot,hue_rotation,0,airplane,0.96629626,0,True
stl10/test/01048,1048,7,monkey,CLIP ViT-B/32 zero-shot,hue_rotation,7,monkey,0.99842656,7,True
stl10/test/03276,3276,3,cat,CLIP ViT-B/32 zero-shot,hue_rotation,6,horse,0.69411004,7,False
stl10/test/05512,5512,2,car,CLIP ViT-B/32 zero-shot,hue_rotation,9,truck,0.6530001,9,True
stl10/test/07692,7692,4,deer,CLIP ViT-B/32 zero-shot,hue_rotation,4,deer,0.9542693,4,True
stl10/test/01436,1436,1,bird,CLIP ViT-B/32 zero-shot,hue_rotation,1,bird,0.9979001,1,True
stl10/test/07544,7544,9,truck,CLIP ViT-B/32 zero-shot,hue_rotation,9,truck,0.82778084,9,True
stl10/test/03383,3383,3,cat,CLIP ViT-B/32 zero-shot,hue_rotation,3,cat,0.85579395,3,True
stl10/test/01977,1977,0,airplane,CLIP ViT-B/32 zero-shot,hue_rotation,0,airplane,0.83798176,0,True
stl10/test/02750,2750,0,airplane,CLIP ViT-B/32 zero-shot,hue_rotation,8,ship,0.92204756,0,False
stl10/test/07996,7996,6,horse,CLIP ViT-B/32 zero-shot,hue_rotation,6,horse,0.98527616,6,True
stl10/test/06989,6989,5,dog,CLIP ViT-B/32 zero-shot,hue_rotation,5,dog,0.610928,5,True
stl10/test/01431,1431,3,cat,CLIP ViT-B/32 zero-shot,hue_rotation,3,cat,0.9438378,3,True
stl10/test/07416,7416,3,cat,CLIP ViT-B/32 zero-shot,hue_rotation,3,cat,0.9573628,3,True
stl10/test/04547,4547,5,dog,CLIP ViT-B/32 zero-shot,hue_rotation,5,dog,0.98444885,5,True
stl10/test/00042,42,0,airplane,CLIP ViT-B/32 zero-shot,hue_rotation,0,airplane,0.92746997,0,True
stl10/test/05117,5117,0,airplane,CLIP ViT-B/32 zero-shot,hue_rotation,0,airplane,0.9535129,0,True
stl10/test/04411,4411,6,horse,CLIP ViT-B/32 zero-shot,hue_rotation,6,horse,0.9376864,6,True
stl10/test/05789,5789,4,deer,CLIP ViT-B/32 zero-shot,hue_rotation,4,deer,0.99863905,4,True
stl10/test/00483,483,2,car,CLIP ViT-B/32 zero-shot,hue_rotation,2,car,0.99055827,2,True
stl10/test/06650,6650,7,monkey,CLIP ViT-B/32 zero-shot,hue_rotation,7,monkey,0.92559403,7,True
stl10/test/04881,4881,3,cat,CLIP ViT-B/32 zero-shot,hue_rotation,8,ship,0.32281563,7,False
stl10/test/00391,391,3,cat,CLIP ViT-B/32 zero-shot,hue_rotation,3,cat,0.9569594,4,False
stl10/test/00370,370,7,monkey,CLIP ViT-B/32 zero-shot,hue_rotation,7,monkey,0.99538285,7,True
stl10/test/00419,419,9,truck,CLIP ViT-B/32 zero-shot,hue_rotation,9,truck,0.9807869,9,True
stl10/test/03318,3318,9,truck,CLIP ViT-B/32 zero-shot,hue_rotation,9,truck,0.90711766,9,True
stl10/test/04355,4355,8,ship,CLIP ViT-B/32 zero-shot,hue_rotation,8,ship,0.9641458,8,True
stl10/test/05402,5402,4,deer,CLIP ViT-B/32 zero-shot,hue_rotation,4,deer,0.9978988,4,True
stl10/test/05332,5332,5,dog,CLIP ViT-B/32 zero-shot,hue_rotation,5,dog,0.5899546,5,True
stl10/test/00239,239,9,truck,CLIP ViT-B/32 zero-shot,hue_rotation,9,truck,0.9810033,9,True
stl10/test/06271,6271,2,car,CLIP ViT-B/32 zero-shot,hue_rotation,2,car,0.97261804,2,True
stl10/test/01129,1129,8,ship,CLIP ViT-B/32 zero-shot,hue_rotation,8,ship,0.98858625,8,True
stl10/test/02391,2391,5,dog,CLIP ViT-B/32 zero-shot,hue_rotation,5,dog,0.9104796,5,True
stl10/test/00191,191,9,truck,CLIP ViT-B/32 zero-shot,hue_rotation,2,car,0.69842196,9,False
stl10/test/05447,5447,9,truck,CLIP ViT-B/32 zero-shot,hue_rotation,9,truck,0.98720455,9,True
stl10/test/06528,6528,4,deer,CLIP ViT-B/32 zero-shot,hue_rotation,4,deer,0.9944482,4,True
